"dv","weather_spec","form","heat","fit","lo","hi"
"densidade_ponderada","WBGT","linear",15.31,3.19075544865058,2.67673254895064,3.70477834835051
"densidade_ponderada","WBGT","linear",15.5815254237288,3.19959177238703,2.69553921155715,3.70364433321691
"densidade_ponderada","WBGT","linear",15.8530508474576,3.20842809612348,2.71421885493284,3.70263733731411
"densidade_ponderada","WBGT","linear",16.1245762711864,3.21726441985993,2.73276373728753,3.70176510243232
"densidade_ponderada","WBGT","linear",16.3961016949153,3.22610074359638,2.75116559425087,3.70103589294188
"densidade_ponderada","WBGT","linear",16.6676271186441,3.23493706733283,2.76941560908371,3.70045852558195
"densidade_ponderada","WBGT","linear",16.9391525423729,3.24377339106928,2.78750438331972,3.70004239881884
"densidade_ponderada","WBGT","linear",17.2106779661017,3.25260971480573,2.80542190849726,3.69979752111419
"densidade_ponderada","WBGT","linear",17.4822033898305,3.26144603854218,2.82315753980531,3.69973453727904
"densidade_ponderada","WBGT","linear",17.7537288135593,3.27028236227863,2.84069997265484,3.69986475190241
"densidade_ponderada","WBGT","linear",18.0252542372881,3.27911868601508,2.858037223397,3.70020014863316
"densidade_ponderada","WBGT","linear",18.2967796610169,3.28795500975153,2.87515661563873,3.70075340386433
"densidade_ponderada","WBGT","linear",18.5683050847458,3.29679133348798,2.89204477384915,3.7015378931268
"densidade_ponderada","WBGT","linear",18.8398305084746,3.30562765722443,2.90868762619625,3.7025676882526
"densidade_ponderada","WBGT","linear",19.1113559322034,3.31446398096088,2.92507041878802,3.70385754313373
"densidade_ponderada","WBGT","linear",19.3828813559322,3.32330030469733,2.94117774369561,3.70542286569904
"densidade_ponderada","WBGT","linear",19.654406779661,3.33213662843378,2.95699358328009,3.70727967358746
"densidade_ponderada","WBGT","linear",19.9259322033898,3.34097295217023,2.97250137339693,3.70944453094352
"densidade_ponderada","WBGT","linear",20.1974576271186,3.34980927590668,2.98768408797298,3.71193446384038
"densidade_ponderada","WBGT","linear",20.4689830508475,3.35864559964313,3.00252434719647,3.71476685208979
"densidade_ponderada","WBGT","linear",20.7405084745763,3.36748192337958,3.01700455108834,3.71795929567081
"densidade_ponderada","WBGT","linear",21.0120338983051,3.37631824711603,3.03110703949381,3.72152945473824
"densidade_ponderada","WBGT","linear",21.2835593220339,3.38515457085248,3.04481427852194,3.72549486318302
"densidade_ponderada","WBGT","linear",21.5550847457627,3.39399089458893,3.05810907216455,3.7298727170133
"densidade_ponderada","WBGT","linear",21.8266101694915,3.40282721832538,3.0709747962724,3.73467964037835
"densidade_ponderada","WBGT","linear",22.0981355932203,3.41166354206183,3.08339565032466,3.73993143379899
"densidade_ponderada","WBGT","linear",22.3696610169492,3.42049986579828,3.09535692061181,3.74564281098474
"densidade_ponderada","WBGT","linear",22.641186440678,3.42933618953473,3.10684524671722,3.75182713235224
"densidade_ponderada","WBGT","linear",22.9127118644068,3.43817251327118,3.11784888172028,3.75849614482207
"densidade_ponderada","WBGT","linear",23.1842372881356,3.44700883700763,3.12835793555526,3.76565973846
"densidade_ponderada","WBGT","linear",23.4557627118644,3.45584516074408,3.138364590632,3.77332573085616
"densidade_ponderada","WBGT","linear",23.7272881355932,3.46468148448053,3.14786327929527,3.78149968966578
"densidade_ponderada","WBGT","linear",23.998813559322,3.47351780821698,3.15685081402474,3.79018480240922
"densidade_ponderada","WBGT","linear",24.2703389830508,3.48235413195343,3.16532646341246,3.79938180049439
"densidade_ponderada","WBGT","linear",24.5418644067797,3.49119045568988,3.17329196974488,3.80908894163488
"densidade_ponderada","WBGT","linear",24.8133898305085,3.50002677942633,3.18075150721197,3.81930205164069
"densidade_ponderada","WBGT","linear",25.0849152542373,3.50886310316278,3.18771158305924,3.83001462326632
"densidade_ponderada","WBGT","linear",25.3564406779661,3.51769942689923,3.19418088706278,3.84121796673567
"densidade_ponderada","WBGT","linear",25.6279661016949,3.52653575063568,3.20017009725465,3.8529014040167
"densidade_ponderada","WBGT","linear",25.8994915254237,3.53537207437213,3.20569165164191,3.86505249710234
"densidade_ponderada","WBGT","linear",26.1710169491525,3.54420839810858,3.21075949663768,3.87765729957948
"densidade_ponderada","WBGT","linear",26.4425423728814,3.55304472184503,3.21538882305373,3.89070062063632
"densidade_ponderada","WBGT","linear",26.7140677966102,3.56188104558148,3.21959579988603,3.90416629127693
"densidade_ponderada","WBGT","linear",26.985593220339,3.57071736931793,3.22339731491729,3.91803742371856
"densidade_ponderada","WBGT","linear",27.2571186440678,3.57955369305438,3.22681072956289,3.93229665654586
"densidade_ponderada","WBGT","linear",27.5286440677966,3.58839001679083,3.22985365359669,3.94692637998497
"densidade_ponderada","WBGT","linear",27.8001694915254,3.59722634052728,3.23254374359121,3.96190893746335
"densidade_ponderada","WBGT","linear",28.0716949152542,3.60606266426373,3.23489852723077,3.97722680129668
"densidade_ponderada","WBGT","linear",28.343220338983,3.61489898800018,3.23693525420204,3.99286272179832
"densidade_ponderada","WBGT","linear",28.6147457627119,3.62373531173663,3.2386707731854,4.00879985028786
"densidade_ponderada","WBGT","linear",28.8862711864407,3.63257163547308,3.24012143357665,4.0250218373695
"densidade_ponderada","WBGT","linear",29.1577966101695,3.64140795920953,3.2413030099484,4.04151290847065
"densidade_ponderada","WBGT","linear",29.4293220338983,3.65024428294598,3.24223064688246,4.0582579190095
"densidade_ponderada","WBGT","linear",29.7008474576271,3.65908060668243,3.24291882162746,4.07524239173739
"densidade_ponderada","WBGT","linear",29.9723728813559,3.66791693041888,3.24338132201562,4.09245253882213
"densidade_ponderada","WBGT","linear",30.2438983050847,3.67675325415533,3.24363123716665,4.10987527114401
"densidade_ponderada","WBGT","linear",30.5154237288136,3.68558957789178,3.2436809586794,4.12749819710415
"densidade_ponderada","WBGT","linear",30.7869491525424,3.69442590162823,3.24354219023041,4.14530961302604
"densidade_ponderada","WBGT","linear",31.0584745762712,3.70326222536468,3.24322596374026,4.1632984869891
"densidade_ponderada","WBGT","linear",31.33,3.71209854910113,3.24274266051475,4.18145443768751
"densidade_ponderada","WBGT","ns2",15.31,3.14330750034765,2.26306406530429,4.02355093539101
"densidade_ponderada","WBGT","ns2",15.5815254237288,3.15461601436587,2.31032991426043,3.9989021144713
"densidade_ponderada","WBGT","ns2",15.8530508474576,3.16591935817198,2.3572116114766,3.97462710486736
"densidade_ponderada","WBGT","ns2",16.1245762711864,3.17721236155388,2.40360217282391,3.95082255028384
"densidade_ponderada","WBGT","ns2",16.3961016949153,3.18848985429946,2.44939162131397,3.92758808728495
"densidade_ponderada","WBGT","ns2",16.6676271186441,3.19974666619662,2.49446682198189,3.90502651041135
"densidade_ponderada","WBGT","ns2",16.9391525423729,3.21097762703325,2.53871138519058,3.88324386887592
"densidade_ponderada","WBGT","ns2",17.2106779661017,3.22217756659725,2.58200568498319,3.8623494482113
"densidade_ponderada","WBGT","ns2",17.4822033898305,3.2333413146765,2.6242270571669,3.8424555721861
"densidade_ponderada","WBGT","ns2",17.7537288135593,3.24446370105891,2.66525026381775,3.82367713830007
"densidade_ponderada","WBGT","ns2",18.0252542372881,3.25553955553237,2.70494833568598,3.80613077537876
"densidade_ponderada","WBGT","ns2",18.2967796610169,3.26656370788477,2.74319392838337,3.78993348738616
"densidade_ponderada","WBGT","ns2",18.5683050847458,3.277530987904,2.77986134594078,3.77520062986723
"densidade_ponderada","WBGT","ns2",18.8398305084746,3.28843622537797,2.81482938579432,3.76204306496162
"densidade_ponderada","WBGT","ns2",19.1113559322034,3.29927425009456,2.84798512741591,3.75056337277321
"densidade_ponderada","WBGT","ns2",19.3828813559322,3.31003989184167,2.87922870483353,3.74085107884981
"densidade_ponderada","WBGT","ns2",19.654406779661,3.32072798040719,2.90847895623553,3.73297700457886
"densidade_ponderada","WBGT","ns2",19.9259322033898,3.33133334557902,2.93567962996981,3.72698706118824
"densidade_ponderada","WBGT","ns2",20.1974576271186,3.34185081714506,2.96080557024661,3.7228960640435
"densidade_ponderada","WBGT","ns2",20.4689830508475,3.35227522489319,2.98386806818707,3.7206823815993
"densidade_ponderada","WBGT","ns2",20.7405084745763,3.3626013986113,3.00491843474854,3.72028436247407
"densidade_ponderada","WBGT","ns2",21.0120338983051,3.37282416808731,3.0240489213557,3.72159941481892
"densidade_ponderada","WBGT","ns2",21.2835593220339,3.38293836310909,3.0413904224734,3.72448630374478
"densidade_ponderada","WBGT","ns2",21.5550847457627,3.39293881346454,3.05710689221012,3.72877073471896
"densidade_ponderada","WBGT","ns2",21.8266101694915,3.40282034894157,3.07138695502286,3.73425374286027
"densidade_ponderada","WBGT","ns2",22.0981355932203,3.41257779932805,3.08443361499711,3.74072198365899
"densidade_ponderada","WBGT","ns2",22.3696610169492,3.42220599441189,3.09645314231932,3.74795884650445
"densidade_ponderada","WBGT","ns2",22.641186440678,3.43169976398098,3.10764411535316,3.7557554126088
"densidade_ponderada","WBGT","ns2",22.9127118644068,3.44105393782321,3.11818729748001,3.76392057816641
"densidade_ponderada","WBGT","ns2",23.1842372881356,3.45026334572648,3.12823665359335,3.7722900378596
"densidade_ponderada","WBGT","ns2",23.4557627118644,3.45932281747868,3.13791147604231,3.78073415891505
"densidade_ponderada","WBGT","ns2",23.7272881355932,3.46822718286771,3.14728936486051,3.78916500087491
"densidade_ponderada","WBGT","ns2",23.998813559322,3.47697127168146,3.15639971891633,3.79754282444659
"densidade_ponderada","WBGT","ns2",24.2703389830508,3.48554991370782,3.16521744389848,3.80588238351717
"densidade_ponderada","WBGT","ns2",24.5418644067797,3.49395796256997,3.17365674234947,3.81425918279048
"densidade_ponderada","WBGT","ns2",24.8133898305085,3.50219390694304,3.18156334987537,3.82282446401071
"densidade_ponderada","WBGT","ns2",25.0849152542373,3.51026374032629,3.1887197349039,3.83180774574868
"densidade_ponderada","WBGT","ns2",25.3564406779661,3.51817438401096,3.19486738668467,3.84148138133726
"densidade_ponderada","WBGT","ns2",25.6279661016949,3.52593275928831,3.19972237319181,3.85214314538481
"densidade_ponderada","WBGT","ns2",25.8994915254237,3.53354578744957,3.20299228415998,3.86409929073915
"densidade_ponderada","WBGT","ns2",26.1710169491525,3.54102038978598,3.20439504789984,3.87764573167212
"densidade_ponderada","WBGT","ns2",26.4425423728814,3.54836348758878,3.20367798354057,3.89304899163699
"densidade_ponderada","WBGT","ns2",26.7140677966102,3.55558200214922,3.20063474397238,3.91052926032607
"densidade_ponderada","WBGT","ns2",26.985593220339,3.56268285475855,3.19511772744455,3.93024798207254
"densidade_ponderada","WBGT","ns2",27.2571186440678,3.56967296670799,3.18704425602208,3.95230167739391
"densidade_ponderada","WBGT","ns2",27.5286440677966,3.57655925928881,3.17639612495323,3.97672239362438
"densidade_ponderada","WBGT","ns2",27.8001694915254,3.58334865379222,3.16321350563714,4.00348380194731
"densidade_ponderada","WBGT","ns2",28.0716949152542,3.59004807150949,3.14758511841689,4.0325110246021
"densidade_ponderada","WBGT","ns2",28.343220338983,3.59666443373185,3.12963683855882,4.06369202890488
"densidade_ponderada","WBGT","ns2",28.6147457627119,3.60320466175055,3.10952055815314,4.09688876534795
"densidade_ponderada","WBGT","ns2",28.8862711864407,3.60967567685682,3.08740448946578,4.13194686424786
"densidade_ponderada","WBGT","ns2",29.1577966101695,3.61608440034191,3.06346544782237,4.16870335286144
"densidade_ponderada","WBGT","ns2",29.4293220338983,3.62243775349706,3.03788316292294,4.20699234407118
"densidade_ponderada","WBGT","ns2",29.7008474576271,3.62874265761351,3.01083638011134,4.24664893511568
"densidade_ponderada","WBGT","ns2",29.9723728813559,3.63500603398251,2.98250039427505,4.28751167368997
"densidade_ponderada","WBGT","ns2",30.2438983050847,3.6412348038953,2.95304564984705,4.32942395794355
"densidade_ponderada","WBGT","ns2",30.5154237288136,3.64743588864312,2.92263708746805,4.37223468981819
"densidade_ponderada","WBGT","ns2",30.7869491525424,3.65361620951721,2.89143398452027,4.41579843451416
"densidade_ponderada","WBGT","ns2",31.0584745762712,3.65978268780882,2.85959010237882,4.45997527323882
"densidade_ponderada","WBGT","ns2",31.33,3.66594224480919,2.82725400874054,4.50463048087784
"clustering_rede_ponderado","WBGT","linear",15.31,0.150156566513154,0.130500591547528,0.169812541478779
"clustering_rede_ponderado","WBGT","linear",15.5815254237288,0.151074462594205,0.131794284143657,0.170354641044752
"clustering_rede_ponderado","WBGT","linear",15.8530508474576,0.151992358675256,0.133082856257456,0.170901861093056
"clustering_rede_ponderado","WBGT","linear",16.1245762711864,0.152910254756307,0.134366000830607,0.171454508682007
"clustering_rede_ponderado","WBGT","linear",16.3961016949153,0.153828150837358,0.135643390816917,0.1720129108578
"clustering_rede_ponderado","WBGT","linear",16.6676271186441,0.154746046918409,0.136914678162493,0.172577415674325
"clustering_rede_ponderado","WBGT","linear",16.9391525423729,0.15566394299946,0.13817949282835,0.173148393170571
"clustering_rede_ponderado","WBGT","linear",17.2106779661017,0.156581839080512,0.139437441884027,0.173726236276996
"clustering_rede_ponderado","WBGT","linear",17.4822033898305,0.157499735161563,0.140688108707117,0.174311361616008
"clustering_rede_ponderado","WBGT","linear",17.7537288135593,0.158417631242614,0.141931052330511,0.174904210154716
"clustering_rede_ponderado","WBGT","linear",18.0252542372881,0.159335527323665,0.143165806986741,0.175505247660589
"clustering_rede_ponderado","WBGT","linear",18.2967796610169,0.160253423404716,0.144391881906744,0.176114964902688
"clustering_rede_ponderado","WBGT","linear",18.5683050847458,0.161171319485767,0.145608761438402,0.176733877533132
"clustering_rede_ponderado","WBGT","linear",18.8398305084746,0.162089215566818,0.146815905557802,0.177362525575835
"clustering_rede_ponderado","WBGT","linear",19.1113559322034,0.163007111647869,0.148012750852769,0.178001472442969
"clustering_rede_ponderado","WBGT","linear",19.3828813559322,0.163925007728921,0.14919871206287,0.178651303394971
"clustering_rede_ponderado","WBGT","linear",19.654406779661,0.164842903809972,0.150373184261811,0.179312623358132
"clustering_rede_ponderado","WBGT","linear",19.9259322033898,0.165760799891023,0.151535545765733,0.179986054016313
"clustering_rede_ponderado","WBGT","linear",20.1974576271186,0.166678695972074,0.152685161842915,0.180672230101233
"clustering_rede_ponderado","WBGT","linear",20.4689830508475,0.167596592053125,0.153821389285579,0.181371794820671
"clustering_rede_ponderado","WBGT","linear",20.7405084745763,0.168514488134176,0.154943581881525,0.182085394386827
"clustering_rede_ponderado","WBGT","linear",21.0120338983051,0.169432384215227,0.156051096791453,0.182813671639002
"clustering_rede_ponderado","WBGT","linear",21.2835593220339,0.170350280296278,0.157143301796815,0.183557258795742
"clustering_rede_ponderado","WBGT","linear",21.5550847457627,0.17126817637733,0.158219583333592,0.184316769421068
"clustering_rede_ponderado","WBGT","linear",21.8266101694915,0.172186072458381,0.159279355171437,0.185092789745324
"clustering_rede_ponderado","WBGT","linear",22.0981355932203,0.173103968539432,0.160322067538514,0.18588586954035
"clustering_rede_ponderado","WBGT","linear",22.3696610169492,0.174021864620483,0.161347216434532,0.186696512806434
"clustering_rede_ponderado","WBGT","linear",22.641186440678,0.174939760701534,0.162354352823909,0.18752516857916
"clustering_rede_ponderado","WBGT","linear",22.9127118644068,0.175857656782585,0.163343091363725,0.188372222201446
"clustering_rede_ponderado","WBGT","linear",23.1842372881356,0.176775552863636,0.164313118303412,0.189237987423861
"clustering_rede_ponderado","WBGT","linear",23.4557627118644,0.177693448944688,0.165264198199731,0.190122699689644
"clustering_rede_ponderado","WBGT","linear",23.7272881355932,0.178611345025739,0.166196179124216,0.191026510927261
"clustering_rede_ponderado","WBGT","linear",23.998813559322,0.17952924110679,0.167108996100679,0.191949486112901
"clustering_rede_ponderado","WBGT","linear",24.2703389830508,0.180447137187841,0.168002672593913,0.192891601781768
"clustering_rede_ponderado","WBGT","linear",24.5418644067797,0.181365033268892,0.168877319970798,0.193852746566986
"clustering_rede_ponderado","WBGT","linear",24.8133898305085,0.182282929349943,0.169733134962406,0.194832723737481
"clustering_rede_ponderado","WBGT","linear",25.0849152542373,0.183200825430994,0.1705703952605,0.195831255601488
"clustering_rede_ponderado","WBGT","linear",25.3564406779661,0.184118721512045,0.171389453474088,0.196847989550003
"clustering_rede_ponderado","WBGT","linear",25.6279661016949,0.185036617593097,0.172190729743641,0.197882505442553
"clustering_rede_ponderado","WBGT","linear",25.8994915254237,0.185954513674148,0.172974703357058,0.198934323991237
"clustering_rede_ponderado","WBGT","linear",26.1710169491525,0.186872409755199,0.173741903730577,0.200002915779821
"clustering_rede_ponderado","WBGT","linear",26.4425423728814,0.18779030583625,0.174492901111047,0.201087710561453
"clustering_rede_ponderado","WBGT","linear",26.7140677966102,0.188708201917301,0.175228297327237,0.202188106507365
"clustering_rede_ponderado","WBGT","linear",26.985593220339,0.189626097998352,0.175948716872683,0.203303479124021
"clustering_rede_ponderado","WBGT","linear",27.2571186440678,0.190543994079403,0.176654798547459,0.204433189611347
"clustering_rede_ponderado","WBGT","linear",27.5286440677966,0.191461890160455,0.177347187827053,0.205576592493856
"clustering_rede_ponderado","WBGT","linear",27.8001694915254,0.192379786241506,0.178026530068613,0.206733042414398
"clustering_rede_ponderado","WBGT","linear",28.0716949152542,0.193297682322557,0.178693464612011,0.207901900033102
"clustering_rede_ponderado","WBGT","linear",28.343220338983,0.194215578403608,0.179348619788023,0.209082537019193
"clustering_rede_ponderado","WBGT","linear",28.6147457627119,0.195133474484659,0.17999260880973,0.210274340159588
"clustering_rede_ponderado","WBGT","linear",28.8862711864407,0.19605137056571,0.180626026496188,0.211476714635232
"clustering_rede_ponderado","WBGT","linear",29.1577966101695,0.196969266646761,0.181249446758855,0.212689086534668
"clustering_rede_ponderado","WBGT","linear",29.4293220338983,0.197887162727812,0.181863420770283,0.213910904685342
"clustering_rede_ponderado","WBGT","linear",29.7008474576271,0.198805058808864,0.182468475729683,0.215141641888044
"clustering_rede_ponderado","WBGT","linear",29.9723728813559,0.199722954889915,0.183065114139907,0.216380795639922
"clustering_rede_ponderado","WBGT","linear",30.2438983050847,0.200640850970966,0.183653813513821,0.217627888428111
"clustering_rede_ponderado","WBGT","linear",30.5154237288136,0.201558747052017,0.184235026433845,0.218882467670189
"clustering_rede_ponderado","WBGT","linear",30.7869491525424,0.202476643133068,0.184809180895647,0.220144105370489
"clustering_rede_ponderado","WBGT","linear",31.0584745762712,0.203394539214119,0.185376680874874,0.221412397553365
"clustering_rede_ponderado","WBGT","linear",31.33,0.20431243529517,0.185937907063847,0.222686963526494
"clustering_rede_ponderado","WBGT","ns2",15.31,0.139106779280316,0.10774417863889,0.170469379921742
"clustering_rede_ponderado","WBGT","ns2",15.5815254237288,0.140612099749206,0.110492027196166,0.170732172302247
"clustering_rede_ponderado","WBGT","ns2",15.8530508474576,0.142116184293709,0.11322343662313,0.171008931964287
"clustering_rede_ponderado","WBGT","ns2",16.1245762711864,0.143617796989434,0.115933503170098,0.171302090808771
"clustering_rede_ponderado","WBGT","ns2",16.3961016949153,0.145115701911995,0.118617219135629,0.171614184688362
"clustering_rede_ponderado","WBGT","ns2",16.6676271186441,0.146608663137003,0.121269471693435,0.171947854580571
"clustering_rede_ponderado","WBGT","ns2",16.9391525423729,0.148095444740069,0.123885045810872,0.172305843669265
"clustering_rede_ponderado","WBGT","ns2",17.2106779661017,0.149574810796805,0.126458633261623,0.172690988331987
"clustering_rede_ponderado","WBGT","ns2",17.4822033898305,0.151045525382823,0.128984850330009,0.173106200435637
"clustering_rede_ponderado","WBGT","ns2",17.7537288135593,0.152506352573734,0.13145826744078,0.173554437706689
"clustering_rede_ponderado","WBGT","ns2",18.0252542372881,0.153956056445151,0.133873454529143,0.174038658361159
"clustering_rede_ponderado","WBGT","ns2",18.2967796610169,0.155393401072684,0.136225046317353,0.174561755828016
"clustering_rede_ponderado","WBGT","ns2",18.5683050847458,0.156817150531946,0.138507831516627,0.175126469547266
"clustering_rede_ponderado","WBGT","ns2",18.8398305084746,0.158226068898549,0.14071686896319,0.175735268833907
"clustering_rede_ponderado","WBGT","ns2",19.1113559322034,0.159618920248103,0.142847631420286,0.17639020907592
"clustering_rede_ponderado","WBGT","ns2",19.3828813559322,0.160994468656221,0.144896173918629,0.177092763393813
"clustering_rede_ponderado","WBGT","ns2",19.654406779661,0.162351478198514,0.146859318063647,0.177843638333381
"clustering_rede_ponderado","WBGT","ns2",19.9259322033898,0.163688712950594,0.148734837290509,0.178642588610679
"clustering_rede_ponderado","WBGT","ns2",20.1974576271186,0.165004936988073,0.150521621949829,0.179488252026317
"clustering_rede_ponderado","WBGT","ns2",20.4689830508475,0.166298914386562,0.152219799370939,0.180378029402186
"clustering_rede_ponderado","WBGT","ns2",20.7405084745763,0.167569409221673,0.153830784772458,0.181308033670889
"clustering_rede_ponderado","WBGT","ns2",21.0120338983051,0.168815185569018,0.155357245278244,0.182273125859793
"clustering_rede_ponderado","WBGT","ns2",21.2835593220339,0.170035007504209,0.156802970738577,0.183267044269841
"clustering_rede_ponderado","WBGT","ns2",21.5550847457627,0.171227639102856,0.158172658886492,0.184282619319221
"clustering_rede_ponderado","WBGT","ns2",21.8266101694915,0.172391844440573,0.159471634702533,0.185312054178613
"clustering_rede_ponderado","WBGT","ns2",22.0981355932203,0.17352638759297,0.160705531237018,0.186347243948921
"clustering_rede_ponderado","WBGT","ns2",22.3696610169492,0.174630032635659,0.161879959921534,0.187380105349783
"clustering_rede_ponderado","WBGT","ns2",22.641186440678,0.175701543644252,0.163000193296022,0.188402893992482
"clustering_rede_ponderado","WBGT","ns2",22.9127118644068,0.17673968469436,0.164070874467144,0.189408494921576
"clustering_rede_ponderado","WBGT","ns2",23.1842372881356,0.177743219861596,0.16509575833721,0.190390681385981
"clustering_rede_ponderado","WBGT","ns2",23.4557627118644,0.17871091322157,0.166077481964864,0.191344344478276
"clustering_rede_ponderado","WBGT","ns2",23.7272881355932,0.179641528849895,0.167017356601246,0.192265701098545
"clustering_rede_ponderado","WBGT","ns2",23.998813559322,0.180533830822183,0.167915172390517,0.193152489253849
"clustering_rede_ponderado","WBGT","ns2",24.2703389830508,0.181386583214044,0.168769008391901,0.194004158036188
"clustering_rede_ponderado","WBGT","ns2",24.5418644067797,0.182198555798845,0.169575049261337,0.194822062336353
"clustering_rede_ponderado","WBGT","ns2",24.8133898305085,0.182969387298708,0.17032804466497,0.195610729932445
"clustering_rede_ponderado","WBGT","ns2",25.0849152542373,0.183700510442457,0.171022225493997,0.196378795390916
"clustering_rede_ponderado","WBGT","ns2",25.3564406779661,0.18439357974493,0.171650725902757,0.197136433587102
"clustering_rede_ponderado","WBGT","ns2",25.6279661016949,0.185050249720965,0.17220586301535,0.19789463642658
"clustering_rede_ponderado","WBGT","ns2",25.8994915254237,0.185672174885401,0.172679623751858,0.198664726018943
"clustering_rede_ponderado","WBGT","ns2",26.1710169491525,0.186261009753075,0.173064202715125,0.199457816791025
"clustering_rede_ponderado","WBGT","ns2",26.4425423728814,0.186818408838826,0.173352554353526,0.200284263324125
"clustering_rede_ponderado","WBGT","ns2",26.7140677966102,0.187346026657491,0.173538904001146,0.201153149313835
"clustering_rede_ponderado","WBGT","ns2",26.985593220339,0.187845517723909,0.173619155963332,0.202071879484486
"clustering_rede_ponderado","WBGT","ns2",27.2571186440678,0.188318536552918,0.173591147760626,0.203045925345209
"clustering_rede_ponderado","WBGT","ns2",27.5286440677966,0.188766737659355,0.173454726239108,0.204078749079602
"clustering_rede_ponderado","WBGT","ns2",27.8001694915254,0.18919177555806,0.173211654643764,0.205171896472355
"clustering_rede_ponderado","WBGT","ns2",28.0716949152542,0.189595304763869,0.172865388270546,0.206325221257193
"clustering_rede_ponderado","WBGT","ns2",28.343220338983,0.189978979791622,0.172420771490025,0.207537188093219
"clustering_rede_ponderado","WBGT","ns2",28.6147457627119,0.190344455156156,0.171883708978802,0.208805201333509
"clustering_rede_ponderado","WBGT","ns2",28.8862711864407,0.190693385372309,0.171260852980099,0.210125917764518
"clustering_rede_ponderado","WBGT","ns2",29.1577966101695,0.191027424954919,0.170559332785521,0.211495517124316
"clustering_rede_ponderado","WBGT","ns2",29.4293220338983,0.191348228418824,0.16978653785573,0.212909918981919
"clustering_rede_ponderado","WBGT","ns2",29.7008474576271,0.191657450278864,0.168949955040912,0.214364945516816
"clustering_rede_ponderado","WBGT","ns2",29.9723728813559,0.191956745049874,0.16805705385023,0.215856436249519
"clustering_rede_ponderado","WBGT","ns2",30.2438983050847,0.192247767246694,0.167115210893747,0.217380323599642
"clustering_rede_ponderado","WBGT","ns2",30.5154237288136,0.192532171384162,0.166131664258448,0.218932678509877
"clustering_rede_ponderado","WBGT","ns2",30.7869491525424,0.192811611977116,0.165113489559948,0.220509734394284
"clustering_rede_ponderado","WBGT","ns2",31.0584745762712,0.193087743540394,0.164067590928625,0.222107896152163
"clustering_rede_ponderado","WBGT","ns2",31.33,0.193362220588833,0.163000701761391,0.223723739416275
"centralizacao_grau_saida","WBGT","linear",15.31,3.18402695056105,2.5211138903662,4.02124936149812
"centralizacao_grau_saida","WBGT","linear",15.5815254237288,3.18868234784153,2.53611444554073,4.00916257281454
"centralizacao_grau_saida","WBGT","linear",15.8530508474576,3.1933445518244,2.55104803868984,3.99735687921571
"centralizacao_grau_saida","WBGT","linear",16.1245762711864,3.19801357246179,2.56590300187877,3.98584467228939
"centralizacao_grau_saida","WBGT","linear",16.3961016949153,3.20268941972042,2.58066683079496,3.97463918890664
"centralizacao_grau_saida","WBGT","linear",16.6676271186441,3.20737210358155,2.59532613930794,3.96375455671104
"centralizacao_grau_saida","WBGT","linear",16.9391525423729,3.21206163404104,2.60986661529377,3.95320583834398
"centralizacao_grau_saida","WBGT","linear",17.2106779661017,3.21675802110938,2.62427297885242,3.94300907327728
"centralizacao_grau_saida","WBGT","linear",17.4822033898305,3.22146127481167,2.63852894430341,3.93318131586806
"centralizacao_grau_saida","WBGT","linear",17.7537288135593,3.2261714051877,2.65261718763222,3.92374066796322
"centralizacao_grau_saida","WBGT","linear",18.0252542372881,3.23088842229191,2.66651932137413,3.91470630406705
"centralizacao_grau_saida","WBGT","linear",18.2967796610169,3.23561233619346,2.68021587925512,3.90609848675208
"centralizacao_grau_saida","WBGT","linear",18.5683050847458,3.24034315697623,2.69368631324881,3.89793856965438
"centralizacao_grau_saida","WBGT","linear",18.8398305084746,3.24508089473883,2.70690900603537,3.89024898506742
"centralizacao_grau_saida","WBGT","linear",19.1113559322034,3.24982555959465,2.7198613021361,3.88305321286055
"centralizacao_grau_saida","WBGT","linear",19.3828813559322,3.25457716167185,2.73251956121326,3.87637572723284
"centralizacao_grau_saida","WBGT","linear",19.654406779661,3.25933571111343,2.74485923712373,3.87024191771347
"centralizacao_grau_saida","WBGT","linear",19.9259322033898,3.26410121807719,2.756854986249,3.86467798088624
"centralizacao_grau_saida","WBGT","linear",20.1974576271186,3.26887369273578,2.76848080833556,3.85971077960419
"centralizacao_grau_saida","WBGT","linear",20.4689830508475,3.27365314527676,2.77971022251267,3.85536766702723
"centralizacao_grau_saida","WBGT","linear",20.7405084745763,3.27843958590254,2.79051648025748,3.851676273713
"centralizacao_grau_saida","WBGT","linear",21.0120338983051,3.28323302483048,2.80087281581319,3.84866425725504
"centralizacao_grau_saida","WBGT","linear",21.2835593220339,3.28803347229287,2.8107527329243,3.84635901560447
"centralizacao_grau_saida","WBGT","linear",21.5550847457627,3.29284093853694,2.8201303247591,3.84478736720475
"centralizacao_grau_saida","WBGT","linear",21.8266101694915,3.29765543382493,2.82898062162049,3.84397520333878
"centralizacao_grau_saida","WBGT","linear",22.0981355932203,3.30247696843408,2.83727995863053,3.84394712050259
"centralizacao_grau_saida","WBGT","linear",22.3696610169492,3.30730555265664,2.8450063532003,3.8447260429943
"centralizacao_grau_saida","WBGT","linear",22.641186440678,3.31214119679993,2.85213987999498,3.84633284800834
"centralizacao_grau_saida","WBGT","linear",22.9127118644068,3.31698391118632,2.85866302953248,3.84878600709657
"centralizacao_grau_saida","WBGT","linear",23.1842372881356,3.32183370615329,2.86456103575945,3.85210125865257
"centralizacao_grau_saida","WBGT","linear",23.4557627118644,3.32669059205343,2.86982215813251,3.85629132589121
"centralizacao_grau_saida","WBGT","linear",23.7272881355932,3.33155457925445,2.87443790500758,3.86136569352053
"centralizacao_grau_saida","WBGT","linear",23.998813559322,3.33642567813924,2.87840318750009,3.86733045394342
"centralizacao_grau_saida","WBGT","linear",24.2703389830508,3.34130389910587,2.88171639628167,3.87418823052317
"centralizacao_grau_saida","WBGT","linear",24.5418644067797,3.3461892525676,2.88437939775912,3.88193818146734
"centralizacao_grau_saida","WBGT","linear",24.8133898305085,3.35108174895291,2.88639745037475,3.89057608359074
"centralizacao_grau_saida","WBGT","linear",25.0849152542373,3.35598139870556,2.88777904596949,3.90009449101625
"centralizacao_grau_saida","WBGT","linear",25.3564406779661,3.36088821228455,2.88853568486831,3.91048296015363
"centralizacao_grau_saida","WBGT","linear",25.6279661016949,3.36580220016418,2.88868159626436,3.9217283293805
"centralizacao_grau_saida","WBGT","linear",25.8994915254237,3.37072337283406,2.88823341738392,3.93381503994265
"centralizacao_grau_saida","WBGT","linear",26.1710169491525,3.37565174079915,2.88720984573679,3.94672548376977
"centralizacao_grau_saida","WBGT","linear",26.4425423728814,3.38058731457977,2.88563127854554,3.96044036411261
"centralizacao_grau_saida","WBGT","linear",26.7140677966102,3.3855301047116,2.88351945235955,3.97493905599613
"centralizacao_grau_saida","WBGT","linear",26.985593220339,3.39048012174575,2.88089709411663,3.99019995522536
"centralizacao_grau_saida","WBGT","linear",27.2571186440678,3.39543737624873,2.87778759276633,4.00620080683037
"centralizacao_grau_saida","WBGT","linear",27.5286440677966,3.40040187880253,2.87421469825373,4.0229190061511
"centralizacao_grau_saida","WBGT","linear",27.8001694915254,3.40537364000459,2.87020225238792,4.04033186803827
"centralizacao_grau_saida","WBGT","linear",28.0716949152542,3.41035267046786,2.86577395403887,4.05841686172624
"centralizacao_grau_saida","WBGT","linear",28.343220338983,3.41533898082078,2.86095315932382,4.0771518107171
"centralizacao_grau_saida","WBGT","linear",28.6147457627119,3.42033258170736,2.85576271600764,4.09651505845126
"centralizacao_grau_saida","WBGT","linear",28.8862711864407,3.42533348378717,2.85022483026255,4.11648560161927
"centralizacao_grau_saida","WBGT","linear",29.1577966101695,3.43034169773534,2.84436096318701,4.13704319371511
"centralizacao_grau_saida","WBGT","linear",29.4293220338983,3.43535723424264,2.83819175403194,4.15816842188261
"centralizacao_grau_saida","WBGT","linear",29.7008474576271,3.44038010401544,2.83173696687341,4.1798427603161
"centralizacao_grau_saida","WBGT","linear",29.9723728813559,3.4454103177758,2.82501545745062,4.20204860349633
"centralizacao_grau_saida","WBGT","linear",30.2438983050847,3.45044788626142,2.81804515700667,4.22476928242414
"centralizacao_grau_saida","WBGT","linear",30.5154237288136,3.45549282022572,2.81084307018328,4.24798906680085
"centralizacao_grau_saida","WBGT","linear",30.7869491525424,3.46054513043784,2.803425284291,4.27169315583372
"centralizacao_grau_saida","WBGT","linear",31.0584745762712,3.46560482768267,2.79580698757637,4.29586766004509
"centralizacao_grau_saida","WBGT","linear",31.33,3.47067192276086,2.78800249441377,4.32049957615744
"centralizacao_grau_saida","WBGT","ns2",15.31,3.21572090462734,2.16244268574174,4.78202775252296
"centralizacao_grau_saida","WBGT","ns2",15.5815254237288,3.21873139677087,2.20010326569185,4.70897524044203
"centralizacao_grau_saida","WBGT","ns2",15.8530508474576,3.22174827571781,2.23801214960607,4.63789347788737
"centralizacao_grau_saida","WBGT","ns2",16.1245762711864,3.22477512593543,2.27605292563582,4.56895114156752
"centralizacao_grau_saida","WBGT","ns2",16.3961016949153,3.22781554537079,2.31409821996576,4.50231243645809
"centralizacao_grau_saida","WBGT","ns2",16.6676271186441,3.2308731455816,2.35200920358691,4.43813794049834
"centralizacao_grau_saida","WBGT","ns2",16.9391525423729,3.23395155190728,2.38963525002543,4.37658535543121
"centralizacao_grau_saida","WBGT","ns2",17.2106779661017,3.23705440368065,2.4268138311904,4.31781007579323
"centralizacao_grau_saida","WBGT","ns2",17.4822033898305,3.24018535448047,2.46337077066828,4.26196545660139
"centralizacao_grau_saida","WBGT","ns2",17.7537288135593,3.24334807242507,2.49912101236266,4.20920262238863
"centralizacao_grau_saida","WBGT","ns2",18.0252542372881,3.2465462405074,2.53387010461918,4.15966961863532
"centralizacao_grau_saida","WBGT","ns2",18.2967796610169,3.24978355697181,2.56741663920836,4.11350966799871
"centralizacao_grau_saida","WBGT","ns2",18.5683050847458,3.25306373573286,2.59955590815026,4.07085827066141
"centralizacao_grau_saida","WBGT","ns2",18.8398305084746,3.25639050683646,2.63008502920359,4.03183890074672
"centralizacao_grau_saida","WBGT","ns2",19.1113559322034,3.25976761696375,2.65880971561978,3.99655712636378
"centralizacao_grau_saida","WBGT","ns2",19.3828813559322,3.26319882997797,2.68555269804149,3.96509314888337
"centralizacao_grau_saida","WBGT","ns2",19.654406779661,3.2666879275148,2.71016352689748,3.93749303680841
"centralizacao_grau_saida","WBGT","ns2",19.9259322033898,3.27023870961647,2.73252910305509,3.91375931034626
"centralizacao_grau_saida","WBGT","ns2",20.1974576271186,3.27385499541011,2.75258386506292,3.89384195228753
"centralizacao_grau_saida","WBGT","ns2",20.4689830508475,3.27754062383073,2.77031822454242,3.87763125755529
"centralizacao_grau_saida","WBGT","ns2",20.7405084745763,3.2812994543893,2.78578374266005,3.86495403232361
"centralizacao_grau_saida","WBGT","ns2",21.0120338983051,3.28513536798639,2.79909380395166,3.85557439009695
"centralizacao_grau_saida","WBGT","ns2",21.2835593220339,3.2890522677719,2.81041917914851,3.84919975653348
"centralizacao_grau_saida","WBGT","ns2",21.5550847457627,3.29305408005139,2.81997872827298,3.84549183489209
"centralizacao_grau_saida","WBGT","ns2",21.8266101694915,3.29714475523954,2.82802631500379,3.8440814639269
"centralizacao_grau_saida","WBGT","ns2",22.0981355932203,3.30132826886134,2.83483552137787,3.844585781642
"centralizacao_grau_saida","WBGT","ns2",22.3696610169492,3.30560862260173,2.84068383269305,3.84662602717731
"centralizacao_grau_saida","WBGT","ns2",22.641186440678,3.30998984540407,2.84583764549323,3.84984462976251
"centralizacao_grau_saida","WBGT","ns2",22.9127118644068,3.31447599461852,2.85053890392194,3.85392078101008
"centralizacao_grau_saida","WBGT","ns2",23.1842372881356,3.31907115720064,2.85499358957474,3.85858426680463
"centralizacao_grau_saida","WBGT","ns2",23.4557627118644,3.32377945096127,2.85936182633537,3.86362779865155
"centralizacao_grau_saida","WBGT","ns2",23.7272881355932,3.32860502586841,2.86374908650498,3.86891835965923
"centralizacao_grau_saida","WBGT","ns2",23.998813559322,3.3335520654018,2.86819790944896,3.87440815577457
"centralizacao_grau_saida","WBGT","ns2",24.2703389830508,3.33862478796133,2.872679655359,3.88014565216004
"centralizacao_grau_saida","WBGT","ns2",24.5418644067797,3.34382743125572,2.87708601879793,3.88628696429792
"centralizacao_grau_saida","WBGT","ns2",24.8133898305085,3.34916166267674,2.8812097330841,3.89311604564685
"centralizacao_grau_saida","WBGT","ns2",25.0849152542373,3.35462377852145,2.88474175369426,3.9010426777406
"centralizacao_grau_saida","WBGT","ns2",25.3564406779661,3.36020939409452,2.88731585719244,3.91055489964309
"centralizacao_grau_saida","WBGT","ns2",25.6279661016949,3.36591410553502,2.88853140719506,3.92219303470934
"centralizacao_grau_saida","WBGT","ns2",25.8994915254237,3.37173348811637,2.88797656484766,3.93652318833311
"centralizacao_grau_saida","WBGT","ns2",26.1710169491525,3.37766309460548,2.88525488451889,3.95410750082214
"centralizacao_grau_saida","WBGT","ns2",26.4425423728814,3.38369845368142,2.88001300663003,3.975473443727
"centralizacao_grau_saida","WBGT","ns2",26.7140677966102,3.38983506841394,2.87196596933403,4.00108563741567
"centralizacao_grau_saida","WBGT","ns2",26.985593220339,3.39606841480228,2.86091634856361,4.03132397904896
"centralizacao_grau_saida","WBGT","ns2",27.2571186440678,3.40239394037457,2.84676433349016,4.06647097173125
"centralizacao_grau_saida","WBGT","ns2",27.5286440677966,3.40880706284858,2.82950772834959,4.10670926087348
"centralizacao_grau_saida","WBGT","ns2",27.8001694915254,3.41530316885413,2.80923301636424,4.1521282382909
"centralizacao_grau_saida","WBGT","ns2",28.0716949152542,3.42187761271797,2.78610020910549,4.20273698632679
"centralizacao_grau_saida","WBGT","ns2",28.343220338983,3.42852571531163,2.76032477862587,4.25848025985002
"centralizacao_grau_saida","WBGT","ns2",28.6147457627119,3.43524276296314,2.73215959556794,4.31925457781961
"centralizacao_grau_saida","WBGT","ns2",28.8862711864407,3.44202400643318,2.70187888244433,4.3849224100468
"centralizacao_grau_saida","WBGT","ns2",29.1577966101695,3.44886465995665,2.66976518766256,4.4553234485434
"centralizacao_grau_saida","WBGT","ns2",29.4293220338983,3.45575990035031,2.63609958549255,4.53028275357731
"centralizacao_grau_saida","WBGT","ns2",29.7008474576271,3.46270486618756,2.60115480880449,4.60961606350137
"centralizacao_grau_saida","WBGT","ns2",29.9723728813559,3.4696946570411,2.56519079231488,4.69313278730254
"centralizacao_grau_saida","WBGT","ns2",30.2438983050847,3.47672433279456,2.52845205947271,4.78063724442004
"centralizacao_grau_saida","WBGT","ns2",30.5154237288136,3.48378891302396,2.49116644229187,4.87192866139561
"centralizacao_grau_saida","WBGT","ns2",30.7869491525424,3.49088337645006,2.45354471966704,4.96680034005215
"centralizacao_grau_saida","WBGT","ns2",31.0584745762712,3.49800266046264,2.41578086022257,5.06503831290243
"centralizacao_grau_saida","WBGT","ns2",31.33,3.50514166071767,2.37805264353812,5.16641971534289
"centralizacao_grau_entrada","WBGT","linear",15.31,2.44933978174686,1.90488964888094,3.14940310057966
"centralizacao_grau_entrada","WBGT","linear",15.5815254237288,2.45412366195421,1.9175420437427,3.14085574697923
"centralizacao_grau_entrada","WBGT","linear",15.8530508474576,2.45891688570386,1.93014379514137,3.13255015819002
"centralizacao_grau_entrada","WBGT","linear",16.1245762711864,2.46371947124496,1.94268493449128,3.12449719726737
"centralizacao_grau_entrada","WBGT","linear",16.3961016949153,2.46853143686231,1.95515480547993,3.1167084251836
"centralizacao_grau_entrada","WBGT","linear",16.6676271186441,2.47335280087642,1.96754203222607,3.1091961327413
"centralizacao_grau_entrada","WBGT","linear",16.9391525423729,2.47818358164359,1.97983448954439,3.10197337038065
"centralizacao_grau_entrada","WBGT","linear",17.2106779661017,2.48302379755597,1.99201927634012,3.0950539748575
"centralizacao_grau_entrada","WBGT","linear",17.4822033898305,2.48787346704162,2.00408269335076,3.08845259157497
"centralizacao_grau_entrada","WBGT","linear",17.7537288135593,2.49273260856461,2.01601022666123,3.08218469114216
"centralizacao_grau_entrada","WBGT","linear",18.0252542372881,2.49760124062505,2.02778653863561,3.07626657851721
"centralizacao_grau_entrada","WBGT","linear",18.2967796610169,2.50247938175922,2.03939546812507,3.07071539287444
"centralizacao_grau_entrada","WBGT","linear",18.5683050847458,2.50736705053958,2.05082004201529,3.06554909613306
"centralizacao_grau_entrada","WBGT","linear",18.8398305084746,2.51226426557485,2.06204250034831,3.06078644791183
"centralizacao_grau_entrada","WBGT","linear",19.1113559322034,2.51717104551012,2.07304433737393,3.05644696455501
"centralizacao_grau_entrada","WBGT","linear",19.3828813559322,2.52208740902689,2.08380636092562,3.05255085983443
"centralizacao_grau_entrada","WBGT","linear",19.654406779661,2.52701337484314,2.09430877244553,3.04911896500314
"centralizacao_grau_entrada","WBGT","linear",19.9259322033898,2.53194896171342,2.10453126976931,3.04617262608997
"centralizacao_grau_entrada","WBGT","linear",20.1974576271186,2.5368941884289,2.11445317439034,3.04373357671539
"centralizacao_grau_entrada","WBGT","linear",20.4689830508475,2.54184907381745,2.1240535843254,3.04182378530655
"centralizacao_grau_entrada","WBGT","linear",20.7405084745763,2.54681363674373,2.13331155288042,3.04046527641311
"centralizacao_grau_entrada","WBGT","linear",21.0120338983051,2.55178789610923,2.14220629255921,3.03967992688063
"centralizacao_grau_entrada","WBGT","linear",21.2835593220339,2.55677187085237,2.15071740208926,3.03948923890774
"centralizacao_grau_entrada","WBGT","linear",21.5550847457627,2.56176557994853,2.15882511309915,3.03991409345237
"centralizacao_grau_entrada","WBGT","linear",21.8266101694915,2.56676904241018,2.16651055144958,3.04097448898513
"centralizacao_grau_entrada","WBGT","linear",22.0981355932203,2.57178227728692,2.17375600670137,3.04268927210641
"centralizacao_grau_entrada","WBGT","linear",22.3696610169492,2.57680530366556,2.18054520183306,3.04507586791465
"centralizacao_grau_entrada","WBGT","linear",22.641186440678,2.58183814067016,2.18686355424776,3.04815001908617
"centralizacao_grau_entrada","WBGT","linear",22.9127118644068,2.58688080746216,2.19269841848093,3.05192554325468
"centralizacao_grau_entrada","WBGT","linear",23.1842372881356,2.59193332324043,2.19803930096468,3.05641411833525
"centralizacao_grau_entrada","WBGT","linear",23.4557627118644,2.59699570724131,2.20287803779853,3.06162510484234
"centralizacao_grau_entrada","WBGT","linear",23.7272881355932,2.60206797873874,2.20720892774205,3.06756541298694
"centralizacao_grau_entrada","WBGT","linear",23.998813559322,2.60715015704428,2.21102881452176,3.07423942046012
"centralizacao_grau_entrada","WBGT","linear",24.2703389830508,2.61224226150722,2.214337114905,3.08164894445041
"centralizacao_grau_entrada","WBGT","linear",24.5418644067797,2.61734431151464,2.21713579164294,3.08979326879285
"centralizacao_grau_entrada","WBGT","linear",24.8133898305085,2.6224563264915,2.21942927309524,3.09866922443722
"centralizacao_grau_entrada","WBGT","linear",25.0849152542373,2.62757832590067,2.22122432388241,3.1082713188893
"centralizacao_grau_entrada","WBGT","linear",25.3564406779661,2.63271032924305,2.22252987305814,3.11859190813305
"centralizacao_grau_entrada","WBGT","linear",25.6279661016949,2.63785235605764,2.22335680789267,3.12962140294251
"centralizacao_grau_entrada","WBGT","linear",25.8994915254237,2.64300442592157,2.22371774232046,3.14134850053031
"centralizacao_grau_entrada","WBGT","linear",26.1710169491525,2.64816655845025,2.22362676941469,3.15376043217008
"centralizacao_grau_entrada","WBGT","linear",26.4425423728814,2.65333877329735,2.22309920695976,3.16684321772174
"centralizacao_grau_entrada","WBGT","linear",26.7140677966102,2.65852109015497,2.22215134440434,3.18058191877716
"centralizacao_grau_entrada","WBGT","linear",26.985593220339,2.66371352875366,2.22080019832604,3.19496088329491
"centralizacao_grau_entrada","WBGT","linear",27.2571186440678,2.66891610886249,2.21906328216978,3.2099639759623
"centralizacao_grau_entrada","WBGT","linear",27.5286440677966,2.67412885028915,2.21695839457162,3.22557478997278
"centralizacao_grau_entrada","WBGT","linear",27.8001694915254,2.67935177288003,2.21450342916365,3.24177683732311
"centralizacao_grau_entrada","WBGT","linear",28.0716949152542,2.68458489652026,2.21171620746127,3.2585537160291
"centralizacao_grau_entrada","WBGT","linear",28.343220338983,2.68982824113384,2.20861433531831,3.27588925377432
"centralizacao_grau_entrada","WBGT","linear",28.6147457627119,2.69508182668364,2.20521508252762,3.2937676284143
"centralizacao_grau_entrada","WBGT","linear",28.8862711864407,2.70034567317157,2.2015352844504,3.31217346645287
"centralizacao_grau_entrada","WBGT","linear",29.1577966101695,2.70561980063856,2.19759126406562,3.33109192109933
"centralizacao_grau_entrada","WBGT","linear",29.4293220338983,2.71090422916472,2.19339877251889,3.35050873182699
"centralizacao_grau_entrada","WBGT","linear",29.7008474576271,2.71619897886935,2.18897294608868,3.37041026751547
"centralizacao_grau_entrada","WBGT","linear",29.9723728813559,2.72150406991106,2.18432827744692,3.39078355529939
"centralizacao_grau_entrada","WBGT","linear",30.2438983050847,2.72681952248784,2.17947859914101,3.41161629719666
"centralizacao_grau_entrada","WBGT","linear",30.5154237288136,2.73214535683711,2.17443707733834,3.43289687647518
"centralizacao_grau_entrada","WBGT","linear",30.7869491525424,2.73748159323583,2.16921621403045,3.45461435556087
"centralizacao_grau_entrada","WBGT","linear",31.0584745762712,2.74282825200057,2.1638278560732,3.4767584671107
"centralizacao_grau_entrada","WBGT","linear",31.33,2.74818535348755,2.15828320962811,3.49931959968537
"centralizacao_grau_entrada","WBGT","ns2",15.31,2.443402859587,1.60720439649787,3.71465978269295
"centralizacao_grau_entrada","WBGT","ns2",15.5815254237288,2.44849446187988,1.63840786396079,3.65911642743428
"centralizacao_grau_entrada","WBGT","ns2",15.8530508474576,2.45359600382891,1.66986792188121,3.60515539649575
"centralizacao_grau_entrada","WBGT","ns2",16.1245762711864,2.45870683165037,1.70148706180934,3.55291522321408
"centralizacao_grau_entrada","WBGT","ns2",16.3961016949153,2.46382628599419,1.73315779065746,3.50253162192067
"centralizacao_grau_entrada","WBGT","ns2",16.6676271186441,2.46895370191947,1.76476218430947,3.45413814757541
"centralizacao_grau_entrada","WBGT","ns2",16.9391525423729,2.47408840887178,1.79617159564998,3.40786674822049
"centralizacao_grau_entrada","WBGT","ns2",17.2106779661017,2.47922973066226,1.82724660230617,3.36384812517482
"centralizacao_grau_entrada","WBGT","ns2",17.4822033898305,2.48437698544855,1.85783730879367,3.32221178712043
"centralizacao_grau_entrada","WBGT","ns2",17.7537288135593,2.48952948571762,1.88778415157993,3.28308565101068
"centralizacao_grau_entrada","WBGT","ns2",18.0252542372881,2.49468653827048,1.91691939018393,3.24659500868777
"centralizacao_grau_entrada","WBGT","ns2",18.2967796610169,2.49984744420875,1.94506949522729,3.21286065081534
"centralizacao_grau_entrada","WBGT","ns2",18.5683050847458,2.50501149892328,1.97205865228001,3.1819959322624
"centralizacao_grau_entrada","WBGT","ns2",18.8398305084746,2.51017799208463,1.99771356923752,3.15410259457314
"centralizacao_grau_entrada","WBGT","ns2",19.1113559322034,2.51534620763565,2.0218696814323,3.1292652550114
"centralizacao_grau_entrada","WBGT","ns2",19.3828813559322,2.52051542378605,2.04437867169449,3.107544648897
"centralizacao_grau_entrada","WBGT","ns2",19.654406779661,2.52568491300897,2.06511695624145,3.08896997844189
"centralizacao_grau_entrada","WBGT","ns2",19.9259322033898,2.53085394203976,2.08399445791781,3.07353105071972
"centralizacao_grau_entrada","WBGT","ns2",20.1974576271186,2.53602177187675,2.10096266771716,3.06117120796872
"centralizacao_grau_entrada","WBGT","ns2",20.4689830508475,2.54118765778423,2.11602079623904,3.05178225259059
"centralizacao_grau_entrada","WBGT","ns2",20.7405084745763,2.54635084929757,2.12921885715872,3.0452025285793
"centralizacao_grau_entrada","WBGT","ns2",21.0120338983051,2.55151059023056,2.1406568686057,3.04121897700451
"centralizacao_grau_entrada","WBGT","ns2",21.2835593220339,2.55666611868494,2.15047995922906,3.03957338192301
"centralizacao_grau_entrada","WBGT","ns2",21.5550847457627,2.56181666706222,2.15886986075253,3.03997232762799
"centralizacao_grau_entrada","WBGT","ns2",21.8266101694915,2.56696146207775,2.16603384074627,3.04209981572684
"centralizacao_grau_entrada","WBGT","ns2",22.0981355932203,2.57209972477709,2.17219240724967,3.04563121209638
"centralizacao_grau_entrada","WBGT","ns2",22.3696610169492,2.57723067055475,2.17756705151555,3.0502472585748
"centralizacao_grau_entrada","WBGT","ns2",22.641186440678,2.58235350917528,2.18236896369596,3.05564721515117
"centralizacao_grau_entrada","WBGT","ns2",22.9127118644068,2.5874674447967,2.18678920475063,3.0615606494391
"centralizacao_grau_entrada","WBGT","ns2",23.1842372881356,2.5925716759964,2.19099038759874,3.06775782003556
"centralizacao_grau_entrada","WBGT","ns2",23.4557627118644,2.59766539579949,2.19509960185783,3.07405891870374
"centralizacao_grau_entrada","WBGT","ns2",23.7272881355932,2.60274779170954,2.19920214180386,3.08034261083994
"centralizacao_grau_entrada","WBGT","ns2",23.998813559322,2.60781804574192,2.20333556059862,3.08655435028222
"centralizacao_grau_entrada","WBGT","ns2",24.2703389830508,2.61287533445955,2.20748365774042,3.09271486087257
"centralizacao_grau_entrada","WBGT","ns2",24.5418644067797,2.61791883230847,2.21157013512248,3.09892908378227
"centralizacao_grau_entrada","WBGT","ns2",24.8133898305085,2.62294821219186,2.21544367991634,3.10540835960239
"centralizacao_grau_entrada","WBGT","ns2",25.0849152542373,2.62796418769122,2.21887486111496,3.11247645949591
"centralizacao_grau_entrada","WBGT","ns2",25.3564406779661,2.63296760796565,2.22158879895377,3.12052276634682
"centralizacao_grau_entrada","WBGT","ns2",25.6279661016949,2.63795932961367,2.22328091383914,3.12998208250677
"centralizacao_grau_entrada","WBGT","ns2",25.8994915254237,2.64294021663251,2.22363277213329,3.14131590262189
"centralizacao_grau_entrada","WBGT","ns2",26.1710169491525,2.64791114038022,2.22233067083388,3.15499106382706
"centralizacao_grau_entrada","WBGT","ns2",26.4425423728814,2.65287297954055,2.2190857881971,3.17145694997857
"centralizacao_grau_entrada","WBGT","ns2",26.7140677966102,2.65782662009075,2.21365380641615,3.19112334638248
"centralizacao_grau_entrada","WBGT","ns2",26.985593220339,2.66277295527223,2.20585139721648,3.21434155549935
"centralizacao_grau_entrada","WBGT","ns2",27.2571186440678,2.66771288556426,2.19556716313629,3.24139118096467
"centralizacao_grau_entrada","WBGT","ns2",27.5286440677966,2.67264731866059,2.18276558782102,3.27247402552021
"centralizacao_grau_entrada","WBGT","ns2",27.8001694915254,2.67757716944918,2.16748395716378,3.307715138864
"centralizacao_grau_entrada","WBGT","ns2",28.0716949152542,2.68250335999504,2.1498235501888,3.34716971341797
"centralizacao_grau_entrada","WBGT","ns2",28.343220338983,2.68742681952616,2.12993721819472,3.39083370561967
"centralizacao_grau_entrada","WBGT","ns2",28.6147457627119,2.69234848442268,2.10801561290077,3.43865591754245
"centralizacao_grau_entrada","WBGT","ns2",28.8862711864407,2.69726929820931,2.08427392535188,3.49054967227223
"centralizacao_grau_entrada","WBGT","ns2",29.1577966101695,2.70219021155096,2.05894034061512,3.54640287305283
"centralizacao_grau_entrada","WBGT","ns2",29.4293220338983,2.70711218225178,2.03224676119105,3.60608588840904
"centralizacao_grau_entrada","WBGT","ns2",29.7008474576271,2.71203617525753,2.00442185653435,3.66945720130122
"centralizacao_grau_entrada","WBGT","ns2",29.9723728813559,2.71696316266137,1.97568619696044,3.73636706001984
"centralizacao_grau_entrada","WBGT","ns2",30.2438983050847,2.72189412371313,1.94624909774891,3.80665950174271
"centralizacao_grau_entrada","WBGT","ns2",30.5154237288136,2.72683004483208,1.91630677891936,3.88017314095814
"centralizacao_grau_entrada","WBGT","ns2",30.7869491525424,2.73177191962325,1.88604148681851,3.95674107542059
"centralizacao_grau_entrada","WBGT","ns2",31.0584745762712,2.73672074889739,1.85562128859916,4.03619019864746
"centralizacao_grau_entrada","WBGT","ns2",31.33,2.74167754069449,1.82520031810107,4.11834014195716
"distancia_media_ponderada","WBGT","linear",15.31,0.633619658496744,0.544492326072125,0.7373361430632
"distancia_media_ponderada","WBGT","linear",15.5815254237288,0.632236359367097,0.544774406644403,0.733740075213696
"distancia_media_ponderada","WBGT","linear",15.8530508474576,0.630856080213956,0.54503622550637,0.730188885285876
"distancia_media_ponderada","WBGT","linear",16.1245762711864,0.629478814444199,0.545276616151428,0.726683606259826
"distancia_media_ponderada","WBGT","linear",16.3961016949153,0.628104555479101,0.545494345263483,0.723225338702717
"distancia_media_ponderada","WBGT","linear",16.6676271186441,0.626733296754296,0.545688110224759,0.719815253256523
"distancia_media_ponderada","WBGT","linear",16.9391525423729,0.625365031719752,0.54585653689395,0.71645459285546
"distancia_media_ponderada","WBGT","linear",17.2106779661017,0.623999753839735,0.54599817775274,0.713144674575052
"distancia_media_ponderada","WBGT","linear",17.4822033898305,0.62263745659278,0.546111510535615,0.709886890997958
"distancia_media_ponderada","WBGT","linear",17.7537288135593,0.621278133471661,0.546194937475788,0.706682710963685
"distancia_media_ponderada","WBGT","linear",18.0252542372881,0.619921777983356,0.546246785318682,0.703533679550794
"distancia_media_ponderada","WBGT","linear",18.2967796610169,0.618568383649019,0.546265306272869,0.70044141712165
"distancia_media_ponderada","WBGT","linear",18.5683050847458,0.617217944003951,0.546248680085843,0.697407617242383
"distancia_media_ponderada","WBGT","linear",18.8398305084746,0.615870452597562,0.546195017446938,0.694434043275715
"distancia_media_ponderada","WBGT","linear",19.1113559322034,0.614525902993349,0.546102364930601,0.691522523433463
"distancia_media_ponderada","WBGT","linear",19.3828813559322,0.613184288768859,0.54596871169786,0.688674944070875
"distancia_media_ponderada","WBGT","linear",19.654406779661,0.611845603515659,0.545791998169785,0.685893241008979
"distancia_media_ponderada","WBGT","linear",19.9259322033898,0.610509840839309,0.545570126871405,0.683179388686529
"distancia_media_ponderada","WBGT","linear",20.1974576271186,0.609176994359328,0.545300975614936,0.680535386972633
"distancia_media_ponderada","WBGT","linear",20.4689830508475,0.607847057709166,0.544982413144838,0.677963245517604
"distancia_media_ponderada","WBGT","linear",20.7405084745763,0.60652002453617,0.54461231730175,0.675464965584931
"distancia_media_ponderada","WBGT","linear",21.0120338983051,0.605195888501558,0.544188595676656,0.673042519393064
"distancia_media_ponderada","WBGT","linear",21.2835593220339,0.603874643280385,0.543709208620708,0.670697827101549
"distancia_media_ponderada","WBGT","linear",21.5550847457627,0.602556282561515,0.543172194352213,0.668432731700036
"distancia_media_ponderada","WBGT","linear",21.8266101694915,0.601240800047592,0.542575695764617,0.666248972196299
"distancia_media_ponderada","WBGT","linear",22.0981355932203,0.599928189455005,0.541917988395267,0.664148155643515
"distancia_media_ponderada","WBGT","linear",22.3696610169492,0.598618444513863,0.541197508873714,0.662131728688011
"distancia_media_ponderada","WBGT","linear",22.641186440678,0.597311558967965,0.540412883042566,0.660200949444498
"distancia_media_ponderada","WBGT","linear",22.9127118644068,0.596007526574764,0.539562952846319,0.658356860603336
"distancia_media_ponderada","WBGT","linear",23.1842372881356,0.594706341105346,0.538646801027538,0.65660026473048
"distancia_media_ponderada","WBGT","linear",23.4557627118644,0.593407996344392,0.537663772666441,0.654931702724045
"distancia_media_ponderada","WBGT","linear",23.7272881355932,0.592112486090155,0.536613492657092,0.653351436334277
"distancia_media_ponderada","WBGT","linear",23.998813559322,0.590819804154426,0.535495878333527,0.651859435533622
"distancia_media_ponderada","WBGT","linear",24.2703389830508,0.589529944362506,0.534311146638263,0.65045537134443
"distancia_media_ponderada","WBGT","linear",24.5418644067797,0.588242900553177,0.533059815453332,0.649138614504152
"distancia_media_ponderada","WBGT","linear",24.8133898305085,0.586958666578671,0.531742698973892,0.647908240087989
"distancia_media_ponderada","WBGT","linear",25.0849152542373,0.585677236304643,0.530360897276136,0.64676303793726
"distancia_media_ponderada","WBGT","linear",25.3564406779661,0.58439860361014,0.528915780492679,0.645701528480314
"distancia_media_ponderada","WBGT","linear",25.6279661016949,0.58312276238757,0.527408968238881,0.644721983302525
"distancia_media_ponderada","WBGT","linear",25.8994915254237,0.581849706542677,0.525842305115507,0.64382244963998
"distancia_media_ponderada","WBGT","linear",26.1710169491525,0.580579429994511,0.524217833235287,0.643000777849275
"distancia_media_ponderada","WBGT","linear",26.4425423728814,0.579311926675394,0.522537762778423,0.642254650848393
"distancia_media_ponderada","WBGT","linear",26.7140677966102,0.578047190530897,0.520804441576768,0.641581614528936
"distancia_media_ponderada","WBGT","linear",26.985593220339,0.576785215519811,0.519020324665651,0.640979108200715
"distancia_media_ponderada","WBGT","linear",27.2571186440678,0.575525995614111,0.517187944637729,0.64044449423435
"distancia_media_ponderada","WBGT","linear",27.5286440677966,0.574269524798936,0.515309883498383,0.639975086202341
"distancia_media_ponderada","WBGT","linear",27.8001694915254,0.573015797072556,0.513388746571072,0.639568174970194
"distancia_media_ponderada","WBGT","linear",28.0716949152542,0.571764806446342,0.5114271388465,0.639221052343769
"distancia_media_ponderada","WBGT","linear",28.343220338983,0.57051654694474,0.509427644021915,0.638931032026499
"distancia_media_ponderada","WBGT","linear",28.6147457627119,0.569271012605243,0.507392806344277,0.638695467772775
"distancia_media_ponderada","WBGT","linear",28.8862711864407,0.568028197478361,0.505325115258131,0.638511768736641
"distancia_media_ponderada","WBGT","linear",29.1577966101695,0.56678809562759,0.503226992768307,0.638377412105668
"distancia_media_ponderada","WBGT","linear",29.4293220338983,0.565550701129389,0.501100783359131,0.638289953178368
"distancia_media_ponderada","WBGT","linear",29.7008474576271,0.564316008073148,0.498948746264202,0.638247033091025
"distancia_media_ponderada","WBGT","linear",29.9723728813559,0.563084010561162,0.496773049851755,0.638246384428985
"distancia_media_ponderada","WBGT","linear",30.2438983050847,0.561854702708601,0.494575767876886,0.638285834971097
"distancia_media_ponderada","WBGT","linear",30.5154237288136,0.560628078643481,0.492358877350607,0.638363309817336
"distancia_media_ponderada","WBGT","linear",30.7869491525424,0.559404132506641,0.490124257783645,0.638476832141708
"distancia_media_ponderada","WBGT","linear",31.0584745762712,0.558182858451708,0.48787369157738,0.638624522798035
"distancia_media_ponderada","WBGT","linear",31.33,0.556964250645076,0.485608865353092,0.638804598987446
"distancia_media_ponderada","WBGT","ns2",15.31,0.656424301679736,0.517510495219768,0.832626328965067
"distancia_media_ponderada","WBGT","ns2",15.5815254237288,0.653776168623655,0.520099426490068,0.821810709434398
"distancia_media_ponderada","WBGT","ns2",15.8530508474576,0.651141272387024,0.522642222511625,0.811233647691681
"distancia_media_ponderada","WBGT","ns2",16.1245762711864,0.648522082499815,0.525126079747799,0.800914118932902
"distancia_media_ponderada","WBGT","ns2",16.3961016949153,0.645921028079587,0.52753766021906,0.790870502671113
"distancia_media_ponderada","WBGT","ns2",16.6676271186441,0.643340498486249,0.529863116733421,0.781120602513585
"distancia_media_ponderada","WBGT","ns2",16.9391525423729,0.640782844066177,0.532088141999024,0.771681646027532
"distancia_media_ponderada","WBGT","ns2",17.2106779661017,0.638250376983051,0.534198049780792,0.76257025626763
"distancia_media_ponderada","WBGT","ns2",17.4822033898305,0.63574537213292,0.536177897922323,0.753802384907291
"distancia_media_ponderada","WBGT","ns2",17.7537288135593,0.633270068141038,0.538012664468507,0.74539319552919
"distancia_media_ponderada","WBGT","ns2",18.0252542372881,0.630826668438155,0.5396874888367,0.737356884945673
"distancia_media_ponderada","WBGT","ns2",18.2967796610169,0.628417342414043,0.541187989319805,0.729706431111067
"distancia_media_ponderada","WBGT","ns2",18.5683050847458,0.626044226646154,0.542500665282871,0.722453259135858
"distancia_media_ponderada","WBGT","ns2",18.8398305084746,0.623709426201427,0.543613386261692,0.715606823091081
"distancia_media_ponderada","WBGT","ns2",19.1113559322034,0.621415016009412,0.544515959989023,0.709174111498518
"distancia_media_ponderada","WBGT","ns2",19.3828813559322,0.619163042304986,0.545200756995942,0.703159098803708
"distancia_media_ponderada","WBGT","ns2",19.654406779661,0.616955524139115,0.545663351913898,0.697562182673084
"distancia_media_ponderada","WBGT","ns2",19.9259322033898,0.614794454956239,0.545903123700705,0.692379664880182
"distancia_media_ponderada","WBGT","ns2",20.1974576271186,0.612681804237033,0.545923743232392,0.687603347347638
"distancia_media_ponderada","WBGT","ns2",20.4689830508475,0.610619519205454,0.545733472434904,0.683220319199267
"distancia_media_ponderada","WBGT","ns2",20.7405084745763,0.608609526599152,0.545345208826313,0.679213000998812
"distancia_media_ponderada","WBGT","ns2",21.0120338983051,0.606653734502501,0.544776234212434,0.675559487498346
"distancia_media_ponderada","WBGT","ns2",21.2835593220339,0.604754034241692,0.544047662690456,0.672234193825932
"distancia_media_ponderada","WBGT","ns2",21.5550847457627,0.602912302341504,0.543183622898786,0.669208770277056
"distancia_media_ponderada","WBGT","ns2",21.8266101694915,0.601130402543582,0.542210242498149,0.666453217846475
"distancia_media_ponderada","WBGT","ns2",22.0981355932203,0.59941018788623,0.541154520933454,0.663937118592395
"distancia_media_ponderada","WBGT","ns2",22.3696610169492,0.597753502845951,0.54004317628127,0.661630895190697
"distancia_media_ponderada","WBGT","ns2",22.641186440678,0.596162185541161,0.538901535782878,0.65950703026463
"distancia_media_ponderada","WBGT","ns2",22.9127118644068,0.594638069998739,0.537752513873806,0.657541201889766
"distancia_media_ponderada","WBGT","ns2",23.1842372881356,0.59318298848428,0.53661569372493,0.655713319498085
"distancia_media_ponderada","WBGT","ns2",23.4557627118644,0.591798773897179,0.535506504851849,0.654008467895447
"distancia_media_ponderada","WBGT","ns2",23.7272881355932,0.590487262231875,0.534435474217848,0.652417782274624
"distancia_media_ponderada","WBGT","ns2",23.998813559322,0.589250295106876,0.533407523281995,0.650939282121784
"distancia_media_ponderada","WBGT","ns2",24.2703389830508,0.588089722363395,0.532421289221375,0.649578686185207
"distancia_media_ponderada","WBGT","ns2",24.5418644067797,0.587007394122101,0.531468450642784,0.648350208440916
"distancia_media_ponderada","WBGT","ns2",24.8133898305085,0.586003558324032,0.530531069427903,0.647276267417724
"distancia_media_ponderada","WBGT","ns2",25.0849152542373,0.585075158764416,0.529580332009859,0.646385299287953
"distancia_media_ponderada","WBGT","ns2",25.3564406779661,0.584218774774391,0.528582486738419,0.6457110959255
"distancia_media_ponderada","WBGT","ns2",25.6279661016949,0.583431031033538,0.527501031979074,0.64529118871252
"distancia_media_ponderada","WBGT","ns2",25.8994915254237,0.582708593695143,0.526298524487958,0.645164843463171
"distancia_media_ponderada","WBGT","ns2",26.1710169491525,0.582048166716918,0.524938563896702,0.645370890383261
"distancia_media_ponderada","WBGT","ns2",26.4425423728814,0.581446488391295,0.523387823255617,0.645945518486879
"distancia_media_ponderada","WBGT","ns2",26.7140677966102,0.580900328069971,0.521617931147581,0.646920228392852
"distancia_media_ponderada","WBGT","ns2",26.985593220339,0.580406483077879,0.519606986526711,0.648320161841232
"distancia_media_ponderada","WBGT","ns2",27.2571186440678,0.57996177581228,0.517340520954235,0.65016299280583
"distancia_media_ponderada","WBGT","ns2",27.5286440677966,0.579563051023104,0.514811810618485,0.652458477414637
"distancia_media_ponderada","WBGT","ns2",27.8001694915254,0.579207173271106,0.512021555481877,0.655208644981704
"distancia_media_ponderada","WBGT","ns2",28.0716949152542,0.578891024560789,0.508977046953741,0.658408508443992
"distancia_media_ponderada","WBGT","ns2",28.343220338983,0.578611502145436,0.505691008004864,0.662047110024502
"distancia_media_ponderada","WBGT","ns2",28.6147457627119,0.578365516501905,0.502180300303716,0.66610870732326
"distancia_media_ponderada","WBGT","ns2",28.8862711864407,0.578149989473195,0.498464661741538,0.670573936294752
"distancia_media_ponderada","WBGT","ns2",29.1577966101695,0.577961852577032,0.494565585089214,0.67542084023905
"distancia_media_ponderada","WBGT","ns2",29.4293220338983,0.577798045479031,0.490505394217639,0.680625708289883
"distancia_media_ponderada","WBGT","ns2",29.7008474576271,0.577655514629213,0.486306530779976,0.686163710461278
"distancia_media_ponderada","WBGT","ns2",29.9723728813559,0.577531212060843,0.481991035868004,0.692009344746007
"distancia_media_ponderada","WBGT","ns2",30.2438983050847,0.577422094350811,0.47758019667306,0.698136726286257
"distancia_media_ponderada","WBGT","ns2",30.5154237288136,0.577325121740853,0.47309432385776,0.704519753006594
"distancia_media_ponderada","WBGT","ns2",30.7869491525424,0.57723725741914,0.468552627167069,0.711132180321683
"distancia_media_ponderada","WBGT","ns2",31.0584745762712,0.577155466961815,0.4639731615947,0.717947632787638
"distancia_media_ponderada","WBGT","ns2",31.33,0.577076717934186,0.459372822079618,0.724939574949373
"densidade_ponderada","Ta_RH_Rad","linear",11.58,3.19116829271655,2.53329834604481,3.8490382393883
"densidade_ponderada","Ta_RH_Rad","linear",12.0038983050847,3.20287519519871,2.55876325944774,3.84698713094969
"densidade_ponderada","Ta_RH_Rad","linear",12.4277966101695,3.21458209768087,2.58400461536069,3.84515958000106
"densidade_ponderada","Ta_RH_Rad","linear",12.8516949152542,3.22628900016303,2.60900770850495,3.84357029182111
"densidade_ponderada","Ta_RH_Rad","linear",13.275593220339,3.23799590264519,2.63375680986629,3.84223499542409
"densidade_ponderada","Ta_RH_Rad","linear",13.6994915254237,3.24970280512735,2.65823511721626,3.84117049303844
"densidade_ponderada","Ta_RH_Rad","linear",14.1233898305085,3.26140970760951,2.68242471053885,3.84039470468017
"densidade_ponderada","Ta_RH_Rad","linear",14.5472881355932,3.27311661009167,2.70630651472255,3.83992670546078
"densidade_ponderada","Ta_RH_Rad","linear",14.971186440678,3.28482351257383,2.72986027236671,3.83978675278095
"densidade_ponderada","Ta_RH_Rad","linear",15.3950847457627,3.29653041505599,2.75306453007383,3.83999630003814
"densidade_ponderada","Ta_RH_Rad","linear",15.8189830508475,3.30823731753815,2.77589664213649,3.8405779929398
"densidade_ponderada","Ta_RH_Rad","linear",16.2428813559322,3.31994422002031,2.7983327960425,3.84155564399811
"densidade_ponderada","Ta_RH_Rad","linear",16.6667796610169,3.33165112250246,2.82034806466824,3.84295418033668
"densidade_ponderada","Ta_RH_Rad","linear",17.0906779661017,3.34335802498462,2.84191649034025,3.84479955962899
"densidade_ponderada","Ta_RH_Rad","linear",17.5145762711864,3.35506492746678,2.86301120603813,3.84711864889544
"densidade_ponderada","Ta_RH_Rad","linear",17.9384745762712,3.36677182994894,2.88360459878929,3.84993906110859
"densidade_ponderada","Ta_RH_Rad","linear",18.3623728813559,3.3784787324311,2.90366851966122,3.85328894520098
"densidade_ponderada","Ta_RH_Rad","linear",18.7862711864407,3.39018563491326,2.92317454358449,3.85719672624203
"densidade_ponderada","Ta_RH_Rad","linear",19.2101694915254,3.40189253739542,2.94209428045331,3.86169079433753
"densidade_ponderada","Ta_RH_Rad","linear",19.6340677966102,3.41359943987758,2.96039973650242,3.86679914325274
"densidade_ponderada","Ta_RH_Rad","linear",20.0579661016949,3.42530634235974,2.97806372187164,3.87254896284784
"densidade_ponderada","Ta_RH_Rad","linear",20.4818644067797,3.4370132448419,2.99506029665374,3.87896619303005
"densidade_ponderada","Ta_RH_Rad","linear",20.9057627118644,3.44872014732406,3.01136524380433,3.88607505084378
"densidade_ponderada","Ta_RH_Rad","linear",21.3296610169492,3.46042704980622,3.02695655341378,3.89389754619865
"densidade_ponderada","Ta_RH_Rad","linear",21.7535593220339,3.47213395228838,3.04181489944262,3.90245300513413
"densidade_ponderada","Ta_RH_Rad","linear",22.1774576271186,3.48384085477053,3.05592408759398,3.91175762194709
"densidade_ponderada","Ta_RH_Rad","linear",22.6013559322034,3.49554775725269,3.06927145201276,3.92182406249263
"densidade_ponderada","Ta_RH_Rad","linear",23.0252542372881,3.50725465973485,3.08184817932277,3.93266114014694
"densidade_ponderada","Ta_RH_Rad","linear",23.4491525423729,3.51896156221701,3.09364954130344,3.94427358313059
"densidade_ponderada","Ta_RH_Rad","linear",23.8730508474576,3.53066846469917,3.10467502216749,3.95666190723085
"densidade_ponderada","Ta_RH_Rad","linear",24.2969491525424,3.54237536718133,3.1149283325492,3.96982240181346
"densidade_ponderada","Ta_RH_Rad","linear",24.7208474576271,3.55408226966349,3.12441730932693,3.98374723000005
"densidade_ponderada","Ta_RH_Rad","linear",25.1447457627119,3.56578917214565,3.13315370751563,3.99842463677567
"densidade_ponderada","Ta_RH_Rad","linear",25.5686440677966,3.57749607462781,3.14115289688847,4.01383925236715
"densidade_ponderada","Ta_RH_Rad","linear",25.9925423728814,3.58920297710997,3.14843348105437,4.02997247316557
"densidade_ponderada","Ta_RH_Rad","linear",26.4164406779661,3.60090987959213,3.15501685998322,4.04680289920104
"densidade_ponderada","Ta_RH_Rad","linear",26.8403389830508,3.61261678207429,3.16092675826569,4.06430680588288
"densidade_ponderada","Ta_RH_Rad","linear",27.2642372881356,3.62432368455645,3.16618874082276,4.08245862829013
"densidade_ponderada","Ta_RH_Rad","linear",27.6881355932203,3.6360305870386,3.17082973566262,4.10123143841458
"densidade_ponderada","Ta_RH_Rad","linear",28.1120338983051,3.64773748952076,3.17487758007462,4.12059739896691
"densidade_ponderada","Ta_RH_Rad","linear",28.5359322033898,3.65944439200292,3.17836060284422,4.14052818116163
"densidade_ponderada","Ta_RH_Rad","linear",28.9598305084746,3.67115129448508,3.18130725112986,4.1609953378403
"densidade_ponderada","Ta_RH_Rad","linear",29.3837288135593,3.68285819696724,3.18374576692839,4.18197062700609
"densidade_ponderada","Ta_RH_Rad","linear",29.8076271186441,3.6945650994494,3.18570391482495,4.20342628407385
"densidade_ponderada","Ta_RH_Rad","linear",30.2315254237288,3.70627200193156,3.1872087601152,4.22533524374792
"densidade_ponderada","Ta_RH_Rad","linear",30.6554237288136,3.71797890441372,3.18828649444183,4.24767131438561
"densidade_ponderada","Ta_RH_Rad","linear",31.0793220338983,3.72968580689588,3.18896230477288,4.27040930901888
"densidade_ponderada","Ta_RH_Rad","linear",31.5032203389831,3.74139270937804,3.18926028078513,4.29352513797094
"densidade_ponderada","Ta_RH_Rad","linear",31.9271186440678,3.7530996118602,3.18920335540069,4.3169958683197
"densidade_ponderada","Ta_RH_Rad","linear",32.3510169491525,3.76480651434236,3.18881327325042,4.3407997554343
"densidade_ponderada","Ta_RH_Rad","linear",32.7749152542373,3.77651341682452,3.18811058210364,4.36491625154539
"densidade_ponderada","Ta_RH_Rad","linear",33.198813559322,3.78822031930668,3.18711464272316,4.38932599589019
"densidade_ponderada","Ta_RH_Rad","linear",33.6227118644068,3.79992722178883,3.18584365310807,4.4140107904696
"densidade_ponderada","Ta_RH_Rad","linear",34.0466101694915,3.81163412427099,3.18431468362222,4.43895356491976
"densidade_ponderada","Ta_RH_Rad","linear",34.4705084745763,3.82334102675315,3.18254372003481,4.46413833347149
"densidade_ponderada","Ta_RH_Rad","linear",34.894406779661,3.83504792923531,3.18054571199806,4.48955014647256
"densidade_ponderada","Ta_RH_Rad","linear",35.3183050847458,3.84675483171747,3.17833462493967,4.51517503849528
"densidade_ponderada","Ta_RH_Rad","linear",35.7422033898305,3.85846173419963,3.17592349374808,4.54099997465118
"densidade_ponderada","Ta_RH_Rad","linear",36.1661016949153,3.87016863668179,3.17332447697467,4.56701279638891
"densidade_ponderada","Ta_RH_Rad","linear",36.59,3.88187553916395,3.1705489105702,4.5932021677577
"densidade_ponderada","Ta_RH_Rad","ns2",11.58,2.87521525634842,1.97726016673353,3.77317034596332
"densidade_ponderada","Ta_RH_Rad","ns2",12.0038983050847,2.90675598729794,2.04501461751454,3.76849735708135
"densidade_ponderada","Ta_RH_Rad","ns2",12.4277966101695,2.9382425191582,2.11203057539383,3.76445446292257
"densidade_ponderada","Ta_RH_Rad","ns2",12.8516949152542,2.96962065283991,2.17811073276829,3.76113057291153
"densidade_ponderada","Ta_RH_Rad","ns2",13.275593220339,3.00083618925381,2.24305514558756,3.75861723292007
"densidade_ponderada","Ta_RH_Rad","ns2",13.6994915254237,3.03183492931064,2.30666203306796,3.75700782555333
"densidade_ponderada","Ta_RH_Rad","ns2",14.1233898305085,3.06256267392112,2.36872900188497,3.75639634595727
"densidade_ponderada","Ta_RH_Rad","ns2",14.5472881355932,3.09296522399598,2.42905481340821,3.75687563458376
"densidade_ponderada","Ta_RH_Rad","ns2",14.971186440678,3.12298838044596,2.48744181528934,3.75853494560258
"densidade_ponderada","Ta_RH_Rad","ns2",15.3950847457627,3.15257794418178,2.54369914218263,3.76145674618093
"densidade_ponderada","Ta_RH_Rad","ns2",15.8189830508475,3.18167971611418,2.59764674382328,3.76571268840508
"densidade_ponderada","Ta_RH_Rad","ns2",16.2428813559322,3.21023949715388,2.64912021179479,3.77135878251297
"densidade_ponderada","Ta_RH_Rad","ns2",16.6667796610169,3.23820308821162,2.69797624382511,3.77842993259812
"densidade_ponderada","Ta_RH_Rad","ns2",17.0906779661017,3.26551629019812,2.74409841280058,3.78693416759566
"densidade_ponderada","Ta_RH_Rad","ns2",17.5145762711864,3.29212490402412,2.78740272157877,3.79684708646948
"densidade_ponderada","Ta_RH_Rad","ns2",17.9384745762712,3.31797473060035,2.82784226923364,3.80810719196706
"densidade_ponderada","Ta_RH_Rad","ns2",18.3623728813559,3.34301157083754,2.8654102875596,3.82061285411548
"densidade_ponderada","Ta_RH_Rad","ns2",18.7862711864407,3.36718122564642,2.90014087969953,3.8342215715933
"densidade_ponderada","Ta_RH_Rad","ns2",19.2101694915254,3.39042949593771,2.93210702356426,3.84875196831117
"densidade_ponderada","Ta_RH_Rad","ns2",19.6340677966102,3.41270218262216,2.96141575626218,3.86398860898213
"densidade_ponderada","Ta_RH_Rad","ns2",20.0579661016949,3.43394508661049,2.9882008466573,3.87968932656367
"densidade_ponderada","Ta_RH_Rad","ns2",20.4818644067797,3.45410400881342,3.01261358497872,3.89559443264812
"densidade_ponderada","Ta_RH_Rad","ns2",20.9057627118644,3.4731247501417,3.03481248664388,3.91143701363952
"densidade_ponderada","Ta_RH_Rad","ns2",21.3296610169492,3.49095311150605,3.05495269249738,3.92695353051472
"densidade_ponderada","Ta_RH_Rad","ns2",21.7535593220339,3.50753489381721,3.0731756800519,3.94189410758251
"densidade_ponderada","Ta_RH_Rad","ns2",22.1774576271186,3.52281589798589,3.08959964961298,3.9560321463588
"densidade_ponderada","Ta_RH_Rad","ns2",22.6013559322034,3.53674192492284,3.1043106924703,3.96917315737538
"densidade_ponderada","Ta_RH_Rad","ns2",23.0252542372881,3.54925877553879,3.11735464615114,3.98116290492643
"densidade_ponderada","Ta_RH_Rad","ns2",23.4491525423729,3.56031225074446,3.12872942964548,3.99189507184344
"densidade_ponderada","Ta_RH_Rad","ns2",23.8730508474576,3.56984815145058,3.13837764526723,4.00131865763394
"densidade_ponderada","Ta_RH_Rad","ns2",24.2969491525424,3.5778122785679,3.14617933993253,4.00944521720326
"densidade_ponderada","Ta_RH_Rad","ns2",24.7208474576271,3.58415043332579,3.1519450427273,4.01635582392428
"densidade_ponderada","Ta_RH_Rad","ns2",25.1447457627119,3.58882893008861,3.15542562017078,4.02223224000644
"densidade_ponderada","Ta_RH_Rad","ns2",25.5686440677966,3.59189007675573,3.15636316848366,4.0274169850278
"densidade_ponderada","Ta_RH_Rad","ns2",25.9925423728814,3.59339377518255,3.15447095258072,4.03231659778437
"densidade_ponderada","Ta_RH_Rad","ns2",26.4164406779661,3.59339992722445,3.14943929139964,4.03736056304927
"densidade_ponderada","Ta_RH_Rad","ns2",26.8403389830508,3.59196843473685,3.14095609802926,4.04298077144444
"densidade_ponderada","Ta_RH_Rad","ns2",27.2642372881356,3.58915919957514,3.1287289808795,4.04958941827077
"densidade_ponderada","Ta_RH_Rad","ns2",27.6881355932203,3.5850321235947,3.11250675042838,4.05755749676103
"densidade_ponderada","Ta_RH_Rad","ns2",28.1120338983051,3.57964710865094,3.09209763636298,4.06719658093891
"densidade_ponderada","Ta_RH_Rad","ns2",28.5359322033898,3.57306405659926,3.06738173120507,4.07874638199346
"densidade_ponderada","Ta_RH_Rad","ns2",28.9598305084746,3.56534286929505,3.03831618199897,4.09236955659113
"densidade_ponderada","Ta_RH_Rad","ns2",29.3837288135593,3.55654344859371,3.00493311876489,4.10815377842252
"densidade_ponderada","Ta_RH_Rad","ns2",29.8076271186441,3.54672569635063,2.9673316869118,4.12611970578945
"densidade_ponderada","Ta_RH_Rad","ns2",30.2315254237288,3.5359495144212,2.92566637663911,4.1462326522033
"densidade_ponderada","Ta_RH_Rad","ns2",30.6554237288136,3.52427480466084,2.88013396034688,4.1684156489748
"densidade_ponderada","Ta_RH_Rad","ns2",31.0793220338983,3.51176146892492,2.83096091466205,4.1925620231878
"densidade_ponderada","Ta_RH_Rad","ns2",31.5032203389831,3.49846940906886,2.77839251867113,4.21854629946658
"densidade_ponderada","Ta_RH_Rad","ns2",31.9271186440678,3.48445852694804,2.72268415484091,4.24623289905516
"densidade_ponderada","Ta_RH_Rad","ns2",32.3510169491525,3.46978872441785,2.66409484430867,4.27548260452704
"densidade_ponderada","Ta_RH_Rad","ns2",32.7749152542373,3.45451990333371,2.60288275755441,4.30615704911302
"densidade_ponderada","Ta_RH_Rad","ns2",33.198813559322,3.438711965551,2.53930231939936,4.33812161170264
"densidade_ponderada","Ta_RH_Rad","ns2",33.6227118644068,3.42242481292512,2.47360251577949,4.37124711007075
"densidade_ponderada","Ta_RH_Rad","ns2",34.0466101694915,3.40571834731147,2.40602605640583,4.40541063821711
"densidade_ponderada","Ta_RH_Rad","ns2",34.4705084745763,3.38865247056544,2.33680911562875,4.44049582550212
"densidade_ponderada","Ta_RH_Rad","ns2",34.894406779661,3.37128708454242,2.26618144245209,4.47639272663275
"densidade_ponderada","Ta_RH_Rad","ns2",35.3183050847458,3.35368209109782,2.19436668986444,4.51299749233121
"densidade_ponderada","Ta_RH_Rad","ns2",35.7422033898305,3.33589739208704,2.12158286047537,4.5502119236987
"densidade_ponderada","Ta_RH_Rad","ns2",36.1661016949153,3.31799288936546,2.04804280037302,4.58794297835789
"densidade_ponderada","Ta_RH_Rad","ns2",36.59,3.30002848478848,1.97395469808856,4.6261022714884
"clustering_rede_ponderado","Ta_RH_Rad","linear",11.58,0.140214029627716,0.115118017367558,0.165310041887875
"clustering_rede_ponderado","Ta_RH_Rad","linear",12.0038983050847,0.141518568854768,0.116933742792464,0.166103394917072
"clustering_rede_ponderado","Ta_RH_Rad","linear",12.4277966101695,0.14282310808182,0.118741305244745,0.166904910918895
"clustering_rede_ponderado","Ta_RH_Rad","linear",12.8516949152542,0.144127647308872,0.120540182471122,0.167715112146621
"clustering_rede_ponderado","Ta_RH_Rad","linear",13.275593220339,0.145432186535923,0.122329816932814,0.168534556139033
"clustering_rede_ponderado","Ta_RH_Rad","linear",13.6994915254237,0.146736725762975,0.124109614164196,0.169363837361755
"clustering_rede_ponderado","Ta_RH_Rad","linear",14.1233898305085,0.148041264990027,0.125878941295368,0.170203588684686
"clustering_rede_ponderado","Ta_RH_Rad","linear",14.5472881355932,0.149345804217079,0.127637125813998,0.17105448262016
"clustering_rede_ponderado","Ta_RH_Rad","linear",14.971186440678,0.150650343444131,0.129383454656905,0.171917232231356
"clustering_rede_ponderado","Ta_RH_Rad","linear",15.3950847457627,0.151954882671183,0.131117173737944,0.172792591604421
"clustering_rede_ponderado","Ta_RH_Rad","linear",15.8189830508475,0.153259421898234,0.132837488035282,0.173681355761187
"clustering_rede_ponderado","Ta_RH_Rad","linear",16.2428813559322,0.154563961125286,0.134543562377071,0.174584359873502
"clustering_rede_ponderado","Ta_RH_Rad","linear",16.6667796610169,0.155868500352338,0.136234523078474,0.175502477626202
"clustering_rede_ponderado","Ta_RH_Rad","linear",17.0906779661017,0.15717303957939,0.137909460593076,0.176436618565704
"clustering_rede_ponderado","Ta_RH_Rad","linear",17.5145762711864,0.158477578806442,0.139567433345562,0.177387724267322
"clustering_rede_ponderado","Ta_RH_Rad","linear",17.9384745762712,0.159782118033494,0.141207472907419,0.178356763159568
"clustering_rede_ponderado","Ta_RH_Rad","linear",18.3623728813559,0.161086657260545,0.142828590660112,0.179344723860979
"clustering_rede_ponderado","Ta_RH_Rad","linear",18.7862711864407,0.162391196487597,0.144429786057722,0.180352606917473
"clustering_rede_ponderado","Ta_RH_Rad","linear",19.2101694915254,0.163695735714649,0.14601005655061,0.181381414878688
"clustering_rede_ponderado","Ta_RH_Rad","linear",19.6340677966102,0.165000274941701,0.147568409161627,0.182432140721774
"clustering_rede_ponderado","Ta_RH_Rad","linear",20.0579661016949,0.166304814168753,0.149103873616737,0.183505754720769
"clustering_rede_ponderado","Ta_RH_Rad","linear",20.4818644067797,0.167609353395805,0.150615516825101,0.184603189966508
"clustering_rede_ponderado","Ta_RH_Rad","linear",20.9057627118644,0.168913892622856,0.152102458385176,0.185725326860537
"clustering_rede_ponderado","Ta_RH_Rad","linear",21.3296610169492,0.170218431849908,0.153563886672022,0.186872977027795
"clustering_rede_ponderado","Ta_RH_Rad","linear",21.7535593220339,0.17152297107696,0.154999074948778,0.188046867205142
"clustering_rede_ponderado","Ta_RH_Rad","linear",22.1774576271186,0.172827510304012,0.156407396855988,0.189247623752035
"clustering_rede_ponderado","Ta_RH_Rad","linear",22.6013559322034,0.174132049531064,0.157788340580667,0.19047575848146
"clustering_rede_ponderado","Ta_RH_Rad","linear",23.0252542372881,0.175436588758116,0.15914152100487,0.191731656511362
"clustering_rede_ponderado","Ta_RH_Rad","linear",23.4491525423729,0.176741127985167,0.160466689189043,0.193015566781292
"clustering_rede_ponderado","Ta_RH_Rad","linear",23.8730508474576,0.178045667212219,0.161763738659587,0.194327595764851
"clustering_rede_ponderado","Ta_RH_Rad","linear",24.2969491525424,0.179350206439271,0.163032708136053,0.19566770474249
"clustering_rede_ponderado","Ta_RH_Rad","linear",24.7208474576271,0.180654745666323,0.164273780536748,0.197035710795898
"clustering_rede_ponderado","Ta_RH_Rad","linear",25.1447457627119,0.181959284893375,0.165487278321755,0.198431291464995
"clustering_rede_ponderado","Ta_RH_Rad","linear",25.5686440677966,0.183263824120427,0.166673655446392,0.199853992794462
"clustering_rede_ponderado","Ta_RH_Rad","linear",25.9925423728814,0.184568363347478,0.167833486383824,0.201303240311133
"clustering_rede_ponderado","Ta_RH_Rad","linear",26.4164406779661,0.18587290257453,0.168967452815275,0.202778352333786
"clustering_rede_ponderado","Ta_RH_Rad","linear",26.8403389830508,0.187177441801582,0.170076328669536,0.204278554933629
"clustering_rede_ponderado","Ta_RH_Rad","linear",27.2642372881356,0.188481981028634,0.17116096421767,0.205802997839598
"clustering_rede_ponderado","Ta_RH_Rad","linear",27.6881355932203,0.189786520255686,0.172222269898934,0.207350770612438
"clustering_rede_ponderado","Ta_RH_Rad","linear",28.1120338983051,0.191091059482738,0.173261200480437,0.208920918485038
"clustering_rede_ponderado","Ta_RH_Rad","linear",28.5359322033898,0.192395598709789,0.17427874004976,0.210512457369819
"clustering_rede_ponderado","Ta_RH_Rad","linear",28.9598305084746,0.193700137936841,0.175275888221009,0.212124387652673
"clustering_rede_ponderado","Ta_RH_Rad","linear",29.3837288135593,0.195004677163893,0.176253647813654,0.213755706514132
"clustering_rede_ponderado","Ta_RH_Rad","linear",29.8076271186441,0.196309216390945,0.177213014150343,0.215405418631547
"clustering_rede_ponderado","Ta_RH_Rad","linear",30.2315254237288,0.197613755617997,0.178154966021705,0.217072545214289
"clustering_rede_ponderado","Ta_RH_Rad","linear",30.6554237288136,0.198918294845049,0.179080458286849,0.218756131403248
"clustering_rede_ponderado","Ta_RH_Rad","linear",31.0793220338983,0.2002228340721,0.179990416018758,0.220455252125443
"clustering_rede_ponderado","Ta_RH_Rad","linear",31.5032203389831,0.201527373299152,0.180885730063234,0.22216901653507
"clustering_rede_ponderado","Ta_RH_Rad","linear",31.9271186440678,0.202831912526204,0.181767253856031,0.223896571196377
"clustering_rede_ponderado","Ta_RH_Rad","linear",32.3510169491525,0.204136451753256,0.182635801332369,0.225637102174143
"clustering_rede_ponderado","Ta_RH_Rad","linear",32.7749152542373,0.205440990980308,0.18349214576308,0.227389836197535
"clustering_rede_ponderado","Ta_RH_Rad","linear",33.198813559322,0.20674553020736,0.184337019359097,0.229154041055622
"clustering_rede_ponderado","Ta_RH_Rad","linear",33.6227118644068,0.208050069434411,0.185171113498401,0.230929025370422
"clustering_rede_ponderado","Ta_RH_Rad","linear",34.0466101694915,0.209354608661463,0.185995079444773,0.232714137878154
"clustering_rede_ponderado","Ta_RH_Rad","linear",34.4705084745763,0.210659147888515,0.186809529444036,0.234508766332994
"clustering_rede_ponderado","Ta_RH_Rad","linear",34.894406779661,0.211963687115567,0.187615038099916,0.236312336131218
"clustering_rede_ponderado","Ta_RH_Rad","linear",35.3183050847458,0.213268226342619,0.188412143947242,0.238124308737996
"clustering_rede_ponderado","Ta_RH_Rad","linear",35.7422033898305,0.214572765569671,0.189201351154575,0.239944179984766
"clustering_rede_ponderado","Ta_RH_Rad","linear",36.1661016949153,0.215877304796722,0.189983131301175,0.24177147829227
"clustering_rede_ponderado","Ta_RH_Rad","linear",36.59,0.217181844023774,0.19075792518438,0.243605762863168
"clustering_rede_ponderado","Ta_RH_Rad","ns2",11.58,0.13422283329916,0.101745114404698,0.166700552193621
"clustering_rede_ponderado","Ta_RH_Rad","ns2",12.0038983050847,0.135915319102092,0.104671957301585,0.167158680902599
"clustering_rede_ponderado","Ta_RH_Rad","ns2",12.4277966101695,0.13760676873108,0.107571827980275,0.167641709481885
"clustering_rede_ponderado","Ta_RH_Rad","ns2",12.8516949152542,0.139296146012177,0.110438867056665,0.168153424967689
"clustering_rede_ponderado","Ta_RH_Rad","ns2",13.275593220339,0.140982414771441,0.113267164615739,0.168697664927142
"clustering_rede_ponderado","Ta_RH_Rad","ns2",13.6994915254237,0.142664538834924,0.116050797952171,0.169278279717678
"clustering_rede_ponderado","Ta_RH_Rad","ns2",14.1233898305085,0.144341482028684,0.118783884151806,0.169899079905561
"clustering_rede_ponderado","Ta_RH_Rad","ns2",14.5472881355932,0.146012208178774,0.121460650499474,0.170563765858073
"clustering_rede_ponderado","Ta_RH_Rad","ns2",14.971186440678,0.14767568111125,0.124075525263225,0.171275836959275
"clustering_rede_ponderado","Ta_RH_Rad","ns2",15.3950847457627,0.149330864652167,0.12662325030392,0.172038479000414
"clustering_rede_ponderado","Ta_RH_Rad","ns2",15.8189830508475,0.15097672262758,0.129099014982437,0.172854430272723
"clustering_rede_ponderado","Ta_RH_Rad","ns2",16.2428813559322,0.152612218863545,0.131498607869617,0.173725829857473
"clustering_rede_ponderado","Ta_RH_Rad","ns2",16.6667796610169,0.154236317186116,0.133818578905283,0.174654055466949
"clustering_rede_ponderado","Ta_RH_Rad","ns2",17.0906779661017,0.155847981421349,0.136056400336515,0.175639562506182
"clustering_rede_ponderado","Ta_RH_Rad","ns2",17.5145762711864,0.157446175395298,0.13821061082258,0.176681739968017
"clustering_rede_ponderado","Ta_RH_Rad","ns2",17.9384745762712,0.159029862934019,0.140280924664014,0.177778801204025
"clustering_rede_ponderado","Ta_RH_Rad","ns2",18.3623728813559,0.160598007863568,0.142268288352067,0.178927727375069
"clustering_rede_ponderado","Ta_RH_Rad","ns2",18.7862711864407,0.162149574009998,0.144174870255795,0.180124277764202
"clustering_rede_ponderado","Ta_RH_Rad","ns2",19.2101694915254,0.163683525199366,0.14600397609351,0.181363074305222
"clustering_rede_ponderado","Ta_RH_Rad","ns2",19.6340677966102,0.165198825257726,0.147759891636461,0.182637758878991
"clustering_rede_ponderado","Ta_RH_Rad","ns2",20.0579661016949,0.166694438011134,0.149447662846683,0.183941213175585
"clustering_rede_ponderado","Ta_RH_Rad","ns2",20.4818644067797,0.168169327285644,0.151072830235301,0.185265824335987
"clustering_rede_ponderado","Ta_RH_Rad","ns2",20.9057627118644,0.169622456907312,0.152641137183328,0.186603776631296
"clustering_rede_ponderado","Ta_RH_Rad","ns2",21.3296610169492,0.171052790702193,0.154158230971909,0.187947350432477
"clustering_rede_ponderado","Ta_RH_Rad","ns2",21.7535593220339,0.172459292496342,0.155629371111064,0.18928921388162
"clustering_rede_ponderado","Ta_RH_Rad","ns2",22.1774576271186,0.173840926115814,0.157059153694342,0.190622698537286
"clustering_rede_ponderado","Ta_RH_Rad","ns2",22.6013559322034,0.175196655386665,0.158451254504363,0.191942056268966
"clustering_rede_ponderado","Ta_RH_Rad","ns2",23.0252542372881,0.176525444134949,0.159808188696307,0.19324269957359
"clustering_rede_ponderado","Ta_RH_Rad","ns2",23.4491525423729,0.177826256186721,0.161131081871509,0.194521430501934
"clustering_rede_ponderado","Ta_RH_Rad","ns2",23.8730508474576,0.179098055368038,0.16241944661829,0.195776664117786
"clustering_rede_ponderado","Ta_RH_Rad","ns2",24.2969491525424,0.180339805504953,0.163670960354601,0.197008650655305
"clustering_rede_ponderado","Ta_RH_Rad","ns2",24.7208474576271,0.181550470429614,0.164881244764557,0.198219696094672
"clustering_rede_ponderado","Ta_RH_Rad","ns2",25.1447457627119,0.182729406142677,0.166043834404606,0.199414977880748
"clustering_rede_ponderado","Ta_RH_Rad","ns2",25.5686440677966,0.183877421483249,0.167150819300942,0.200604023665555
"clustering_rede_ponderado","Ta_RH_Rad","ns2",25.9925423728814,0.18499566165031,0.168193001143916,0.201798322156704
"clustering_rede_ponderado","Ta_RH_Rad","ns2",26.4164406779661,0.186085271842843,0.169160237497562,0.203010306188124
"clustering_rede_ponderado","Ta_RH_Rad","ns2",26.8403389830508,0.187147397259828,0.170041965301491,0.204252829218164
"clustering_rede_ponderado","Ta_RH_Rad","ns2",27.2642372881356,0.188183183100246,0.170827787816394,0.205538578384099
"clustering_rede_ponderado","Ta_RH_Rad","ns2",27.6881355932203,0.18919377456308,0.171508087835842,0.206879461290317
"clustering_rede_ponderado","Ta_RH_Rad","ns2",28.1120338983051,0.190180316847308,0.172074609627708,0.208286024066908
"clustering_rede_ponderado","Ta_RH_Rad","ns2",28.5359322033898,0.191143955151914,0.172520942891475,0.209766967412354
"clustering_rede_ponderado","Ta_RH_Rad","ns2",28.9598305084746,0.192085834675878,0.172842849961498,0.211328819390258
"clustering_rede_ponderado","Ta_RH_Rad","ns2",29.3837288135593,0.193007100618181,0.173038402289213,0.212975798947149
"clustering_rede_ponderado","Ta_RH_Rad","ns2",29.8076271186441,0.193908898177805,0.173107926428074,0.214709869927536
"clustering_rede_ponderado","Ta_RH_Rad","ns2",30.2315254237288,0.19479237255373,0.173053791916528,0.216530953190932
"clustering_rede_ponderado","Ta_RH_Rad","ns2",30.6554237288136,0.195658668944938,0.172880093902802,0.218437243987073
"clustering_rede_ponderado","Ta_RH_Rad","ns2",31.0793220338983,0.196508932550409,0.172592288286416,0.220425576814403
"clustering_rede_ponderado","Ta_RH_Rad","ns2",31.5032203389831,0.197344308569126,0.172196829049461,0.222491788088791
"clustering_rede_ponderado","Ta_RH_Rad","ns2",31.9271186440678,0.198165942200069,0.171700842295154,0.224631042104983
"clustering_rede_ponderado","Ta_RH_Rad","ns2",32.3510169491525,0.198974978642219,0.171111855330923,0.226838101953516
"clustering_rede_ponderado","Ta_RH_Rad","ns2",32.7749152542373,0.199772563094558,0.170437585884665,0.22910754030445
"clustering_rede_ponderado","Ta_RH_Rad","ns2",33.198813559322,0.200559840756066,0.169685787729763,0.231433893782369
"clustering_rede_ponderado","Ta_RH_Rad","ns2",33.6227118644068,0.201337956825725,0.16886414436335,0.2338117692881
"clustering_rede_ponderado","Ta_RH_Rad","ns2",34.0466101694915,0.202108056502516,0.167980200859654,0.236235912145377
"clustering_rede_ponderado","Ta_RH_Rad","ns2",34.4705084745763,0.20287128498542,0.167041324410177,0.238701245560662
"clustering_rede_ponderado","Ta_RH_Rad","ns2",34.894406779661,0.203628787473418,0.166054685398861,0.241202889547975
"clustering_rede_ponderado","Ta_RH_Rad","ns2",35.3183050847458,0.204381709165491,0.165027252498719,0.243736165832264
"clustering_rede_ponderado","Ta_RH_Rad","ns2",35.7422033898305,0.205131195260622,0.163965796852937,0.246296593668306
"clustering_rede_ponderado","Ta_RH_Rad","ns2",36.1661016949153,0.205878390957789,0.162876901751794,0.248879880163785
"clustering_rede_ponderado","Ta_RH_Rad","ns2",36.59,0.206624441455976,0.161766975289871,0.251481907622081
"centralizacao_grau_saida","Ta_RH_Rad","linear",11.58,3.26350985051519,2.41650800880286,4.40739137036255
"centralizacao_grau_saida","Ta_RH_Rad","linear",12.0038983050847,3.26771173882689,2.43446179632456,4.3861604335661
"centralizacao_grau_saida","Ta_RH_Rad","linear",12.4277966101695,3.27191903722349,2.45229494010006,4.36548394366817
"centralizacao_grau_saida","Ta_RH_Rad","linear",12.8516949152542,3.27613175267068,2.4699865110017,4.34538375535675
"centralizacao_grau_saida","Ta_RH_Rad","linear",13.275593220339,3.28034989214311,2.48751403208742,4.32588330199424
"centralizacao_grau_saida","Ta_RH_Rad","linear",13.6994915254237,3.28457346262441,2.50485340800662,4.30700766635362
"centralizacao_grau_saida","Ta_RH_Rad","linear",14.1233898305085,3.2888024711072,2.52197886239551,4.28878364336765
"centralizacao_grau_saida","Ta_RH_Rad","linear",14.5472881355932,3.29303692459311,2.53886288671024,4.27123979144263
"centralizacao_grau_saida","Ta_RH_Rad","linear",14.971186440678,3.29727683009278,2.55547620459814,4.25440646823646
"centralizacao_grau_saida","Ta_RH_Rad","linear",15.3950847457627,3.30152219462588,2.57178775658938,4.23831584611889
"centralizacao_grau_saida","Ta_RH_Rad","linear",15.8189830508475,3.30577302522111,2.58776471056721,4.22300190185536
"centralizacao_grau_saida","Ta_RH_Rad","linear",16.2428813559322,3.31002932891623,2.60337250409691,4.20850037443499
"centralizacao_grau_saida","Ta_RH_Rad","linear",16.6667796610169,3.31429111275804,2.6185749251897,4.19484868446572
"centralizacao_grau_saida","Ta_RH_Rad","linear",17.0906779661017,3.31855838380245,2.63333423836335,4.18208580827558
"centralizacao_grau_saida","Ta_RH_Rad","linear",17.5145762711864,3.32283114911443,2.64761136282553,4.17025209989352
"centralizacao_grau_saida","Ta_RH_Rad","linear",17.9384745762712,3.32710941576805,2.66136610912985,4.15938905456028
"centralizacao_grau_saida","Ta_RH_Rad","linear",18.3623728813559,3.33139319084648,2.67455747960903,4.14953900846454
"centralizacao_grau_saida","Ta_RH_Rad","linear",18.7862711864407,3.33568248144202,2.68714403615791,4.14074477113191
"centralizacao_grau_saida","Ta_RH_Rad","linear",19.2101694915254,3.33997729465611,2.69908433643415,4.13304918939887
"centralizacao_grau_saida","Ta_RH_Rad","linear",19.6340677966102,3.34427763759931,2.71033743623686,4.12649464521119
"centralizacao_grau_saida","Ta_RH_Rad","linear",20.0579661016949,3.34858351739136,2.72086345177245,4.12112249353808
"centralizacao_grau_saida","Ta_RH_Rad","linear",20.4818644067797,3.35289494116115,2.73062417089261,4.11697245131658
"centralizacao_grau_saida","Ta_RH_Rad","linear",20.9057627118644,3.35721191604676,2.73958369749673,4.11408195323437
"centralizacao_grau_saida","Ta_RH_Rad","linear",21.3296610169492,3.36153444919545,2.7477091085593,4.11248549489018
"centralizacao_grau_saida","Ta_RH_Rad","linear",21.7535593220339,3.36586254776368,2.75497109920608,4.11221398790827
"centralizacao_grau_saida","Ta_RH_Rad","linear",22.1774576271186,3.37019621891715,2.76134458849422,4.11329415435151
"centralizacao_grau_saida","Ta_RH_Rad","linear",22.6013559322034,3.37453546983075,2.76680925758488,4.11574798874492
"centralizacao_grau_saida","Ta_RH_Rad","linear",23.0252542372881,3.37888030768863,2.77134999322164,4.11959231479605
"centralizacao_grau_saida","Ta_RH_Rad","linear",23.4491525423729,3.38323073968418,2.7749572129996,4.12483846032751
"centralizacao_grau_saida","Ta_RH_Rad","linear",23.8730508474576,3.38758677302007,2.77762705468351,4.13149206816324
"centralizacao_grau_saida","Ta_RH_Rad","linear",24.2969491525424,3.39194841490822,2.77936141934967,4.13955305319396
"centralizacao_grau_saida","Ta_RH_Rad","linear",24.7208474576271,3.39631567256986,2.78016786666289,4.14901570731028
"centralizacao_grau_saida","Ta_RH_Rad","linear",25.1447457627119,3.40068855323548,2.78005936927471,4.1598689452175
"centralizacao_grau_saida","Ta_RH_Rad","linear",25.5686440677966,3.40506706414493,2.77905394123965,4.17209667623529
"centralizacao_grau_saida","Ta_RH_Rad","linear",25.9925423728814,3.40945121254733,2.77717416171837,4.1856782808133
"centralizacao_grau_saida","Ta_RH_Rad","linear",26.4164406779661,3.41384100570118,2.77444661953503,4.20058916619559
"centralizacao_grau_saida","Ta_RH_Rad","linear",26.8403389830508,3.41823645087429,2.77090130615068,4.21680137367196
"centralizacao_grau_saida","Ta_RH_Rad","linear",27.2642372881356,3.42263755534384,2.76657098437971,4.23428421008924
"centralizacao_grau_saida","Ta_RH_Rad","linear",27.6881355932203,3.42704432639639,2.7614905580388,4.25300487843301
"centralizacao_grau_saida","Ta_RH_Rad","linear",28.1120338983051,3.43145677132787,2.75569646416881,4.27292908583947
"centralizacao_grau_saida","Ta_RH_Rad","linear",28.5359322033898,3.43587489744361,2.7492261050673,4.29402161179978
"centralizacao_grau_saida","Ta_RH_Rad","linear",28.9598305084746,3.44029871205834,2.74211733264938,4.31624682403903
"centralizacao_grau_saida","Ta_RH_Rad","linear",29.3837288135593,3.4447282224962,2.73440799306875,4.33956913413818
"centralizacao_grau_saida","Ta_RH_Rad","linear",29.8076271186441,3.44916343609079,2.7261355354101,4.36395338908781
"centralizacao_grau_saida","Ta_RH_Rad","linear",30.2315254237288,3.45360436018512,2.71733668481252,4.38936519841397
"centralizacao_grau_saida","Ta_RH_Rad","linear",30.6554237288136,3.45805100213167,2.70804717768898,4.41577119921109
"centralizacao_grau_saida","Ta_RH_Rad","linear",31.0793220338983,3.46250336929239,2.69830155476629,4.44313926335766
"centralizacao_grau_saida","Ta_RH_Rad","linear",31.5032203389831,3.46696146903869,2.6881330064156,4.47143865244463
"centralizacao_grau_saida","Ta_RH_Rad","linear",31.9271186440678,3.47142530875149,2.67757326407134,4.50064012661851
"centralizacao_grau_saida","Ta_RH_Rad","linear",32.3510169491525,3.47589489582121,2.66665253132861,4.53071601374941
"centralizacao_grau_saida","Ta_RH_Rad","linear",32.7749152542373,3.48037023764778,2.6553994484458,4.56164024519706
"centralizacao_grau_saida","Ta_RH_Rad","linear",33.198813559322,3.48485134164066,2.64384108435591,4.59338836407154
"centralizacao_grau_saida","Ta_RH_Rad","linear",33.6227118644068,3.48933821521885,2.63200295081553,4.62593751135957
"centralizacao_grau_saida","Ta_RH_Rad","linear",34.0466101694915,3.4938308658109,2.61990903392461,4.65926639468361
"centralizacao_grau_saida","Ta_RH_Rad","linear",34.4705084745763,3.49832930085493,2.60758183887805,4.69335524383228
"centralizacao_grau_saida","Ta_RH_Rad","linear",34.894406779661,3.50283352779863,2.59504244442588,4.72818575658585
"centralizacao_grau_saida","Ta_RH_Rad","linear",35.3183050847458,3.50734355409928,2.58231056409527,4.76374103778323
"centralizacao_grau_saida","Ta_RH_Rad","linear",35.7422033898305,3.51185938722378,2.56940461175236,4.80000553405267
"centralizacao_grau_saida","Ta_RH_Rad","linear",36.1661016949153,3.51638103464861,2.55634176954623,4.83696496616385
"centralizacao_grau_saida","Ta_RH_Rad","linear",36.59,3.5209085038599,2.54313805668064,4.87460626055572
"centralizacao_grau_saida","Ta_RH_Rad","ns2",11.58,2.74559118943816,1.80842825986725,4.16841029683631
"centralizacao_grau_saida","Ta_RH_Rad","ns2",12.0038983050847,2.77955926908376,1.8629810546957,4.14708980044426
"centralizacao_grau_saida","Ta_RH_Rad","ns2",12.4277966101695,2.81386282819579,1.91847197436757,4.12715125458748
"centralizacao_grau_saida","Ta_RH_Rad","ns2",12.8516949152542,2.84841811755961,1.97468433351607,4.1087507682786
"centralizacao_grau_saida","Ta_RH_Rad","ns2",13.275593220339,2.88313718325477,2.03137314553789,4.09204977220726
"centralizacao_grau_saida","Ta_RH_Rad","ns2",13.6994915254237,2.91792780410688,2.08826486037753,4.07721397392126
"centralizacao_grau_saida","Ta_RH_Rad","ns2",14.1233898305085,2.95269345761826,2.14505807616665,4.06441147283153
"centralizacao_grau_saida","Ta_RH_Rad","ns2",14.5472881355932,2.98733331669027,2.2014255503491,4.0538097432332
"centralizacao_grau_saida","Ta_RH_Rad","ns2",14.971186440678,3.02174227946382,2.25701786769796,4.04557116457933
"centralizacao_grau_saida","Ta_RH_Rad","ns2",15.3950847457627,3.05581103458833,2.31146911423678,4.03984678903879
"centralizacao_grau_saida","Ta_RH_Rad","ns2",15.8189830508475,3.0894261641814,2.36440482814865,4.03676811614449
"centralizacao_grau_saida","Ta_RH_Rad","ns2",16.2428813559322,3.12247028665767,2.41545231963899,4.03643682460154
"centralizacao_grau_saida","Ta_RH_Rad","ns2",16.6667796610169,3.15482224148439,2.46425314933105,4.03891271400685
"centralizacao_grau_saida","Ta_RH_Rad","ns2",17.0906779661017,3.18635731775954,2.51047713551817,4.04420052777903
"centralizacao_grau_saida","Ta_RH_Rad","ns2",17.5145762711864,3.21694752830442,2.55383678001432,4.05223680732091
"centralizacao_grau_saida","Ta_RH_Rad","ns2",17.9384745762712,3.24646193071456,2.59410057462428,4.06287835201047
"centralizacao_grau_saida","Ta_RH_Rad","ns2",18.3623728813559,3.27476699651857,2.6311034297311,4.07589407558305
"centralizacao_grau_saida","Ta_RH_Rad","ns2",18.7862711864407,3.30172702925416,2.66475259283865,4.09096191706663
"centralizacao_grau_saida","Ta_RH_Rad","ns2",19.2101694915254,3.32720463188294,2.69502794789706,4.10767193381482
"centralizacao_grau_saida","Ta_RH_Rad","ns2",19.6340677966102,3.35106122353158,2.72197641272462,4.12553586848184
"centralizacao_grau_saida","Ta_RH_Rad","ns2",20.0579661016949,3.37315760506728,2.74570105939669,4.14400256345581
"centralizacao_grau_saida","Ta_RH_Rad","ns2",20.4818644067797,3.39335457249284,2.76634630704617,4.16247785945258
"centralizacao_grau_saida","Ta_RH_Rad","ns2",20.9057627118644,3.41151357658281,2.78408088761176,4.1803472503245
"centralizacao_grau_saida","Ta_RH_Rad","ns2",21.3296610169492,3.42749742658239,2.79908021940554,4.19699961715419
"centralizacao_grau_saida","Ta_RH_Rad","ns2",21.7535593220339,3.44117103515878,2.81150943897379,4.2118507336536
"centralizacao_grau_saida","Ta_RH_Rad","ns2",22.1774576271186,3.45240220113692,2.82150781028997,4.22436575044962
"centralizacao_grau_saida","Ta_RH_Rad","ns2",22.6013559322034,3.46106242587525,2.82917471858768,4.23408036170539
"centralizacao_grau_saida","Ta_RH_Rad","ns2",23.0252542372881,3.46702775844995,2.83455707797095,4.24062072035145
"centralizacao_grau_saida","Ta_RH_Rad","ns2",23.4491525423729,3.47017966412729,2.83763779171828,4.24372234415114
"centralizacao_grau_saida","Ta_RH_Rad","ns2",23.8730508474576,3.47040590992359,2.83832491774081,4.24324822868372
"centralizacao_grau_saida","Ta_RH_Rad","ns2",24.2969491525424,3.46760146039152,2.83644141388474,4.23920615079483
"centralizacao_grau_saida","Ta_RH_Rad","ns2",24.7208474576271,3.46166937675524,2.83171578146747,4.23176469629837
"centralizacao_grau_saida","Ta_RH_Rad","ns2",25.1447457627119,3.45256107412613,2.82379875162114,4.22132702046406
"centralizacao_grau_saida","Ta_RH_Rad","ns2",25.5686440677966,3.44038258610996,2.81234136039143,4.20867555607162
"centralizacao_grau_saida","Ta_RH_Rad","ns2",25.9925423728814,3.42528063184863,2.79696598369094,4.19474082821516
"centralizacao_grau_saida","Ta_RH_Rad","ns2",26.4164406779661,3.40740756888166,2.77727906212083,4.18050404038471
"centralizacao_grau_saida","Ta_RH_Rad","ns2",26.8403389830508,3.38692028559109,2.75290774321446,4.16695003645635
"centralizacao_grau_saida","Ta_RH_Rad","ns2",27.2642372881356,3.36397913139431,2.72353988909222,4.15501738813462
"centralizacao_grau_saida","Ta_RH_Rad","ns2",27.6881355932203,3.33874689169874,2.68896280565057,4.14555038969051
"centralizacao_grau_saida","Ta_RH_Rad","ns2",28.1120338983051,3.31138781361569,2.64909470478229,4.13925905795945
"centralizacao_grau_saida","Ta_RH_Rad","ns2",28.5359322033898,3.28206668742582,2.60400329365173,4.13669282484055
"centralizacao_grau_saida","Ta_RH_Rad","ns2",28.9598305084746,3.25094798781067,2.55390823270766,4.13823123481822
"centralizacao_grau_saida","Ta_RH_Rad","ns2",29.3837288135593,3.21819507792432,2.49916775449441,4.14409138440228
"centralizacao_grau_saida","Ta_RH_Rad","ns2",29.8076271186441,3.18396947848651,2.44025307054964,4.15434848224584
"centralizacao_grau_saida","Ta_RH_Rad","ns2",30.2315254237288,3.14843020324165,2.3777160798708,4.16896400230546
"centralizacao_grau_saida","Ta_RH_Rad","ns2",30.6554237288136,3.11173316135325,2.31215594158897,4.18781583599036
"centralizacao_grau_saida","Ta_RH_Rad","ns2",31.0793220338983,3.07403062659529,2.24418875851347,4.21072615099684
"centralizacao_grau_saida","Ta_RH_Rad","ns2",31.5032203389831,3.03547077256374,2.1744227813574,4.23748449017662
"centralizacao_grau_saida","Ta_RH_Rad","ns2",31.9271186440678,2.99619727256518,2.10343989101417,4.26786528793968
"centralizacao_grau_saida","Ta_RH_Rad","ns2",32.3510169491525,2.95634896234504,2.03178298912842,4.30164010326113
"centralizacao_grau_saida","Ta_RH_Rad","ns2",32.7749152542373,2.91605956339533,1.95994834912505,4.33858544336916
"centralizacao_grau_saida","Ta_RH_Rad","ns2",33.198813559322,2.87545746422861,1.88838181192176,4.37848721926295
"centralizacao_grau_saida","Ta_RH_Rad","ns2",33.6227118644068,2.83466555671947,1.81747778257901,4.42114280321465
"centralizacao_grau_saida","Ta_RH_Rad","ns2",34.0466101694915,2.79380112439308,1.74758016139293,4.46636148377807
"centralizacao_grau_saida","Ta_RH_Rad","ns2",34.4705084745763,2.75297577937929,1.67898454174335,4.5139639189171
"centralizacao_grau_saida","Ta_RH_Rad","ns2",34.894406779661,2.7122954446456,1.61194118569291,4.56378101405913
"centralizacao_grau_saida","Ta_RH_Rad","ns2",35.3183050847458,2.67186037806889,1.54665843208378,4.61565251370751
"centralizacao_grau_saida","Ta_RH_Rad","ns2",35.7422033898305,2.63176523489946,1.4833063000769,4.66942549308011
"centralizacao_grau_saida","Ta_RH_Rad","ns2",36.1661016949153,2.59209916520651,1.42202012907591,4.72495286450731
"centralizacao_grau_saida","Ta_RH_Rad","ns2",36.59,2.55294594296747,1.36290415061643,4.78209196498979
"centralizacao_grau_entrada","Ta_RH_Rad","linear",11.58,2.60325408688075,1.88732838252528,3.59075394807216
"centralizacao_grau_entrada","Ta_RH_Rad","linear",12.0038983050847,2.608480488883,1.90310641694574,3.57529689369824
"centralizacao_grau_entrada","Ta_RH_Rad","linear",12.4277966101695,2.61371738362894,1.91879863741165,3.5603103047329
"centralizacao_grau_entrada","Ta_RH_Rad","linear",12.8516949152542,2.61896479218425,1.93438727424965,3.5458135369306
"centralizacao_grau_entrada","Ta_RH_Rad","linear",13.275593220339,2.62422273565688,1.94985328238966,3.53182725517615
"centralizacao_grau_entrada","Ta_RH_Rad","linear",13.6994915254237,2.62949123519717,1.96517629237951,3.51837348272034
"centralizacao_grau_entrada","Ta_RH_Rad","linear",14.1233898305085,2.63477031199794,1.98033456947507,3.50547564234352
"centralizacao_grau_entrada","Ta_RH_Rad","linear",14.5472881355932,2.64005998729452,1.99530498363991,3.49315858661305
"centralizacao_grau_entrada","Ta_RH_Rad","linear",14.971186440678,2.64536028236492,2.01006299374478,3.48144861394444
"centralizacao_grau_entrada","Ta_RH_Rad","linear",15.3950847457627,2.65067121852982,2.02458264971051,3.47037346672262
"centralizacao_grau_entrada","Ta_RH_Rad","linear",15.8189830508475,2.65599281715273,2.03883661675887,3.45996230731872
"centralizacao_grau_entrada","Ta_RH_Rad","linear",16.2428813559322,2.66132509964006,2.0527962262827,3.45024566749121
"centralizacao_grau_entrada","Ta_RH_Rad","linear",16.6667796610169,2.66666808744118,2.06643155806611,3.44125536644059
"centralizacao_grau_entrada","Ta_RH_Rad","linear",17.0906779661017,2.67202180204852,2.07971155861339,3.433024392759
"centralizacao_grau_entrada","Ta_RH_Rad","linear",17.5145762711864,2.67738626499767,2.09260420010819,3.42558674575325
"centralizacao_grau_entrada","Ta_RH_Rad","linear",17.9384745762712,2.68276149786745,2.10507668394396,3.41897723220025
"centralizacao_grau_entrada","Ta_RH_Rad","linear",18.3623728813559,2.68814752228001,2.11709569176851,3.41323121559225
"centralizacao_grau_entrada","Ta_RH_Rad","linear",18.7862711864407,2.6935443599009,2.12862768550838,3.4083843164058
"centralizacao_grau_entrada","Ta_RH_Rad","linear",19.2101694915254,2.69895203243916,2.13963925585314,3.4044720639148
"centralizacao_grau_entrada","Ta_RH_Rad","linear",19.6340677966102,2.70437056164744,2.15009751619823,3.40152950254884
"centralizacao_grau_entrada","Ta_RH_Rad","linear",20.0579661016949,2.70979996932203,2.15997053614405,3.39959075869912
"centralizacao_grau_entrada","Ta_RH_Rad","linear",20.4818644067797,2.71524027730301,2.16922780547903,3.39868857704435
"centralizacao_grau_entrada","Ta_RH_Rad","linear",20.9057627118644,2.72069150747429,2.17784071636133,3.39885383868203
"centralizacao_grau_entrada","Ta_RH_Rad","linear",21.3296610169492,2.72615368176371,2.18578304845559,3.40011507630869
"centralizacao_grau_entrada","Ta_RH_Rad","linear",21.7535593220339,2.73162682214314,2.19303143941839,3.4024980040554
"centralizacao_grau_entrada","Ta_RH_Rad","linear",22.1774576271186,2.73711095062857,2.1995658217047,3.40602508100647
"centralizacao_grau_entrada","Ta_RH_Rad","linear",22.6013559322034,2.74260608928017,2.20536980648551,3.410715127611
"centralizacao_grau_entrada","Ta_RH_Rad","linear",23.0252542372881,2.74811226020242,2.21043099671673,3.41658301294743
"centralizacao_grau_entrada","Ta_RH_Rad","linear",23.4491525423729,2.75362948554417,2.21474121412202,3.42363942807834
"centralizacao_grau_entrada","Ta_RH_Rad","linear",23.8730508474576,2.75915778749873,2.21829662890613,3.43189075667888
"centralizacao_grau_entrada","Ta_RH_Rad","linear",24.2969491525424,2.76469718830397,2.22109778608218,3.44133904905574
"centralizacao_grau_entrada","Ta_RH_Rad","linear",24.7208474576271,2.77024771024242,2.22314952791231,3.45198210005695
"centralizacao_grau_entrada","Ta_RH_Rad","linear",25.1447457627119,2.77580937564132,2.22446081758637,3.46381362574801
"centralizacao_grau_entrada","Ta_RH_Rad","linear",25.5686440677966,2.78138220687275,2.22504447435863,3.47682352863454
"centralizacao_grau_entrada","Ta_RH_Rad","linear",25.9925423728814,2.78696622635372,2.22491683446934,3.49099823710436
"centralizacao_grau_entrada","Ta_RH_Rad","linear",26.4164406779661,2.79256145654621,2.22409735498502,3.50632110195554
"centralizacao_grau_entrada","Ta_RH_Rad","linear",26.8403389830508,2.79816791995731,2.22260817905934,3.52277283150823
"centralizacao_grau_entrada","Ta_RH_Rad","linear",27.2642372881356,2.80378563913932,2.22047368108719,3.54033194682807
"centralizacao_grau_entrada","Ta_RH_Rad","linear",27.6881355932203,2.80941463668979,2.21772000898392,3.55897523982886
"centralizacao_grau_entrada","Ta_RH_Rad","linear",28.1120338983051,2.81505493525164,2.21437463865783,3.57867821918689
"centralizacao_grau_entrada","Ta_RH_Rad","linear",28.5359322033898,2.82070655751325,2.21046595298715,3.59941553175532
"centralizacao_grau_entrada","Ta_RH_Rad","linear",28.9598305084746,2.82636952620857,2.20602285459158,3.62116135018892
"centralizacao_grau_entrada","Ta_RH_Rad","linear",29.3837288135593,2.83204386411717,2.20107441868409,3.64388972049329
"centralizacao_grau_entrada","Ta_RH_Rad","linear",29.8076271186441,2.83772959406435,2.19564958952141,3.66757486598027
"centralizacao_grau_entrada","Ta_RH_Rad","linear",30.2315254237288,2.84342673892125,2.18977692158355,3.69219144649929
"centralizacao_grau_entrada","Ta_RH_Rad","linear",30.6554237288136,2.84913532160492,2.18348436468025,3.71771477374673
"centralizacao_grau_entrada","Ta_RH_Rad","linear",31.0793220338983,2.85485536507842,2.17679909072159,3.74412098491612
"centralizacao_grau_entrada","Ta_RH_Rad","linear",31.5032203389831,2.86058689235092,2.1697473588755,3.77138717796656
"centralizacao_grau_entrada","Ta_RH_Rad","linear",31.9271186440678,2.86632992647777,2.16235441521376,3.79949151240772
"centralizacao_grau_entrada","Ta_RH_Rad","linear",32.3510169491525,2.87208449056061,2.15464442265167,3.82841327979635
"centralizacao_grau_entrada","Ta_RH_Rad","linear",32.7749152542373,2.87785060774746,2.14664041694523,3.85813294818054
"centralizacao_grau_entrada","Ta_RH_Rad","linear",33.198813559322,2.88362830123283,2.13836428465473,3.88863218458288
"centralizacao_grau_entrada","Ta_RH_Rad","linear",33.6227118644068,2.88941759425777,2.12983675925589,3.9198938593412
"centralizacao_grau_entrada","Ta_RH_Rad","linear",34.0466101694915,2.89521851011,2.12107743193049,3.95190203577551
"centralizacao_grau_entrada","Ta_RH_Rad","linear",34.4705084745763,2.90103107212401,2.11210477395677,3.98464194826029
"centralizacao_grau_entrada","Ta_RH_Rad","linear",34.894406779661,2.9068553036811,2.10293616801938,4.018099971383
"centralizacao_grau_entrada","Ta_RH_Rad","linear",35.3183050847458,2.91269122820956,2.09358794614584,4.05226358248144
"centralizacao_grau_entrada","Ta_RH_Rad","linear",35.7422033898305,2.91853886918467,2.08407543234004,4.08712131948972
"centralizacao_grau_entrada","Ta_RH_Rad","linear",36.1661016949153,2.92439825012886,2.07441298831392,4.12266273569175
"centralizacao_grau_entrada","Ta_RH_Rad","linear",36.59,2.9302693946118,2.06461406101268,4.15887835268689
"centralizacao_grau_entrada","Ta_RH_Rad","ns2",11.58,2.12743190847809,1.37757005582199,3.28547104089754
"centralizacao_grau_entrada","Ta_RH_Rad","ns2",12.0038983050847,2.15961289284239,1.42338232504709,3.27665151158654
"centralizacao_grau_entrada","Ta_RH_Rad","ns2",12.4277966101695,2.19220505388539,1.47012105440464,3.26895733101846
"centralizacao_grau_entrada","Ta_RH_Rad","ns2",12.8516949152542,2.22513558101261,1.51761214096493,3.26251235097541
"centralizacao_grau_entrada","Ta_RH_Rad","ns2",13.275593220339,2.25832708418182,1.56565641525771,3.25744599482238
"centralizacao_grau_entrada","Ta_RH_Rad","ns2",13.6994915254237,2.29169748978941,1.61402932236341,3.25389217651686
"centralizacao_grau_entrada","Ta_RH_Rad","ns2",14.1233898305085,2.32515996514819,1.66248146781118,3.25198744660049
"centralizacao_grau_entrada","Ta_RH_Rad","ns2",14.5472881355932,2.3586228744948,1.71074030715598,3.25186811862665
"centralizacao_grau_entrada","Ta_RH_Rad","ns2",14.971186440678,2.391989769521,1.75851327531345,3.25366611547089
"centralizacao_grau_entrada","Ta_RH_Rad","ns2",15.3950847457627,2.425159417444,1.80549263030296,3.25750329926876
"centralizacao_grau_entrada","Ta_RH_Rad","ns2",15.8189830508475,2.45802586961289,1.85136220270543,3.26348413446979
"centralizacao_grau_entrada","Ta_RH_Rad","ns2",16.2428813559322,2.4904785735862,1.89580607467199,3.27168670274732
"centralizacao_grau_entrada","Ta_RH_Rad","ns2",16.6667796610169,2.52240253150589,1.9385189501137,3.28215235170858
"centralizacao_grau_entrada","Ta_RH_Rad","ns2",17.0906779661017,2.55367850743165,1.97921763630784,3.29487460079606
"centralizacao_grau_entrada","Ta_RH_Rad","ns2",17.5145762711864,2.58418328608222,2.01765269125208,3.30978829261371
"centralizacao_grau_entrada","Ta_RH_Rad","ns2",17.9384745762712,2.61378998515507,2.05361899560923,3.32676027106487
"centralizacao_grau_entrada","Ta_RH_Rad","ns2",18.3623728813559,2.64236842305839,2.08696389691412,3.34558297510567
"centralizacao_grau_entrada","Ta_RH_Rad","ns2",18.7862711864407,2.6697855434892,2.11759173506809,3.36597217026574
"centralizacao_grau_entrada","Ta_RH_Rad","ns2",19.2101694915254,2.69590589782619,2.14546400346555,3.38756958783472
"centralizacao_grau_entrada","Ta_RH_Rad","ns2",19.6340677966102,2.72059218577631,2.1705950378244,3.40995059526433
"centralizacao_grau_entrada","Ta_RH_Rad","ns2",20.0579661016949,2.74370585412043,2.19304378388149,3.43263635193411
"centralizacao_grau_entrada","Ta_RH_Rad","ns2",20.4818644067797,2.76510775274811,2.21290269330869,3.45510939429325
"centralizacao_grau_entrada","Ta_RH_Rad","ns2",20.9057627118644,2.78465884645782,2.23028501679913,3.4768313613498
"centralizacao_grau_entrada","Ta_RH_Rad","ns2",21.3296610169492,2.80222098023211,2.24531169097316,3.49726162903004
"centralizacao_grau_entrada","Ta_RH_Rad","ns2",21.7535593220339,2.81765769488314,2.25809872933522,3.51587589257953
"centralizacao_grau_entrada","Ta_RH_Rad","ns2",22.1774576271186,2.83083508911151,2.26874564689759,3.53218410036544
"centralizacao_grau_entrada","Ta_RH_Rad","ns2",22.6013559322034,2.84162272313919,2.27732508432643,3.54574748955935
"centralizacao_grau_entrada","Ta_RH_Rad","ns2",23.0252542372881,2.84989455817784,2.2838735237699,3.55619473153888
"centralizacao_grau_entrada","Ta_RH_Rad","ns2",23.4491525423729,2.85552992508905,2.28838283765242,3.56323733027297
"centralizacao_grau_entrada","Ta_RH_Rad","ns2",23.8730508474576,2.85841451469798,2.29079239007543,3.56668442467065
"centralizacao_grau_entrada","Ta_RH_Rad","ns2",24.2969491525424,2.85844138135181,2.29098151640045,3.56645702819204
"centralizacao_grau_entrada","Ta_RH_Rad","ns2",24.7208474576271,2.85551195106625,2.28876244423336,3.56260149375766
"centralizacao_grau_entrada","Ta_RH_Rad","ns2",25.1447457627119,2.84957422186974,2.2838952768965,3.55536145990836
"centralizacao_grau_entrada","Ta_RH_Rad","ns2",25.5686440677966,2.84072345639911,2.27615217314316,3.54532963610802
"centralizacao_grau_entrada","Ta_RH_Rad","ns2",25.9925423728814,2.82909473099105,2.26528199519734,3.53323648618153
"centralizacao_grau_entrada","Ta_RH_Rad","ns2",26.4164406779661,2.81482971314055,2.25101264048308,3.5198675349413
"centralizacao_grau_entrada","Ta_RH_Rad","ns2",26.8403389830508,2.79807546816303,2.23307375477041,3.50603123108251
"centralizacao_grau_entrada","Ta_RH_Rad","ns2",27.2642372881356,2.77898330041151,2.21122268198103,3.49252395378255
"centralizacao_grau_entrada","Ta_RH_Rad","ns2",27.6881355932203,2.75770763809594,2.18527164313403,3.48009431280862
"centralizacao_grau_entrada","Ta_RH_Rad","ns2",28.1120338983051,2.73440496951909,2.15511295471982,3.46941004690994
"centralizacao_grau_entrada","Ta_RH_Rad","ns2",28.5359322033898,2.70923283731201,2.12073852847531,3.46103136629799
"centralizacao_grau_entrada","Ta_RH_Rad","ns2",28.9598305084746,2.68234889604227,2.08225036426834,3.45539408880227
"centralizacao_grau_entrada","Ta_RH_Rad","ns2",29.3837288135593,2.65391003739662,2.03986028965987,3.45280435248285
"centralizacao_grau_entrada","Ta_RH_Rad","ns2",29.8076271186441,2.62407158602115,1.99387933973343,3.45344452462413
"centralizacao_grau_entrada","Ta_RH_Rad","ns2",30.2315254237288,2.59298656804866,1.94469913561205,3.45738794189605
"centralizacao_grau_entrada","Ta_RH_Rad","ns2",30.6554237288136,2.56080505336441,1.89276875386059,3.46461896518591
"centralizacao_grau_entrada","Ta_RH_Rad","ns2",31.0793220338983,2.52767357176529,1.8385706624725,3.47505473453418
"centralizacao_grau_entrada","Ta_RH_Rad","ns2",31.5032203389831,2.49373460235827,1.78259856440513,3.48856573273085
"centralizacao_grau_entrada","Ta_RH_Rad","ns2",31.9271186440678,2.45912613482583,1.72533888939964,3.50499335761663
"centralizacao_grau_entrada","Ta_RH_Rad","ns2",32.3510169491525,2.42398130055911,1.66725662005644,3.52416375186523
"centralizacao_grau_entrada","Ta_RH_Rad","ns2",32.7749152542373,2.38842807112406,1.60878535972594,3.5458979138803
"centralizacao_grau_entrada","Ta_RH_Rad","ns2",33.198813559322,2.35258902107961,1.55032109913166,3.57001856273794
"centralizacao_grau_entrada","Ta_RH_Rad","ns2",33.6227118644068,2.31658115180701,1.49221895831386,3.59635441099838
"centralizacao_grau_entrada","Ta_RH_Rad","ns2",34.0466101694915,2.28051577273144,1.43479217703059,3.62474250482758
"centralizacao_grau_entrada","Ta_RH_Rad","ns2",34.4705084745763,2.24449843611631,1.37831271556818,3.65502920551079
"centralizacao_grau_entrada","Ta_RH_Rad","ns2",34.894406779661,2.2086289214812,1.32301294983549,3.68707026897188
"centralizacao_grau_entrada","Ta_RH_Rad","ns2",35.3183050847458,2.17300126563098,1.26908806561541,3.72073036408554
"centralizacao_grau_entrada","Ta_RH_Rad","ns2",35.7422033898305,2.13770383427881,1.21669886124732,3.7558822718101
"centralizacao_grau_entrada","Ta_RH_Rad","ns2",36.1661016949153,2.10281943129452,1.16597475123719,3.792405929835
"centralizacao_grau_entrada","Ta_RH_Rad","ns2",36.59,2.06842544170466,1.11701682640321,3.8301874302713
"distancia_media_ponderada","Ta_RH_Rad","linear",11.58,0.627266220572161,0.51685801021674,0.761259192453819
"distancia_media_ponderada","Ta_RH_Rad","linear",12.0038983050847,0.62556150792209,0.517320881800847,0.756449650421049
"distancia_media_ponderada","Ta_RH_Rad","linear",12.4277966101695,0.623861428145788,0.517749560206622,0.751720738058724
"distancia_media_ponderada","Ta_RH_Rad","linear",12.8516949152542,0.622165968652558,0.518141943940528,0.747074227586188
"distancia_media_ponderada","Ta_RH_Rad","linear",13.275593220339,0.620475116885922,0.518495818217193,0.742512007133161
"distancia_media_ponderada","Ta_RH_Rad","linear",13.6994915254237,0.618788860323525,0.518808853607388,0.738036082071662
"distancia_media_ponderada","Ta_RH_Rad","linear",14.1233898305085,0.617107186477045,0.519078605902305,0.733648575131776
"distancia_media_ponderada","Ta_RH_Rad","linear",14.5472881355932,0.615430082892099,0.519302517478529,0.729351725016885
"distancia_media_ponderada","Ta_RH_Rad","linear",14.971186440678,0.613757537148151,0.519477920479429,0.725147883202634
"distancia_media_ponderada","Ta_RH_Rad","linear",15.3950847457627,0.61208953685842,0.519602042155981,0.721039508576618
"distancia_media_ponderada","Ta_RH_Rad","linear",15.8189830508475,0.610426069669789,0.5196720127302,0.717029159555607
"distancia_media_ponderada","Ta_RH_Rad","linear",16.2428813559322,0.608767123262712,0.519684876153449,0.713119483308053
"distancia_media_ponderada","Ta_RH_Rad","linear",16.6667796610169,0.607112685351124,0.51963760412534,0.709313201716146
"distancia_media_ponderada","Ta_RH_Rad","linear",17.0906779661017,0.605462743682349,0.519527113711575,0.705613093739077
"distancia_media_ponderada","Ta_RH_Rad","linear",17.5145762711864,0.603817286037012,0.519350288845601,0.702021973892644
"distancia_media_ponderada","Ta_RH_Rad","linear",17.9384745762712,0.602176300228945,0.519104005914125,0.698542666645128
"distancia_media_ponderada","Ta_RH_Rad","linear",18.3623728813559,0.600539774105098,0.518785163506471,0.695177976649489
"distancia_media_ponderada","Ta_RH_Rad","linear",18.7862711864407,0.59890769554545,0.51839071624998,0.691930654889646
"distancia_media_ponderada","Ta_RH_Rad","linear",19.2101694915254,0.597280052462916,0.517917712459085,0.688803361013236
"distancia_media_ponderada","Ta_RH_Rad","linear",19.6340677966102,0.595656832803264,0.517363335098858,0.685798622350033
"distancia_media_ponderada","Ta_RH_Rad","linear",20.0579661016949,0.594038024545018,0.516724945314304,0.682918790364772
"distancia_media_ponderada","Ta_RH_Rad","linear",20.4818644067797,0.592423615699375,0.51600012751928,0.68016599555047
"distancia_media_ponderada","Ta_RH_Rad","linear",20.9057627118644,0.590813594310111,0.515186734793573,0.67754210201374
"distancia_media_ponderada","Ta_RH_Rad","linear",21.3296610169492,0.5892079484535,0.514282933127171,0.675048663213048
"distancia_media_ponderada","Ta_RH_Rad","linear",21.7535593220339,0.587606666238215,0.513287242902759,0.672686880458866
"distancia_media_ponderada","Ta_RH_Rad","linear",22.1774576271186,0.586009735805251,0.512198575945345,0.670457565846851
"distancia_media_ponderada","Ta_RH_Rad","linear",22.6013559322034,0.584417145327828,0.511016266510831,0.668361111252197
"distancia_media_ponderada","Ta_RH_Rad","linear",23.0252542372881,0.582828883011311,0.509740094744082,0.666397464854626
"distancia_media_ponderada","Ta_RH_Rad","linear",23.4491525423729,0.581244937093118,0.508370301410431,0.664566116390076
"distancia_media_ponderada","Ta_RH_Rad","linear",23.8730508474576,0.579665295842631,0.506907593078432,0.662866091951271
"distancia_media_ponderada","Ta_RH_Rad","linear",24.2969491525424,0.578089947561118,0.505353137379228,0.661295958711806
"distancia_media_ponderada","Ta_RH_Rad","linear",24.7208474576271,0.576518880581634,0.503708548452455,0.659853839463822
"distancia_media_ponderada","Ta_RH_Rad","linear",25.1447457627119,0.574952083268947,0.50197586316821,0.658537436379744
"distancia_media_ponderada","Ta_RH_Rad","linear",25.5686440677966,0.573389544019441,0.500157509147583,0.657344062975588
"distancia_media_ponderada","Ta_RH_Rad","linear",25.9925423728814,0.571831251261038,0.49825626595492,0.656270682902659
"distancia_media_ponderada","Ta_RH_Rad","linear",26.4164406779661,0.570277193453109,0.49627522107799,0.655313953951463
"distancia_media_ponderada","Ta_RH_Rad","linear",26.8403389830508,0.568727359086387,0.494217722435458,0.654470275528448
"distancia_media_ponderada","Ta_RH_Rad","linear",27.2642372881356,0.567181736682885,0.492087329155559,0.653735837861656
"distancia_media_ponderada","Ta_RH_Rad","linear",27.6881355932203,0.565640314795811,0.489887762268834,0.653106671292447
"distancia_media_ponderada","Ta_RH_Rad","linear",28.1120338983051,0.564103082009478,0.487622856772614,0.652578694195583
"distancia_media_ponderada","Ta_RH_Rad","linear",28.5359322033898,0.562570026939227,0.485296516282098,0.652147758312843
"distancia_media_ponderada","Ta_RH_Rad","linear",28.9598305084746,0.561041138231336,0.482912671209362,0.651809690558832
"distancia_media_ponderada","Ta_RH_Rad","linear",29.3837288135593,0.559516404562941,0.480475241132324,0.651560330636941
"distancia_media_ponderada","Ta_RH_Rad","linear",29.8076271186441,0.557995814641949,0.477988101750887,0.651395564068254
"distancia_media_ponderada","Ta_RH_Rad","linear",30.2315254237288,0.556479357206956,0.475455056591756,0.651311350471893
"distancia_media_ponderada","Ta_RH_Rad","linear",30.6554237288136,0.554967021027162,0.472879813425876,0.651303747132863
"distancia_media_ponderada","Ta_RH_Rad","linear",31.0793220338983,0.553458794902289,0.47026596520668,0.651368928049193
"distancia_media_ponderada","Ta_RH_Rad","linear",31.5032203389831,0.551954667662499,0.467616975223219,0.651503198764313
"distancia_media_ponderada","Ta_RH_Rad","linear",31.9271186440678,0.550454628168308,0.464936166086301,0.651703007366538
"distancia_media_ponderada","Ta_RH_Rad","linear",32.3510169491525,0.548958665310508,0.462226712122969,0.651964952080318
"distancia_media_ponderada","Ta_RH_Rad","linear",32.7749152542373,0.547466768010081,0.459491634738923,0.652285785889661
"distancia_media_ponderada","Ta_RH_Rad","linear",33.198813559322,0.545978925218118,0.456733800313809,0.652662418628794
"distancia_media_ponderada","Ta_RH_Rad","linear",33.6227118644068,0.544495125915738,0.453955920214815,0.653091916954627
"distancia_media_ponderada","Ta_RH_Rad","linear",34.0466101694915,0.543015359114006,0.451160552544899,0.6535715025847
"distancia_media_ponderada","Ta_RH_Rad","linear",34.4705084745763,0.541539613853852,0.448350105278859,0.654098549147384
"distancia_media_ponderada","Ta_RH_Rad","linear",34.894406779661,0.540067879205987,0.445526840480282,0.654670577951322
"distancia_media_ponderada","Ta_RH_Rad","linear",35.3183050847458,0.538600144270827,0.442692879332492,0.655285252940964
"distancia_media_ponderada","Ta_RH_Rad","linear",35.7422033898305,0.537136398178409,0.439850207755394,0.655940375066325
"distancia_media_ponderada","Ta_RH_Rad","linear",36.1661016949153,0.53567663008831,0.43700068241625,0.656633876258902
"distancia_media_ponderada","Ta_RH_Rad","linear",36.59,0.534220829189569,0.434146036975398,0.657363813172761
"distancia_media_ponderada","Ta_RH_Rad","ns2",11.58,0.734157308836583,0.556927597476465,0.967786399094634
"distancia_media_ponderada","Ta_RH_Rad","ns2",12.0038983050847,0.725426055795062,0.555771260827355,0.94686969175589
"distancia_media_ponderada","Ta_RH_Rad","ns2",12.4277966101695,0.716816711185705,0.554532291516905,0.926593825635539
"distancia_media_ponderada","Ta_RH_Rad","ns2",12.8516949152542,0.70834525179098,0.553205416643201,0.906992196098543
"distancia_media_ponderada","Ta_RH_Rad","ns2",13.275593220339,0.700026844297093,0.551785371783231,0.88809455233086
"distancia_media_ponderada","Ta_RH_Rad","ns2",13.6994915254237,0.691875880507757,0.550267044657806,0.869927135698393
"distancia_media_ponderada","Ta_RH_Rad","ns2",14.1233898305085,0.683906015557588,0.548645661845994,0.85251277945427
"distancia_media_ponderada","Ta_RH_Rad","ns2",14.5472881355932,0.676130208826188,0.546917025014165,0.83587096100273
"distancia_media_ponderada","Ta_RH_Rad","ns2",14.971186440678,0.668560767280167,0.545077801401516,0.820017800022268
"distancia_media_ponderada","Ta_RH_Rad","ns2",15.3950847457627,0.661209390997779,0.543125869963624,0.804965999452273
"distancia_media_ponderada","Ta_RH_Rad","ns2",15.8189830508475,0.654087220659314,0.541060719223453,0.790724732048303
"distancia_media_ponderada","Ta_RH_Rad","ns2",16.2428813559322,0.64720488681572,0.538883885341313,0.777299483084092
"distancia_media_ponderada","Ta_RH_Rad","ns2",16.6667796610169,0.640572560777957,0.5365994094597,0.764691869554596
"distancia_media_ponderada","Ta_RH_Rad","ns2",17.0906779661017,0.634200007000216,0.534214282943347,0.752899466976115
"distancia_media_ponderada","Ta_RH_Rad","ns2",17.5145762711864,0.628096636861289,0.531738839454007,0.741915684853006
"distancia_media_ponderada","Ta_RH_Rad","ns2",17.9384745762712,0.622271563780037,0.529187046288787,0.731729738671529
"distancia_media_ponderada","Ta_RH_Rad","ns2",18.3623728813559,0.616733659633025,0.526576646687866,0.722326767274597
"distancia_media_ponderada","Ta_RH_Rad","ns2",18.7862711864407,0.61149161247508,0.523929111870029,0.713688137680985
"distancia_media_ponderada","Ta_RH_Rad","ns2",19.2101694915254,0.606553985596806,0.521269376784278,0.705791964440731
"distancia_media_ponderada","Ta_RH_Rad","ns2",19.6340677966102,0.60192927798709,0.518625355131985,0.698613849309107
"distancia_media_ponderada","Ta_RH_Rad","ns2",20.0579661016949,0.597625986303504,0.516027253123998,0.692127823371788
"distancia_media_ponderada","Ta_RH_Rad","ns2",20.4818644067797,0.593652668489504,0.513506722548497,0.68630745291056
"distancia_media_ponderada","Ta_RH_Rad","ns2",20.9057627118644,0.590018009214538,0.511095907361849,0.681127056943974
"distancia_media_ponderada","Ta_RH_Rad","ns2",21.3296610169492,0.586730887352101,0.508826441511354,0.676562981181674
"distancia_media_ponderada","Ta_RH_Rad","ns2",21.7535593220339,0.583800445751531,0.506728449194531,0.672594879962712
"distancia_media_ponderada","Ta_RH_Rad","ns2",22.1774576271186,0.58123616360247,0.504829584947412,0.669206971922038
"distancia_media_ponderada","Ta_RH_Rad","ns2",22.6013559322034,0.579047931736789,0.503154134036023,0.666389252452505
"distancia_media_ponderada","Ta_RH_Rad","ns2",23.0252542372881,0.57724613126189,0.501722178044662,0.664138662068785
"distancia_media_ponderada","Ta_RH_Rad","ns2",23.4491525423729,0.575841715972272,0.500548820039292,0.662460220818943
"distancia_media_ponderada","Ta_RH_Rad","ns2",23.8730508474576,0.57484629904371,0.499643460825248,0.661368142351864
"distancia_media_ponderada","Ta_RH_Rad","ns2",24.2969491525424,0.574272244577045,0.499009124073229,0.660886935692906
"distancia_media_ponderada","Ta_RH_Rad","ns2",24.7208474576271,0.57413276454228,0.498641843808173,0.661052487700508
"distancia_media_ponderada","Ta_RH_Rad","ns2",25.1447457627119,0.574436541771372,0.498525652938299,0.661906440676371
"distancia_media_ponderada","Ta_RH_Rad","ns2",25.5686440677966,0.575172962471041,0.498621329404875,0.663477306822324
"distancia_media_ponderada","Ta_RH_Rad","ns2",25.9925423728814,0.576327633987949,0.49888192967735,0.665795896662295
"distancia_media_ponderada","Ta_RH_Rad","ns2",26.4164406779661,0.57788697126833,0.499258547471479,0.668898616264073
"distancia_media_ponderada","Ta_RH_Rad","ns2",26.8403389830508,0.579838090893843,0.499702149737763,0.672825225642628
"distancia_media_ponderada","Ta_RH_Rad","ns2",27.2642372881356,0.582168711016632,0.500165460869556,0.677616578117051
"distancia_media_ponderada","Ta_RH_Rad","ns2",27.6881355932203,0.584867056525407,0.50060475324223,0.68331247674585
"distancia_media_ponderada","Ta_RH_Rad","ns2",28.1120338983051,0.587921768854167,0.500981379754648,0.68994980704052
"distancia_media_ponderada","Ta_RH_Rad","ns2",28.5359322033898,0.591321819918176,0.501262899673459,0.697561090076936
"distancia_media_ponderada","Ta_RH_Rad","ns2",28.9598305084746,0.595056429729139,0.501423702135634,0.706173547548434
"distancia_media_ponderada","Ta_RH_Rad","ns2",29.3837288135593,0.599114987303918,0.501445107743778,0.715808694648945
"distancia_media_ponderada","Ta_RH_Rad","ns2",29.8076271186441,0.603486974539323,0.501315005343349,0.726482400400499
"distancia_media_ponderada","Ta_RH_Rad","ns2",30.2315254237288,0.608161892780212,0.501027137522722,0.738205298936001
"distancia_media_ponderada","Ta_RH_Rad","ns2",30.6554237288136,0.613129191859741,0.500580173545018,0.750983410406228
"distancia_media_ponderada","Ta_RH_Rad","ns2",31.0793220338983,0.618378201439756,0.499976703165075,0.764818835748064
"distancia_media_ponderada","Ta_RH_Rad","ns2",31.5032203389831,0.623898064526249,0.499222258488679,0.779710416154103
"distancia_media_ponderada","Ta_RH_Rad","ns2",31.9271186440678,0.629677673079914,0.498324435789463,0.795654283633905
"distancia_media_ponderada","Ta_RH_Rad","ns2",32.3510169491525,0.63570560568542,0.49729215506176,0.812644263510808
"distancia_media_ponderada","Ta_RH_Rad","ns2",32.7749152542373,0.641970067285158,0.496135067936843,0.830672117179536
"distancia_media_ponderada","Ta_RH_Rad","ns2",33.198813559322,0.648458831024182,0.494863106324163,0.849727632065177
"distancia_media_ponderada","Ta_RH_Rad","ns2",33.6227118644068,0.655159182292881,0.493486154002492,0.869798576234236
"distancia_media_ponderada","Ta_RH_Rad","ns2",34.0466101694915,0.662057865092563,0.492013819407524,0.890870539487573
"distancia_media_ponderada","Ta_RH_Rad","ns2",34.4705084745763,0.669141030886753,0.490455287889974,0.912926683169194
"distancia_media_ponderada","Ta_RH_Rad","ns2",34.894406779661,0.676394190137297,0.488819233953421,0.935947419153899
"distancia_media_ponderada","Ta_RH_Rad","ns2",35.3183050847458,0.683802166759459,0.487113777148064,0.959910035808335
"distancia_media_ponderada","Ta_RH_Rad","ns2",35.7422033898305,0.691349055763684,0.485346468602666,0.984788285946358
"distancia_media_ponderada","Ta_RH_Rad","ns2",36.1661016949153,0.699018184383564,0.483524298197418,1.01055194934463
"distancia_media_ponderada","Ta_RH_Rad","ns2",36.59,0.706792077019384,0.481653714934367,1.03716638042633
