"dv","weather_spec","term","dropped_match","converged","estimate","p","full_estimate","full_p"
"densidade_ponderada","WBGT","WBGT_cen","1",TRUE,0.0304297273522079,0.219617652758044,0.0323242946733514,0.187100657825126
"densidade_ponderada","WBGT","WBGT_cen","2",TRUE,0.036469172870735,0.140359347376596,0.0323242946733514,0.187100657825126
"densidade_ponderada","WBGT","WBGT_cen","3",TRUE,0.0295231547545149,0.219317480130323,0.0323242946733514,0.187100657825126
"densidade_ponderada","WBGT","WBGT_cen","5",TRUE,0.0280003411684487,0.242071339821484,0.0323242946733514,0.187100657825126
"densidade_ponderada","WBGT","WBGT_cen","7",TRUE,0.0320986766040351,0.194721188747572,0.0323242946733514,0.187100657825126
"densidade_ponderada","WBGT","WBGT_cen","8",TRUE,0.032535253814611,0.186796079490173,0.0323242946733514,0.187100657825126
"densidade_ponderada","WBGT","WBGT_cen","9",TRUE,0.0324152554791069,0.192358196864163,0.0323242946733514,0.187100657825126
"densidade_ponderada","WBGT","WBGT_cen","12",TRUE,0.0391811357763378,0.114435702413392,0.0323242946733514,0.187100657825126
"densidade_ponderada","WBGT","WBGT_cen","13",TRUE,0.0327917977531121,0.188715739816838,0.0323242946733514,0.187100657825126
"densidade_ponderada","WBGT","WBGT_cen","16",TRUE,0.0352501939689973,0.154362297459057,0.0323242946733514,0.187100657825126
"densidade_ponderada","WBGT","WBGT_cen","17",TRUE,0.0365855709693625,0.13865925161464,0.0323242946733514,0.187100657825126
"densidade_ponderada","WBGT","WBGT_cen","18",TRUE,0.0307407934747253,0.218948748727384,0.0323242946733514,0.187100657825126
"densidade_ponderada","WBGT","WBGT_cen","19",TRUE,0.0340730854106052,0.16322686553331,0.0323242946733514,0.187100657825126
"densidade_ponderada","WBGT","WBGT_cen","20",TRUE,0.032557307477734,0.193958276413741,0.0323242946733514,0.187100657825126
"densidade_ponderada","WBGT","WBGT_cen","21",TRUE,0.0331324306685806,0.185258488047543,0.0323242946733514,0.187100657825126
"densidade_ponderada","WBGT","WBGT_cen","24",TRUE,0.0327929591722022,0.189994946404523,0.0323242946733514,0.187100657825126
"densidade_ponderada","WBGT","WBGT_cen","28",TRUE,0.0323391816814101,0.191515000358921,0.0323242946733514,0.187100657825126
"densidade_ponderada","WBGT","WBGT_cen","29",TRUE,0.0312265921060878,0.205534886474853,0.0323242946733514,0.187100657825126
"densidade_ponderada","WBGT","WBGT_cen","30",TRUE,0.0368542739477767,0.134899226727015,0.0323242946733514,0.187100657825126
"densidade_ponderada","WBGT","WBGT_cen","31",TRUE,0.0310031848207468,0.200894477171173,0.0323242946733514,0.187100657825126
"densidade_ponderada","WBGT","WBGT_cen","32",TRUE,0.0317572106191377,0.19474495723655,0.0323242946733514,0.187100657825126
"densidade_ponderada","WBGT","WBGT_cen","33",TRUE,0.0361722982191674,0.148645272463705,0.0323242946733514,0.187100657825126
"densidade_ponderada","WBGT","WBGT_cen","34",TRUE,0.0322956996831237,0.190310360498438,0.0323242946733514,0.187100657825126
"densidade_ponderada","WBGT","WBGT_cen","36",TRUE,0.0311009597699473,0.210159136154484,0.0323242946733514,0.187100657825126
"densidade_ponderada","WBGT","WBGT_cen","37",TRUE,0.0396051893427386,0.112094667880131,0.0323242946733514,0.187100657825126
"densidade_ponderada","WBGT","WBGT_cen","41",TRUE,0.0320150786696487,0.191996656281867,0.0323242946733514,0.187100657825126
"densidade_ponderada","WBGT","WBGT_cen","42",TRUE,0.0285752677799435,0.240674529730107,0.0323242946733514,0.187100657825126
"densidade_ponderada","WBGT","WBGT_cen","44",TRUE,0.027751031585762,0.271122629378868,0.0323242946733514,0.187100657825126
"densidade_ponderada","WBGT","WBGT_cen","45",TRUE,0.0308248281976328,0.209449932373286,0.0323242946733514,0.187100657825126
"densidade_ponderada","WBGT","WBGT_cen","46",TRUE,0.0320067487579675,0.200425282334545,0.0323242946733514,0.187100657825126
"densidade_ponderada","WBGT","WBGT_cen","48",TRUE,0.0337385541455449,0.175021075459013,0.0323242946733514,0.187100657825126
"densidade_ponderada","WBGT","WBGT_cen","49",TRUE,0.0213927497540373,0.391710841524516,0.0323242946733514,0.187100657825126
"densidade_ponderada","WBGT","WBGT_cen","52",TRUE,0.0312700156391935,0.203797069144407,0.0323242946733514,0.187100657825126
"densidade_ponderada","WBGT","WBGT_cen","53",TRUE,0.0343406965096485,0.166482424453489,0.0323242946733514,0.187100657825126
"densidade_ponderada","WBGT","WBGT_cen","54",TRUE,0.0314937909575372,0.20598672384336,0.0323242946733514,0.187100657825126
"densidade_ponderada","WBGT","WBGT_cen","55",TRUE,0.0317857359414751,0.198020516684633,0.0323242946733514,0.187100657825126
"densidade_ponderada","WBGT","WBGT_cen","56",TRUE,0.031798953613842,0.197472091917313,0.0323242946733514,0.187100657825126
"densidade_ponderada","WBGT","WBGT_cen","58",TRUE,0.0308665873983886,0.20761623993694,0.0323242946733514,0.187100657825126
"densidade_ponderada","WBGT","WBGT_cen","60",TRUE,0.0371019928258644,0.137988064168433,0.0323242946733514,0.187100657825126
"densidade_ponderada","WBGT","WBGT_cen","61",TRUE,0.0321792560322848,0.19301941603052,0.0323242946733514,0.187100657825126
"densidade_ponderada","WBGT","WBGT_cen","62",TRUE,0.0308771148665677,0.208306116654336,0.0323242946733514,0.187100657825126
"densidade_ponderada","WBGT","WBGT_cen","63",TRUE,0.0348255131575738,0.164706192885242,0.0323242946733514,0.187100657825126
"densidade_ponderada","WBGT","WBGT_cen","66",TRUE,0.0304149477824281,0.218184672079598,0.0323242946733514,0.187100657825126
"densidade_ponderada","WBGT","WBGT_cen","67",TRUE,0.033872962980309,0.168862927998135,0.0323242946733514,0.187100657825126
"densidade_ponderada","WBGT","WBGT_cen","68",TRUE,0.0327443051903381,0.176027152422636,0.0323242946733514,0.187100657825126
"densidade_ponderada","WBGT","WBGT_cen","69",TRUE,0.0264847505265123,0.278642859015565,0.0323242946733514,0.187100657825126
"densidade_ponderada","WBGT","WBGT_cen","71",TRUE,0.030427739076802,0.226948791555524,0.0323242946733514,0.187100657825126
"densidade_ponderada","WBGT","WBGT_cen","74",TRUE,0.0330403343344386,0.177408068790306,0.0323242946733514,0.187100657825126
"densidade_ponderada","WBGT","WBGT_cen","75",TRUE,0.0301246464787747,0.212461105234205,0.0323242946733514,0.187100657825126
"densidade_ponderada","WBGT","WBGT_cen","77",TRUE,0.0330516773295563,0.17981849848736,0.0323242946733514,0.187100657825126
"densidade_ponderada","WBGT","WBGT_cen","79",TRUE,0.0292464107157489,0.243364340092477,0.0323242946733514,0.187100657825126
"densidade_ponderada","WBGT","WBGT_cen","81",TRUE,0.0302241090853698,0.22219453335374,0.0323242946733514,0.187100657825126
"densidade_ponderada","WBGT","WBGT_cen","82",TRUE,0.0410538131002161,0.100835832912594,0.0323242946733514,0.187100657825126
"densidade_ponderada","WBGT","WBGT_cen","83",TRUE,0.0337807684102387,0.170407976089822,0.0323242946733514,0.187100657825126
"densidade_ponderada","WBGT","WBGT_cen","86",TRUE,0.0303749582613673,0.216690281510813,0.0323242946733514,0.187100657825126
"densidade_ponderada","WBGT","WBGT_cen","87",TRUE,0.0337248391250018,0.172775644649405,0.0323242946733514,0.187100657825126
"densidade_ponderada","WBGT","WBGT_cen","89",TRUE,0.0385056932009304,0.119978250301648,0.0323242946733514,0.187100657825126
"densidade_ponderada","WBGT","WBGT_cen","91",TRUE,0.0309384085587258,0.203323960859309,0.0323242946733514,0.187100657825126
"densidade_ponderada","WBGT","WBGT_cen","92",TRUE,0.0295303892815236,0.233821324042954,0.0323242946733514,0.187100657825126
"densidade_ponderada","WBGT","WBGT_cen","94",TRUE,0.0319813232845183,0.194041639099432,0.0323242946733514,0.187100657825126
"densidade_ponderada","WBGT","WBGT_cen","97",TRUE,0.0332101027680512,0.178068776294947,0.0323242946733514,0.187100657825126
"densidade_ponderada","WBGT","WBGT_cen","99",TRUE,0.0306908228463687,0.216668347129468,0.0323242946733514,0.187100657825126
"densidade_ponderada","WBGT","WBGT_cen","100",TRUE,0.0323025733067868,0.189638550731639,0.0323242946733514,0.187100657825126
"densidade_ponderada","WBGT","WBGT_cen","103",TRUE,0.0330875093184632,0.180850100633944,0.0323242946733514,0.187100657825126
"densidade_ponderada","WBGT","WBGT_cen","104",TRUE,0.0342896990818869,0.158270863889079,0.0323242946733514,0.187100657825126
"densidade_ponderada","Ta_RH_Rad","Ta_cen","1",TRUE,0.0254196223944402,0.265131466725326,0.027182340499475,0.228761324459232
"densidade_ponderada","Ta_RH_Rad","RH_cen","1",TRUE,0.00207877383811699,0.759998524674766,0.00260721523267436,0.700944327685794
"densidade_ponderada","Ta_RH_Rad","RAD_cen","1",TRUE,-0.0341054784342323,0.57392327072592,-0.0166705184870556,0.776925268099766
"densidade_ponderada","Ta_RH_Rad","Ta_cen","2",TRUE,0.0311453855113848,0.172135373642176,0.027182340499475,0.228761324459232
"densidade_ponderada","Ta_RH_Rad","RH_cen","2",TRUE,0.00194601844599131,0.774644386465145,0.00260721523267436,0.700944327685794
"densidade_ponderada","Ta_RH_Rad","RAD_cen","2",TRUE,-0.0235335939341605,0.690262381317805,-0.0166705184870556,0.776925268099766
"densidade_ponderada","Ta_RH_Rad","Ta_cen","3",TRUE,0.0266583941085341,0.228333339306267,0.027182340499475,0.228761324459232
"densidade_ponderada","Ta_RH_Rad","RH_cen","3",TRUE,0.00194195624072576,0.769555274816246,0.00260721523267436,0.700944327685794
"densidade_ponderada","Ta_RH_Rad","RAD_cen","3",TRUE,-0.0141555812195342,0.804310595122283,-0.0166705184870556,0.776925268099766
"densidade_ponderada","Ta_RH_Rad","Ta_cen","5",TRUE,0.0241579126538845,0.273424565781458,0.027182340499475,0.228761324459232
"densidade_ponderada","Ta_RH_Rad","RH_cen","5",TRUE,0.0004738574853925,0.942901226545769,0.00260721523267436,0.700944327685794
"densidade_ponderada","Ta_RH_Rad","RAD_cen","5",TRUE,-0.030192234953811,0.597309536035432,-0.0166705184870556,0.776925268099766
"densidade_ponderada","Ta_RH_Rad","Ta_cen","7",TRUE,0.0265310514345248,0.244839683586069,0.027182340499475,0.228761324459232
"densidade_ponderada","Ta_RH_Rad","RH_cen","7",TRUE,0.00306938873071956,0.65456207381881,0.00260721523267436,0.700944327685794
"densidade_ponderada","Ta_RH_Rad","RAD_cen","7",TRUE,-0.0149574465729285,0.800802181837988,-0.0166705184870556,0.776925268099766
"densidade_ponderada","Ta_RH_Rad","Ta_cen","8",TRUE,0.0272304747900636,0.230767806730034,0.027182340499475,0.228761324459232
"densidade_ponderada","Ta_RH_Rad","RH_cen","8",TRUE,0.00274348340327613,0.688182558682602,0.00260721523267436,0.700944327685794
"densidade_ponderada","Ta_RH_Rad","RAD_cen","8",TRUE,-0.0131883547199506,0.831572008495806,-0.0166705184870556,0.776925268099766
"densidade_ponderada","Ta_RH_Rad","Ta_cen","9",TRUE,0.0272250415467651,0.234923118367096,0.027182340499475,0.228761324459232
"densidade_ponderada","Ta_RH_Rad","RH_cen","9",TRUE,0.00260253310045873,0.705189486043423,0.00260721523267436,0.700944327685794
"densidade_ponderada","Ta_RH_Rad","RAD_cen","9",TRUE,-0.0168577947151876,0.776836553337117,-0.0166705184870556,0.776925268099766
"densidade_ponderada","Ta_RH_Rad","Ta_cen","12",TRUE,0.0330923079111467,0.147602675922893,0.027182340499475,0.228761324459232
"densidade_ponderada","Ta_RH_Rad","RH_cen","12",TRUE,0.00417039593408326,0.540681572286677,0.00260721523267436,0.700944327685794
"densidade_ponderada","Ta_RH_Rad","RAD_cen","12",TRUE,-0.0151343941815202,0.796046116683705,-0.0166705184870556,0.776925268099766
"densidade_ponderada","Ta_RH_Rad","Ta_cen","13",TRUE,0.0272569518262265,0.235590195656295,0.027182340499475,0.228761324459232
"densidade_ponderada","Ta_RH_Rad","RH_cen","13",TRUE,0.00294714107363502,0.665289299386332,0.00260721523267436,0.700944327685794
"densidade_ponderada","Ta_RH_Rad","RAD_cen","13",TRUE,-0.0143068918725077,0.808428319988916,-0.0166705184870556,0.776925268099766
"densidade_ponderada","Ta_RH_Rad","Ta_cen","16",TRUE,0.0297420008139163,0.192682298150875,0.027182340499475,0.228761324459232
"densidade_ponderada","Ta_RH_Rad","RH_cen","16",TRUE,0.00310274056323592,0.649154756096869,0.00260721523267436,0.700944327685794
"densidade_ponderada","Ta_RH_Rad","RAD_cen","16",TRUE,0.00129572438435045,0.983325386391834,-0.0166705184870556,0.776925268099766
"densidade_ponderada","Ta_RH_Rad","Ta_cen","17",TRUE,0.0304530251934351,0.179057675935201,0.027182340499475,0.228761324459232
"densidade_ponderada","Ta_RH_Rad","RH_cen","17",TRUE,0.00415727549732037,0.54760185136921,0.00260721523267436,0.700944327685794
"densidade_ponderada","Ta_RH_Rad","RAD_cen","17",TRUE,-0.0279064631446722,0.636343164817008,-0.0166705184870556,0.776925268099766
"densidade_ponderada","Ta_RH_Rad","Ta_cen","18",TRUE,0.0261614287160183,0.25266699485584,0.027182340499475,0.228761324459232
"densidade_ponderada","Ta_RH_Rad","RH_cen","18",TRUE,0.00139441860979158,0.852228140055248,0.00260721523267436,0.700944327685794
"densidade_ponderada","Ta_RH_Rad","RAD_cen","18",TRUE,-0.0186499748111394,0.754326529927256,-0.0166705184870556,0.776925268099766
"densidade_ponderada","Ta_RH_Rad","Ta_cen","19",TRUE,0.0296087904889913,0.189055434103089,0.027182340499475,0.228761324459232
"densidade_ponderada","Ta_RH_Rad","RH_cen","19",TRUE,0.002249065401213,0.744338186622977,0.00260721523267436,0.700944327685794
"densidade_ponderada","Ta_RH_Rad","RAD_cen","19",TRUE,-0.0196835895974269,0.739074916904018,-0.0166705184870556,0.776925268099766
"densidade_ponderada","Ta_RH_Rad","Ta_cen","20",TRUE,0.0273473966164484,0.237885193311694,0.027182340499475,0.228761324459232
"densidade_ponderada","Ta_RH_Rad","RH_cen","20",TRUE,0.00265322108808472,0.698905477338144,0.00260721523267436,0.700944327685794
"densidade_ponderada","Ta_RH_Rad","RAD_cen","20",TRUE,-0.0166889779057751,0.778663429766188,-0.0166705184870556,0.776925268099766
"densidade_ponderada","Ta_RH_Rad","Ta_cen","21",TRUE,0.0278102106818945,0.227686906817387,0.027182340499475,0.228761324459232
"densidade_ponderada","Ta_RH_Rad","RH_cen","21",TRUE,0.00245848825079732,0.719000168460521,0.00260721523267436,0.700944327685794
"densidade_ponderada","Ta_RH_Rad","RAD_cen","21",TRUE,-0.0178571727632381,0.76475012511923,-0.0166705184870556,0.776925268099766
"densidade_ponderada","Ta_RH_Rad","Ta_cen","24",TRUE,0.0273678602310187,0.234906607882296,0.027182340499475,0.228761324459232
"densidade_ponderada","Ta_RH_Rad","RH_cen","24",TRUE,0.00263498107225415,0.701010990243913,0.00260721523267436,0.700944327685794
"densidade_ponderada","Ta_RH_Rad","RAD_cen","24",TRUE,-0.0163501257016849,0.783195703569114,-0.0166705184870556,0.776925268099766
"densidade_ponderada","Ta_RH_Rad","Ta_cen","28",TRUE,0.0272752607118101,0.232609105196862,0.027182340499475,0.228761324459232
"densidade_ponderada","Ta_RH_Rad","RH_cen","28",TRUE,0.00236667414192022,0.729400591472605,0.00260721523267436,0.700944327685794
"densidade_ponderada","Ta_RH_Rad","RAD_cen","28",TRUE,-0.0179907012941724,0.762074726532152,-0.0166705184870556,0.776925268099766
"densidade_ponderada","Ta_RH_Rad","Ta_cen","29",TRUE,0.0266951129458339,0.237477777752633,0.027182340499475,0.228761324459232
"densidade_ponderada","Ta_RH_Rad","RH_cen","29",TRUE,0.0013230549671162,0.85045054767727,0.00260721523267436,0.700944327685794
"densidade_ponderada","Ta_RH_Rad","RAD_cen","29",TRUE,-0.0244738023006042,0.679350141332142,-0.0166705184870556,0.776925268099766
"densidade_ponderada","Ta_RH_Rad","Ta_cen","30",TRUE,0.0300120273815921,0.184453429448863,0.027182340499475,0.228761324459232
"densidade_ponderada","Ta_RH_Rad","RH_cen","30",TRUE,0.00482826748655109,0.486399110152418,0.00260721523267436,0.700944327685794
"densidade_ponderada","Ta_RH_Rad","RAD_cen","30",TRUE,-0.0117578078542831,0.841537909436199,-0.0166705184870556,0.776925268099766
"densidade_ponderada","Ta_RH_Rad","Ta_cen","31",TRUE,0.0260715235005493,0.244916157459028,0.027182340499475,0.228761324459232
"densidade_ponderada","Ta_RH_Rad","RH_cen","31",TRUE,0.00212679795314034,0.750860973948938,0.00260721523267436,0.700944327685794
"densidade_ponderada","Ta_RH_Rad","RAD_cen","31",TRUE,-0.0204361653840958,0.722646654376486,-0.0166705184870556,0.776925268099766
"densidade_ponderada","Ta_RH_Rad","Ta_cen","32",TRUE,0.0261216461922813,0.248539599496411,0.027182340499475,0.228761324459232
"densidade_ponderada","Ta_RH_Rad","RH_cen","32",TRUE,0.00353343925846658,0.609578553217115,0.00260721523267436,0.700944327685794
"densidade_ponderada","Ta_RH_Rad","RAD_cen","32",TRUE,-0.00140932752444695,0.982429895731141,-0.0166705184870556,0.776925268099766
"densidade_ponderada","Ta_RH_Rad","Ta_cen","33",TRUE,0.0308077874902895,0.181972337708853,0.027182340499475,0.228761324459232
"densidade_ponderada","Ta_RH_Rad","RH_cen","33",TRUE,0.0030681012948392,0.653682215725875,0.00260721523267436,0.700944327685794
"densidade_ponderada","Ta_RH_Rad","RAD_cen","33",TRUE,-0.0176511354714092,0.764149828007047,-0.0166705184870556,0.776925268099766
"densidade_ponderada","Ta_RH_Rad","Ta_cen","34",TRUE,0.0267934824496889,0.238881372966574,0.027182340499475,0.228761324459232
"densidade_ponderada","Ta_RH_Rad","RH_cen","34",TRUE,0.00296279481202729,0.664494092026037,0.00260721523267436,0.700944327685794
"densidade_ponderada","Ta_RH_Rad","RAD_cen","34",TRUE,-0.0138232562960941,0.815416597643496,-0.0166705184870556,0.776925268099766
"densidade_ponderada","Ta_RH_Rad","Ta_cen","36",TRUE,0.0261409563425795,0.252773598072607,0.027182340499475,0.228761324459232
"densidade_ponderada","Ta_RH_Rad","RH_cen","36",TRUE,0.00220129607098044,0.7503753485473,0.00260721523267436,0.700944327685794
"densidade_ponderada","Ta_RH_Rad","RAD_cen","36",TRUE,-0.0174366523154533,0.769251073694897,-0.0166705184870556,0.776925268099766
"densidade_ponderada","Ta_RH_Rad","Ta_cen","37",TRUE,0.0329377725179065,0.151210116825517,0.027182340499475,0.228761324459232
"densidade_ponderada","Ta_RH_Rad","RH_cen","37",TRUE,0.00450845183885444,0.509794529644572,0.00260721523267436,0.700944327685794
"densidade_ponderada","Ta_RH_Rad","RAD_cen","37",TRUE,-0.00507137356937096,0.93154993677998,-0.0166705184870556,0.776925268099766
"densidade_ponderada","Ta_RH_Rad","Ta_cen","41",TRUE,0.0261822296149871,0.24642895751391,0.027182340499475,0.228761324459232
"densidade_ponderada","Ta_RH_Rad","RH_cen","41",TRUE,0.00630496740861,0.386271884487239,0.00260721523267436,0.700944327685794
"densidade_ponderada","Ta_RH_Rad","RAD_cen","41",TRUE,0.000831724384260019,0.988971899157611,-0.0166705184870556,0.776925268099766
"densidade_ponderada","Ta_RH_Rad","Ta_cen","42",TRUE,0.0242229961282757,0.280353597649764,0.027182340499475,0.228761324459232
"densidade_ponderada","Ta_RH_Rad","RH_cen","42",TRUE,0.0016186483827585,0.80816622961755,0.00260721523267436,0.700944327685794
"densidade_ponderada","Ta_RH_Rad","RAD_cen","42",TRUE,0.00312905573945704,0.958148035475258,-0.0166705184870556,0.776925268099766
"densidade_ponderada","Ta_RH_Rad","Ta_cen","44",TRUE,0.0223867696294005,0.340201864304955,0.027182340499475,0.228761324459232
"densidade_ponderada","Ta_RH_Rad","RH_cen","44",TRUE,0.00262640252470362,0.700445317813421,0.00260721523267436,0.700944327685794
"densidade_ponderada","Ta_RH_Rad","RAD_cen","44",TRUE,-0.0152729870214336,0.797051812425071,-0.0166705184870556,0.776925268099766
"densidade_ponderada","Ta_RH_Rad","Ta_cen","45",TRUE,0.0251235602332369,0.267664734494247,0.027182340499475,0.228761324459232
"densidade_ponderada","Ta_RH_Rad","RH_cen","45",TRUE,0.00321969616363805,0.633056096285779,0.00260721523267436,0.700944327685794
"densidade_ponderada","Ta_RH_Rad","RAD_cen","45",TRUE,-0.0227255167899188,0.701796684921613,-0.0166705184870556,0.776925268099766
"densidade_ponderada","Ta_RH_Rad","Ta_cen","46",TRUE,0.0269397104774309,0.240879495816318,0.027182340499475,0.228761324459232
"densidade_ponderada","Ta_RH_Rad","RH_cen","46",TRUE,0.00246765852507293,0.726061273876849,0.00260721523267436,0.700944327685794
"densidade_ponderada","Ta_RH_Rad","RAD_cen","46",TRUE,-0.0168914114823747,0.77607524303309,-0.0166705184870556,0.776925268099766
"densidade_ponderada","Ta_RH_Rad","Ta_cen","48",TRUE,0.0285734483297296,0.213577035879565,0.027182340499475,0.228761324459232
"densidade_ponderada","Ta_RH_Rad","RH_cen","48",TRUE,0.00228175224962995,0.741175756768313,0.00260721523267436,0.700944327685794
"densidade_ponderada","Ta_RH_Rad","RAD_cen","48",TRUE,-0.0203375180735174,0.734220587725851,-0.0166705184870556,0.776925268099766
"densidade_ponderada","Ta_RH_Rad","Ta_cen","49",TRUE,0.0187544323133905,0.410249327204918,0.027182340499475,0.228761324459232
"densidade_ponderada","Ta_RH_Rad","RH_cen","49",TRUE,-0.000532256002475787,0.937461885953115,0.00260721523267436,0.700944327685794
"densidade_ponderada","Ta_RH_Rad","RAD_cen","49",TRUE,-0.0289266529027719,0.618295420084763,-0.0166705184870556,0.776925268099766
"densidade_ponderada","Ta_RH_Rad","Ta_cen","52",TRUE,0.0264365092780067,0.243521956408961,0.027182340499475,0.228761324459232
"densidade_ponderada","Ta_RH_Rad","RH_cen","52",TRUE,0.00239962009557387,0.723160714262912,0.00260721523267436,0.700944327685794
"densidade_ponderada","Ta_RH_Rad","RAD_cen","52",TRUE,-0.0285011531451939,0.634580376675673,-0.0166705184870556,0.776925268099766
"densidade_ponderada","Ta_RH_Rad","Ta_cen","53",TRUE,0.0288560403431949,0.20722696965675,0.027182340499475,0.228761324459232
"densidade_ponderada","Ta_RH_Rad","RH_cen","53",TRUE,0.0024511378521003,0.717251279173874,0.00260721523267436,0.700944327685794
"densidade_ponderada","Ta_RH_Rad","RAD_cen","53",TRUE,-0.0186492847489159,0.750570712970416,-0.0166705184870556,0.776925268099766
"densidade_ponderada","Ta_RH_Rad","Ta_cen","54",TRUE,0.0265406672569229,0.247708982037946,0.027182340499475,0.228761324459232
"densidade_ponderada","Ta_RH_Rad","RH_cen","54",TRUE,0.00240595994470015,0.7240191786247,0.00260721523267436,0.700944327685794
"densidade_ponderada","Ta_RH_Rad","RAD_cen","54",TRUE,-0.0192074121958699,0.745657605823035,-0.0166705184870556,0.776925268099766
"densidade_ponderada","Ta_RH_Rad","Ta_cen","55",TRUE,0.0258389489962675,0.25832533326664,0.027182340499475,0.228761324459232
"densidade_ponderada","Ta_RH_Rad","RH_cen","55",TRUE,0.00369650654799332,0.60106162076961,0.00260721523267436,0.700944327685794
"densidade_ponderada","Ta_RH_Rad","RAD_cen","55",TRUE,-0.00663399146719877,0.914395023693503,-0.0166705184870556,0.776925268099766
"densidade_ponderada","Ta_RH_Rad","Ta_cen","56",TRUE,0.0269681004247107,0.235818427068811,0.027182340499475,0.228761324459232
"densidade_ponderada","Ta_RH_Rad","RH_cen","56",TRUE,0.00215560346632388,0.752801485876336,0.00260721523267436,0.700944327685794
"densidade_ponderada","Ta_RH_Rad","RAD_cen","56",TRUE,-0.021483564461603,0.720363049977048,-0.0166705184870556,0.776925268099766
"densidade_ponderada","Ta_RH_Rad","Ta_cen","58",TRUE,0.0259575902020389,0.25027020309935,0.027182340499475,0.228761324459232
"densidade_ponderada","Ta_RH_Rad","RH_cen","58",TRUE,0.00160268629569643,0.814877417739024,0.00260721523267436,0.700944327685794
"densidade_ponderada","Ta_RH_Rad","RAD_cen","58",TRUE,-0.0199976197365508,0.734414792633002,-0.0166705184870556,0.776925268099766
"densidade_ponderada","Ta_RH_Rad","Ta_cen","60",TRUE,0.0315684156855158,0.171824479562157,0.027182340499475,0.228761324459232
"densidade_ponderada","Ta_RH_Rad","RH_cen","60",TRUE,0.00359833714301221,0.597551447586186,0.00260721523267436,0.700944327685794
"densidade_ponderada","Ta_RH_Rad","RAD_cen","60",TRUE,-0.0117229377091051,0.84378650997074,-0.0166705184870556,0.776925268099766
"densidade_ponderada","Ta_RH_Rad","Ta_cen","61",TRUE,0.0271427056268219,0.233200198317992,0.027182340499475,0.228761324459232
"densidade_ponderada","Ta_RH_Rad","RH_cen","61",TRUE,0.00246379748608908,0.719710721001405,0.00260721523267436,0.700944327685794
"densidade_ponderada","Ta_RH_Rad","RAD_cen","61",TRUE,-0.0169245485056507,0.775648737228887,-0.0166705184870556,0.776925268099766
"densidade_ponderada","Ta_RH_Rad","Ta_cen","62",TRUE,0.0248827446568666,0.272829428174832,0.027182340499475,0.228761324459232
"densidade_ponderada","Ta_RH_Rad","RH_cen","62",TRUE,0.00349672421343372,0.609897311653997,0.00260721523267436,0.700944327685794
"densidade_ponderada","Ta_RH_Rad","RAD_cen","62",TRUE,-0.0102247571739171,0.863534224428141,-0.0166705184870556,0.776925268099766
"densidade_ponderada","Ta_RH_Rad","Ta_cen","63",TRUE,0.0291792888175832,0.20690551931812,0.027182340499475,0.228761324459232
"densidade_ponderada","Ta_RH_Rad","RH_cen","63",TRUE,0.00261963175529638,0.695742674110335,0.00260721523267436,0.700944327685794
"densidade_ponderada","Ta_RH_Rad","RAD_cen","63",TRUE,-0.0119204400149392,0.838965574701448,-0.0166705184870556,0.776925268099766
"densidade_ponderada","Ta_RH_Rad","Ta_cen","66",TRUE,0.0259570112369011,0.253711666028398,0.027182340499475,0.228761324459232
"densidade_ponderada","Ta_RH_Rad","RH_cen","66",TRUE,0.0017821095156601,0.793444581110159,0.00260721523267436,0.700944327685794
"densidade_ponderada","Ta_RH_Rad","RAD_cen","66",TRUE,-0.0209708056688296,0.722187160637495,-0.0166705184870556,0.776925268099766
"densidade_ponderada","Ta_RH_Rad","Ta_cen","67",TRUE,0.0284671247779741,0.208657279493472,0.027182340499475,0.228761324459232
"densidade_ponderada","Ta_RH_Rad","RH_cen","67",TRUE,0.0031874002957646,0.640957968031868,0.00260721523267436,0.700944327685794
"densidade_ponderada","Ta_RH_Rad","RAD_cen","67",TRUE,-0.0278280386847531,0.645079964337502,-0.0166705184870556,0.776925268099766
"densidade_ponderada","Ta_RH_Rad","Ta_cen","68",TRUE,0.0274383183281577,0.219541482909359,0.027182340499475,0.228761324459232
"densidade_ponderada","Ta_RH_Rad","RH_cen","68",TRUE,0.00295772770887062,0.661501138103562,0.00260721523267436,0.700944327685794
"densidade_ponderada","Ta_RH_Rad","RAD_cen","68",TRUE,-0.00368227475434689,0.951032664509025,-0.0166705184870556,0.776925268099766
"densidade_ponderada","Ta_RH_Rad","Ta_cen","69",TRUE,0.0221558390858177,0.32580242670883,0.027182340499475,0.228761324459232
"densidade_ponderada","Ta_RH_Rad","RH_cen","69",TRUE,-0.000409478377238777,0.952676135704598,0.00260721523267436,0.700944327685794
"densidade_ponderada","Ta_RH_Rad","RAD_cen","69",TRUE,-0.0295219707354774,0.610310909393226,-0.0166705184870556,0.776925268099766
"densidade_ponderada","Ta_RH_Rad","Ta_cen","71",TRUE,0.02549205006513,0.26924533873962,0.027182340499475,0.228761324459232
"densidade_ponderada","Ta_RH_Rad","RH_cen","71",TRUE,0.00220976871603636,0.749099761801748,0.00260721523267436,0.700944327685794
"densidade_ponderada","Ta_RH_Rad","RAD_cen","71",TRUE,-0.0183115166233707,0.756729927595403,-0.0166705184870556,0.776925268099766
"densidade_ponderada","Ta_RH_Rad","Ta_cen","74",TRUE,0.0282296872272309,0.210784964622939,0.027182340499475,0.228761324459232
"densidade_ponderada","Ta_RH_Rad","RH_cen","74",TRUE,0.00205978337853128,0.762932242146629,0.00260721523267436,0.700944327685794
"densidade_ponderada","Ta_RH_Rad","RAD_cen","74",TRUE,-0.0215377661971499,0.714238120073506,-0.0166705184870556,0.776925268099766
"densidade_ponderada","Ta_RH_Rad","Ta_cen","75",TRUE,0.0247110858484382,0.267030063989819,0.027182340499475,0.228761324459232
"densidade_ponderada","Ta_RH_Rad","RH_cen","75",TRUE,0.00270676135479873,0.684512702943631,0.00260721523267436,0.700944327685794
"densidade_ponderada","Ta_RH_Rad","RAD_cen","75",TRUE,-0.0135216673623388,0.81595056095855,-0.0166705184870556,0.776925268099766
"densidade_ponderada","Ta_RH_Rad","Ta_cen","77",TRUE,0.0281147796295814,0.216138327659048,0.027182340499475,0.228761324459232
"densidade_ponderada","Ta_RH_Rad","RH_cen","77",TRUE,0.00212635553699984,0.756039565986242,0.00260721523267436,0.700944327685794
"densidade_ponderada","Ta_RH_Rad","RAD_cen","77",TRUE,-0.0201139796239426,0.734436998347167,-0.0166705184870556,0.776925268099766
"densidade_ponderada","Ta_RH_Rad","Ta_cen","79",TRUE,0.0242448568920972,0.295485955356314,0.027182340499475,0.228761324459232
"densidade_ponderada","Ta_RH_Rad","RH_cen","79",TRUE,0.00271091565151237,0.691674247038008,0.00260721523267436,0.700944327685794
"densidade_ponderada","Ta_RH_Rad","RAD_cen","79",TRUE,-0.0149840253793282,0.800285597088948,-0.0166705184870556,0.776925268099766
"densidade_ponderada","Ta_RH_Rad","Ta_cen","81",TRUE,0.0251389603762578,0.271076546282399,0.027182340499475,0.228761324459232
"densidade_ponderada","Ta_RH_Rad","RH_cen","81",TRUE,0.00233141177773727,0.730830531749327,0.00260721523267436,0.700944327685794
"densidade_ponderada","Ta_RH_Rad","RAD_cen","81",TRUE,-0.0187047215152747,0.749390017890794,-0.0166705184870556,0.776925268099766
"densidade_ponderada","Ta_RH_Rad","Ta_cen","82",TRUE,0.0356907768031718,0.122233448390662,0.027182340499475,0.228761324459232
"densidade_ponderada","Ta_RH_Rad","RH_cen","82",TRUE,0.00347758525360023,0.61070359700061,0.00260721523267436,0.700944327685794
"densidade_ponderada","Ta_RH_Rad","RAD_cen","82",TRUE,-0.0091566351860463,0.877585933335424,-0.0166705184870556,0.776925268099766
"densidade_ponderada","Ta_RH_Rad","Ta_cen","83",TRUE,0.0284779028557659,0.209713724660347,0.027182340499475,0.228761324459232
"densidade_ponderada","Ta_RH_Rad","RH_cen","83",TRUE,0.00259938186571068,0.703465877090533,0.00260721523267436,0.700944327685794
"densidade_ponderada","Ta_RH_Rad","RAD_cen","83",TRUE,-0.0156208950231246,0.792261892061836,-0.0166705184870556,0.776925268099766
"densidade_ponderada","Ta_RH_Rad","Ta_cen","86",TRUE,0.0257722661512225,0.254986098669888,0.027182340499475,0.228761324459232
"densidade_ponderada","Ta_RH_Rad","RH_cen","86",TRUE,0.00116373280246388,0.865065240976493,0.00260721523267436,0.700944327685794
"densidade_ponderada","Ta_RH_Rad","RAD_cen","86",TRUE,-0.0259339853692354,0.66105313943815,-0.0166705184870556,0.776925268099766
"densidade_ponderada","Ta_RH_Rad","Ta_cen","87",TRUE,0.028310206825191,0.214117264932567,0.027182340499475,0.228761324459232
"densidade_ponderada","Ta_RH_Rad","RH_cen","87",TRUE,0.00258579348055028,0.704531870453131,0.00260721523267436,0.700944327685794
"densidade_ponderada","Ta_RH_Rad","RAD_cen","87",TRUE,-0.0161295850530078,0.78544577801426,-0.0166705184870556,0.776925268099766
"densidade_ponderada","Ta_RH_Rad","Ta_cen","89",TRUE,0.035911605139558,0.118353308704561,0.027182340499475,0.228761324459232
"densidade_ponderada","Ta_RH_Rad","RH_cen","89",TRUE,0.00033168284368444,0.96185706318996,0.00260721523267436,0.700944327685794
"densidade_ponderada","Ta_RH_Rad","RAD_cen","89",TRUE,-0.0377588939049422,0.529234796016672,-0.0166705184870556,0.776925268099766
"densidade_ponderada","Ta_RH_Rad","Ta_cen","91",TRUE,0.0256515622559475,0.252398041315776,0.027182340499475,0.228761324459232
"densidade_ponderada","Ta_RH_Rad","RH_cen","91",TRUE,0.0032904696709096,0.628245687594369,0.00260721523267436,0.700944327685794
"densidade_ponderada","Ta_RH_Rad","RAD_cen","91",TRUE,-0.0139515423053296,0.812042525027259,-0.0166705184870556,0.776925268099766
"densidade_ponderada","Ta_RH_Rad","Ta_cen","92",TRUE,0.0244639730130312,0.28482570363692,0.027182340499475,0.228761324459232
"densidade_ponderada","Ta_RH_Rad","RH_cen","92",TRUE,0.00282249838607743,0.676558961451013,0.00260721523267436,0.700944327685794
"densidade_ponderada","Ta_RH_Rad","RAD_cen","92",TRUE,-0.00801700856979364,0.892891076222811,-0.0166705184870556,0.776925268099766
"densidade_ponderada","Ta_RH_Rad","Ta_cen","94",TRUE,0.0268524762881922,0.237205055125975,0.027182340499475,0.228761324459232
"densidade_ponderada","Ta_RH_Rad","RH_cen","94",TRUE,0.00240055472396192,0.726002364978493,0.00260721523267436,0.700944327685794
"densidade_ponderada","Ta_RH_Rad","RAD_cen","94",TRUE,-0.0178776799130891,0.762540370485928,-0.0166705184870556,0.776925268099766
"densidade_ponderada","Ta_RH_Rad","Ta_cen","97",TRUE,0.0280657473052759,0.217138081810399,0.027182340499475,0.228761324459232
"densidade_ponderada","Ta_RH_Rad","RH_cen","97",TRUE,0.00269390710055739,0.695278337260006,0.00260721523267436,0.700944327685794
"densidade_ponderada","Ta_RH_Rad","RAD_cen","97",TRUE,-0.0166276503779822,0.779010079010138,-0.0166705184870556,0.776925268099766
"densidade_ponderada","Ta_RH_Rad","Ta_cen","99",TRUE,0.0259294942296455,0.257865993779634,0.027182340499475,0.228761324459232
"densidade_ponderada","Ta_RH_Rad","RH_cen","99",TRUE,0.00207949132951077,0.760536407957189,0.00260721523267436,0.700944327685794
"densidade_ponderada","Ta_RH_Rad","RAD_cen","99",TRUE,-0.0161800397894927,0.78408505163706,-0.0166705184870556,0.776925268099766
"densidade_ponderada","Ta_RH_Rad","Ta_cen","100",TRUE,0.0273733148411529,0.228040563672895,0.027182340499475,0.228761324459232
"densidade_ponderada","Ta_RH_Rad","RH_cen","100",TRUE,0.00235973520685377,0.729064473020969,0.00260721523267436,0.700944327685794
"densidade_ponderada","Ta_RH_Rad","RAD_cen","100",TRUE,-0.0186646903222665,0.751781837039188,-0.0166705184870556,0.776925268099766
"densidade_ponderada","Ta_RH_Rad","Ta_cen","103",TRUE,0.0279897715612026,0.219800875853478,0.027182340499475,0.228761324459232
"densidade_ponderada","Ta_RH_Rad","RH_cen","103",TRUE,0.00265338169683678,0.699723917147859,0.00260721523267436,0.700944327685794
"densidade_ponderada","Ta_RH_Rad","RAD_cen","103",TRUE,-0.0172925617659078,0.770302419978602,-0.0166705184870556,0.776925268099766
"densidade_ponderada","Ta_RH_Rad","Ta_cen","104",TRUE,0.0288213125253058,0.196560610110859,0.027182340499475,0.228761324459232
"densidade_ponderada","Ta_RH_Rad","RH_cen","104",TRUE,0.00255225754803133,0.704893385859681,0.00260721523267436,0.700944327685794
"densidade_ponderada","Ta_RH_Rad","RAD_cen","104",TRUE,-0.0245154917375039,0.676140268495223,-0.0166705184870556,0.776925268099766
"clustering_rede_ponderado","WBGT","WBGT_cen","1",TRUE,0.00341588840402755,0.000327425658392025,0.00335964775601136,0.000339362644092432
"clustering_rede_ponderado","WBGT","WBGT_cen","2",TRUE,0.00312160191406563,0.000945953373849399,0.00335964775601136,0.000339362644092432
"clustering_rede_ponderado","WBGT","WBGT_cen","3",TRUE,0.00338257811233286,0.000332551900090832,0.00335964775601136,0.000339362644092432
"clustering_rede_ponderado","WBGT","WBGT_cen","5",TRUE,0.00335215677819878,0.000406240327801409,0.00335964775601136,0.000339362644092432
"clustering_rede_ponderado","WBGT","WBGT_cen","7",TRUE,0.00334998540416797,0.000318089464366989,0.00335964775601136,0.000339362644092432
"clustering_rede_ponderado","WBGT","WBGT_cen","8",TRUE,0.00338479187641174,0.000331219594435512,0.00335964775601136,0.000339362644092432
"clustering_rede_ponderado","WBGT","WBGT_cen","9",TRUE,0.00331492085369007,0.000475368289536561,0.00335964775601136,0.000339362644092432
"clustering_rede_ponderado","WBGT","WBGT_cen","12",TRUE,0.00343981820042798,0.000256316851614835,0.00335964775601136,0.000339362644092432
"clustering_rede_ponderado","WBGT","WBGT_cen","13",TRUE,0.00342832175003643,0.000343520971928967,0.00335964775601136,0.000339362644092432
"clustering_rede_ponderado","WBGT","WBGT_cen","16",TRUE,0.0034129676496061,0.000307240329715989,0.00335964775601136,0.000339362644092432
"clustering_rede_ponderado","WBGT","WBGT_cen","17",TRUE,0.00337036208333345,0.000415696969660372,0.00335964775601136,0.000339362644092432
"clustering_rede_ponderado","WBGT","WBGT_cen","18",TRUE,0.00339106656651103,0.000380736146613782,0.00335964775601136,0.000339362644092432
"clustering_rede_ponderado","WBGT","WBGT_cen","19",TRUE,0.00339406994787757,0.000243110696769778,0.00335964775601136,0.000339362644092432
"clustering_rede_ponderado","WBGT","WBGT_cen","20",TRUE,0.00349625406958453,0.00022109366276873,0.00335964775601136,0.000339362644092432
"clustering_rede_ponderado","WBGT","WBGT_cen","21",TRUE,0.00320926639269873,0.000735067347136469,0.00335964775601136,0.000339362644092432
"clustering_rede_ponderado","WBGT","WBGT_cen","24",TRUE,0.00337711449247314,0.000395535880568262,0.00335964775601136,0.000339362644092432
"clustering_rede_ponderado","WBGT","WBGT_cen","28",TRUE,0.00361729968348988,0.00010786005956306,0.00335964775601136,0.000339362644092432
"clustering_rede_ponderado","WBGT","WBGT_cen","29",TRUE,0.00346377994709759,0.00024213167812909,0.00335964775601136,0.000339362644092432
"clustering_rede_ponderado","WBGT","WBGT_cen","30",TRUE,0.00339049374442222,0.000364176268509755,0.00335964775601136,0.000339362644092432
"clustering_rede_ponderado","WBGT","WBGT_cen","31",TRUE,0.00341543818480779,0.000262661184492251,0.00335964775601136,0.000339362644092432
"clustering_rede_ponderado","WBGT","WBGT_cen","32",TRUE,0.00335114223414082,0.000247174772197813,0.00335964775601136,0.000339362644092432
"clustering_rede_ponderado","WBGT","WBGT_cen","33",TRUE,0.00333579099165728,0.000403523101629696,0.00335964775601136,0.000339362644092432
"clustering_rede_ponderado","WBGT","WBGT_cen","34",TRUE,0.00328586112711746,0.00049256969160611,0.00335964775601136,0.000339362644092432
"clustering_rede_ponderado","WBGT","WBGT_cen","36",TRUE,0.00346879074219363,0.000217313323822951,0.00335964775601136,0.000339362644092432
"clustering_rede_ponderado","WBGT","WBGT_cen","37",TRUE,0.00324679857923746,0.000666939834719796,0.00335964775601136,0.000339362644092432
"clustering_rede_ponderado","WBGT","WBGT_cen","41",TRUE,0.00336886668872612,0.000324170016308665,0.00335964775601136,0.000339362644092432
"clustering_rede_ponderado","WBGT","WBGT_cen","42",TRUE,0.00333520786161992,0.000407247264494539,0.00335964775601136,0.000339362644092432
"clustering_rede_ponderado","WBGT","WBGT_cen","44",TRUE,0.00339371659463018,0.000398310759254715,0.00335964775601136,0.000339362644092432
"clustering_rede_ponderado","WBGT","WBGT_cen","45",TRUE,0.00324096771804613,0.000537894347159818,0.00335964775601136,0.000339362644092432
"clustering_rede_ponderado","WBGT","WBGT_cen","46",TRUE,0.00341081343192651,0.000314992740149797,0.00335964775601136,0.000339362644092432
"clustering_rede_ponderado","WBGT","WBGT_cen","48",TRUE,0.00298871271177693,0.00100779863670065,0.00335964775601136,0.000339362644092432
"clustering_rede_ponderado","WBGT","WBGT_cen","49",TRUE,0.00362578558120648,0.000137313291985206,0.00335964775601136,0.000339362644092432
"clustering_rede_ponderado","WBGT","WBGT_cen","52",TRUE,0.00337444504284501,0.000328774947335298,0.00335964775601136,0.000339362644092432
"clustering_rede_ponderado","WBGT","WBGT_cen","53",TRUE,0.0033217453888989,0.000477133620938506,0.00335964775601136,0.000339362644092432
"clustering_rede_ponderado","WBGT","WBGT_cen","54",TRUE,0.00351167952122141,0.000256924419395617,0.00335964775601136,0.000339362644092432
"clustering_rede_ponderado","WBGT","WBGT_cen","55",TRUE,0.00331715440360766,0.000325967350656026,0.00335964775601136,0.000339362644092432
"clustering_rede_ponderado","WBGT","WBGT_cen","56",TRUE,0.00338572055787668,0.000298457234187757,0.00335964775601136,0.000339362644092432
"clustering_rede_ponderado","WBGT","WBGT_cen","58",TRUE,0.00340704206694144,0.000270361104878182,0.00335964775601136,0.000339362644092432
"clustering_rede_ponderado","WBGT","WBGT_cen","60",TRUE,0.00303044136101231,0.00147670593894844,0.00335964775601136,0.000339362644092432
"clustering_rede_ponderado","WBGT","WBGT_cen","61",TRUE,0.00336751321956797,0.000331343501231537,0.00335964775601136,0.000339362644092432
"clustering_rede_ponderado","WBGT","WBGT_cen","62",TRUE,0.00335362620053171,0.000393345594903058,0.00335964775601136,0.000339362644092432
"clustering_rede_ponderado","WBGT","WBGT_cen","63",TRUE,0.00348610841496194,0.000311916463505497,0.00335964775601136,0.000339362644092432
"clustering_rede_ponderado","WBGT","WBGT_cen","66",TRUE,0.0034710545613135,0.000260999019821091,0.00335964775601136,0.000339362644092432
"clustering_rede_ponderado","WBGT","WBGT_cen","67",TRUE,0.00341094504787482,0.000265653702334,0.00335964775601136,0.000339362644092432
"clustering_rede_ponderado","WBGT","WBGT_cen","68",TRUE,0.00334246822975919,0.000372881840338053,0.00335964775601136,0.000339362644092432
"clustering_rede_ponderado","WBGT","WBGT_cen","69",TRUE,0.0035518814764919,0.000159405592937254,0.00335964775601136,0.000339362644092432
"clustering_rede_ponderado","WBGT","WBGT_cen","71",TRUE,0.00330251017766509,0.000563019624751595,0.00335964775601136,0.000339362644092432
"clustering_rede_ponderado","WBGT","WBGT_cen","74",TRUE,0.00335832650626425,0.000369031419430324,0.00335964775601136,0.000339362644092432
"clustering_rede_ponderado","WBGT","WBGT_cen","75",TRUE,0.00347559661502879,0.000222675106157902,0.00335964775601136,0.000339362644092432
"clustering_rede_ponderado","WBGT","WBGT_cen","77",TRUE,0.00336388755139512,0.000375018499582362,0.00335964775601136,0.000339362644092432
"clustering_rede_ponderado","WBGT","WBGT_cen","79",TRUE,0.00323720556510957,0.000856348846116956,0.00335964775601136,0.000339362644092432
"clustering_rede_ponderado","WBGT","WBGT_cen","81",TRUE,0.00331195459074349,0.000562391154024484,0.00335964775601136,0.000339362644092432
"clustering_rede_ponderado","WBGT","WBGT_cen","82",TRUE,0.00298554752883097,0.00244366104323482,0.00335964775601136,0.000339362644092432
"clustering_rede_ponderado","WBGT","WBGT_cen","83",TRUE,0.00335479944094092,0.00041895826022225,0.00335964775601136,0.000339362644092432
"clustering_rede_ponderado","WBGT","WBGT_cen","86",TRUE,0.00334247329686271,0.000403076080563243,0.00335964775601136,0.000339362644092432
"clustering_rede_ponderado","WBGT","WBGT_cen","87",TRUE,0.00331092960889362,0.000522510902595825,0.00335964775601136,0.000339362644092432
"clustering_rede_ponderado","WBGT","WBGT_cen","89",TRUE,0.00332392038548247,0.000554894463523554,0.00335964775601136,0.000339362644092432
"clustering_rede_ponderado","WBGT","WBGT_cen","91",TRUE,0.00332015073075271,0.000368141964627883,0.00335964775601136,0.000339362644092432
"clustering_rede_ponderado","WBGT","WBGT_cen","92",TRUE,0.00343237166649358,0.000361267499640222,0.00335964775601136,0.000339362644092432
"clustering_rede_ponderado","WBGT","WBGT_cen","94",TRUE,0.00336261565017112,0.000364259311459606,0.00335964775601136,0.000339362644092432
"clustering_rede_ponderado","WBGT","WBGT_cen","97",TRUE,0.0033216874136094,0.000406784787377079,0.00335964775601136,0.000339362644092432
"clustering_rede_ponderado","WBGT","WBGT_cen","99",TRUE,0.00357227700127884,0.000149130589366923,0.00335964775601136,0.000339362644092432
"clustering_rede_ponderado","WBGT","WBGT_cen","100",TRUE,0.00333177375217188,0.000351313426906186,0.00335964775601136,0.000339362644092432
"clustering_rede_ponderado","WBGT","WBGT_cen","103",TRUE,0.00327191322032293,0.000557173979089941,0.00335964775601136,0.000339362644092432
"clustering_rede_ponderado","WBGT","WBGT_cen","104",TRUE,0.00345912194281426,0.000244522422841135,0.00335964775601136,0.000339362644092432
"clustering_rede_ponderado","Ta_RH_Rad","Ta_cen","1",TRUE,0.0031221729426373,0.000240245676415021,0.00305770248696155,0.000270218418641457
"clustering_rede_ponderado","Ta_RH_Rad","RH_cen","1",TRUE,-4.49242987978478e-05,0.862557544638381,-6.82186213475878e-05,0.791809914661334
"clustering_rede_ponderado","Ta_RH_Rad","RAD_cen","1",TRUE,0.000402752159166582,0.863592690703552,-0.000142630032026392,0.949903831620059
"clustering_rede_ponderado","Ta_RH_Rad","Ta_cen","2",TRUE,0.00286431591977549,0.000717300705721729,0.00305770248696155,0.000270218418641457
"clustering_rede_ponderado","Ta_RH_Rad","RH_cen","2",TRUE,-3.50844858737423e-05,0.892154372658938,-6.82186213475878e-05,0.791809914661334
"clustering_rede_ponderado","Ta_RH_Rad","RAD_cen","2",TRUE,0.000219347661240481,0.923361152720481,-0.000142630032026392,0.949903831620059
"clustering_rede_ponderado","Ta_RH_Rad","Ta_cen","3",TRUE,0.00305499913181006,0.000299400162196997,0.00305770248696155,0.000270218418641457
"clustering_rede_ponderado","Ta_RH_Rad","RH_cen","3",TRUE,-6.29257346078544e-05,0.808779186886039,-6.82186213475878e-05,0.791809914661334
"clustering_rede_ponderado","Ta_RH_Rad","RAD_cen","3",TRUE,-0.000220434212226643,0.923170629001078,-0.000142630032026392,0.949903831620059
"clustering_rede_ponderado","Ta_RH_Rad","Ta_cen","5",TRUE,0.00303764378107935,0.000338992396688995,0.00305770248696155,0.000270218418641457
"clustering_rede_ponderado","Ta_RH_Rad","RH_cen","5",TRUE,-8.79136926663929e-05,0.740828309443191,-6.82186213475878e-05,0.791809914661334
"clustering_rede_ponderado","Ta_RH_Rad","RAD_cen","5",TRUE,-0.00025997140065505,0.910387333319897,-0.000142630032026392,0.949903831620059
"clustering_rede_ponderado","Ta_RH_Rad","Ta_cen","7",TRUE,0.00306277163420014,0.00023402819307927,0.00305770248696155,0.000270218418641457
"clustering_rede_ponderado","Ta_RH_Rad","RH_cen","7",TRUE,-6.0695896864627e-05,0.813161205757329,-6.82186213475878e-05,0.791809914661334
"clustering_rede_ponderado","Ta_RH_Rad","RAD_cen","7",TRUE,-9.82174505770936e-05,0.965033430099614,-0.000142630032026392,0.949903831620059
"clustering_rede_ponderado","Ta_RH_Rad","Ta_cen","8",TRUE,0.0030958875818434,0.000241976469603628,0.00305770248696155,0.000270218418641457
"clustering_rede_ponderado","Ta_RH_Rad","RH_cen","8",TRUE,-4.23498095255671e-05,0.870632559306178,-6.82186213475878e-05,0.791809914661334
"clustering_rede_ponderado","Ta_RH_Rad","RAD_cen","8",TRUE,0.000803603843878446,0.739508156496612,-0.000142630032026392,0.949903831620059
"clustering_rede_ponderado","Ta_RH_Rad","Ta_cen","9",TRUE,0.00301868980625343,0.000387989156201209,0.00305770248696155,0.000270218418641457
"clustering_rede_ponderado","Ta_RH_Rad","RH_cen","9",TRUE,-6.83271673825152e-05,0.792923752788395,-6.82186213475878e-05,0.791809914661334
"clustering_rede_ponderado","Ta_RH_Rad","RAD_cen","9",TRUE,-0.000135053049606013,0.952869808552749,-0.000142630032026392,0.949903831620059
"clustering_rede_ponderado","Ta_RH_Rad","Ta_cen","12",TRUE,0.00310441798436207,0.000229724004220367,0.00305770248696155,0.000270218418641457
"clustering_rede_ponderado","Ta_RH_Rad","RH_cen","12",TRUE,-3.59746557290465e-05,0.890115903046166,-6.82186213475878e-05,0.791809914661334
"clustering_rede_ponderado","Ta_RH_Rad","RAD_cen","12",TRUE,-3.65918781696681e-05,0.987038113945933,-0.000142630032026392,0.949903831620059
"clustering_rede_ponderado","Ta_RH_Rad","Ta_cen","13",TRUE,0.00310625847121788,0.000290038861515943,0.00305770248696155,0.000270218418641457
"clustering_rede_ponderado","Ta_RH_Rad","RH_cen","13",TRUE,-5.62587159751248e-05,0.830231037268692,-6.82186213475878e-05,0.791809914661334
"clustering_rede_ponderado","Ta_RH_Rad","RAD_cen","13",TRUE,-8.10555507345366e-05,0.97181026215242,-0.000142630032026392,0.949903831620059
"clustering_rede_ponderado","Ta_RH_Rad","Ta_cen","16",TRUE,0.00313597721569799,0.000208265781451936,0.00305770248696155,0.000270218418641457
"clustering_rede_ponderado","Ta_RH_Rad","RH_cen","16",TRUE,-5.89167973470566e-05,0.820451335029342,-6.82186213475878e-05,0.791809914661334
"clustering_rede_ponderado","Ta_RH_Rad","RAD_cen","16",TRUE,0.00028254557981823,0.904936888139125,-0.000142630032026392,0.949903831620059
"clustering_rede_ponderado","Ta_RH_Rad","Ta_cen","17",TRUE,0.00302569063251971,0.000400052207489324,0.00305770248696155,0.000270218418641457
"clustering_rede_ponderado","Ta_RH_Rad","RH_cen","17",TRUE,-6.76310232160144e-05,0.796821238757929,-6.82186213475878e-05,0.791809914661334
"clustering_rede_ponderado","Ta_RH_Rad","RAD_cen","17",TRUE,-0.00010945946835746,0.962115540561297,-0.000142630032026392,0.949903831620059
"clustering_rede_ponderado","Ta_RH_Rad","Ta_cen","18",TRUE,0.00299924810044516,0.000439642168016748,0.00305770248696155,0.000270218418641457
"clustering_rede_ponderado","Ta_RH_Rad","RH_cen","18",TRUE,-0.000121302065735846,0.665514401280805,-6.82186213475878e-05,0.791809914661334
"clustering_rede_ponderado","Ta_RH_Rad","RAD_cen","18",TRUE,-0.000233313739759167,0.918936368849249,-0.000142630032026392,0.949903831620059
"clustering_rede_ponderado","Ta_RH_Rad","Ta_cen","19",TRUE,0.0031021366249231,0.000180246459754074,0.00305770248696155,0.000270218418641457
"clustering_rede_ponderado","Ta_RH_Rad","RH_cen","19",TRUE,-4.09119293558513e-05,0.872557775130443,-6.82186213475878e-05,0.791809914661334
"clustering_rede_ponderado","Ta_RH_Rad","RAD_cen","19",TRUE,0.00017981687938334,0.936030971148682,-0.000142630032026392,0.949903831620059
"clustering_rede_ponderado","Ta_RH_Rad","Ta_cen","20",TRUE,0.00321985038543833,0.000146714738323024,0.00305770248696155,0.000270218418641457
"clustering_rede_ponderado","Ta_RH_Rad","RH_cen","20",TRUE,-7.18046252487155e-05,0.780798909136729,-6.82186213475878e-05,0.791809914661334
"clustering_rede_ponderado","Ta_RH_Rad","RAD_cen","20",TRUE,-0.000178591574714469,0.937319096483193,-0.000142630032026392,0.949903831620059
"clustering_rede_ponderado","Ta_RH_Rad","Ta_cen","21",TRUE,0.00294340774327476,0.000537895586638068,0.00305770248696155,0.000270218418641457
"clustering_rede_ponderado","Ta_RH_Rad","RH_cen","21",TRUE,-4.92877102074326e-05,0.849579422352111,-6.82186213475878e-05,0.791809914661334
"clustering_rede_ponderado","Ta_RH_Rad","RAD_cen","21",TRUE,3.8060225293806e-05,0.986698424316397,-0.000142630032026392,0.949903831620059
"clustering_rede_ponderado","Ta_RH_Rad","Ta_cen","24",TRUE,0.00308367370600936,0.000296249416953918,0.00305770248696155,0.000270218418641457
"clustering_rede_ponderado","Ta_RH_Rad","RH_cen","24",TRUE,-7.29304875248185e-05,0.779118867730413,-6.82186213475878e-05,0.791809914661334
"clustering_rede_ponderado","Ta_RH_Rad","RAD_cen","24",TRUE,-0.000115061635914257,0.959823936287829,-0.000142630032026392,0.949903831620059
"clustering_rede_ponderado","Ta_RH_Rad","Ta_cen","28",TRUE,0.00330921991462509,7.15854453345853e-05,0.00305770248696155,0.000270218418641457
"clustering_rede_ponderado","Ta_RH_Rad","RH_cen","28",TRUE,-0.000110399628358423,0.665561988530398,-6.82186213475878e-05,0.791809914661334
"clustering_rede_ponderado","Ta_RH_Rad","RAD_cen","28",TRUE,-0.00072206097383496,0.748755748692325,-0.000142630032026392,0.949903831620059
"clustering_rede_ponderado","Ta_RH_Rad","Ta_cen","29",TRUE,0.00310218452683963,0.000242893810244911,0.00305770248696155,0.000270218418641457
"clustering_rede_ponderado","Ta_RH_Rad","RH_cen","29",TRUE,-3.65041740211014e-05,0.892501416992829,-6.82186213475878e-05,0.791809914661334
"clustering_rede_ponderado","Ta_RH_Rad","RAD_cen","29",TRUE,3.3232570141479e-05,0.988489351085834,-0.000142630032026392,0.949903831620059
"clustering_rede_ponderado","Ta_RH_Rad","Ta_cen","30",TRUE,0.00304938701837173,0.00033023164093392,0.00305770248696155,0.000270218418641457
"clustering_rede_ponderado","Ta_RH_Rad","RH_cen","30",TRUE,-9.13617385692154e-05,0.732633822880091,-6.82186213475878e-05,0.791809914661334
"clustering_rede_ponderado","Ta_RH_Rad","RAD_cen","30",TRUE,-0.000175034308287424,0.938970479203665,-0.000142630032026392,0.949903831620059
"clustering_rede_ponderado","Ta_RH_Rad","Ta_cen","31",TRUE,0.00313985221712605,0.000184739480391858,0.00305770248696155,0.000270218418641457
"clustering_rede_ponderado","Ta_RH_Rad","RH_cen","31",TRUE,-5.22183929868535e-05,0.836598730879849,-6.82186213475878e-05,0.791809914661334
"clustering_rede_ponderado","Ta_RH_Rad","RAD_cen","31",TRUE,-4.4632939577538e-05,0.983980439638739,-0.000142630032026392,0.949903831620059
"clustering_rede_ponderado","Ta_RH_Rad","Ta_cen","32",TRUE,0.00306358167431114,0.000183340736869936,0.00305770248696155,0.000270218418641457
"clustering_rede_ponderado","Ta_RH_Rad","RH_cen","32",TRUE,-8.61862121538479e-05,0.736562711674005,-6.82186213475878e-05,0.791809914661334
"clustering_rede_ponderado","Ta_RH_Rad","RAD_cen","32",TRUE,-0.000569893474627299,0.812192220144032,-0.000142630032026392,0.949903831620059
"clustering_rede_ponderado","Ta_RH_Rad","Ta_cen","33",TRUE,0.00302060822225121,0.000349998450733782,0.00305770248696155,0.000270218418641457
"clustering_rede_ponderado","Ta_RH_Rad","RH_cen","33",TRUE,-6.8942440215461e-05,0.790374769123258,-6.82186213475878e-05,0.791809914661334
"clustering_rede_ponderado","Ta_RH_Rad","RAD_cen","33",TRUE,-0.000158404310474029,0.944213790614509,-0.000142630032026392,0.949903831620059
"clustering_rede_ponderado","Ta_RH_Rad","Ta_cen","34",TRUE,0.00299795390418485,0.000383661305319817,0.00305770248696155,0.000270218418641457
"clustering_rede_ponderado","Ta_RH_Rad","RH_cen","34",TRUE,-6.72057682124579e-05,0.795000626941922,-6.82186213475878e-05,0.791809914661334
"clustering_rede_ponderado","Ta_RH_Rad","RAD_cen","34",TRUE,-0.000141835202393617,0.950284631256166,-0.000142630032026392,0.949903831620059
"clustering_rede_ponderado","Ta_RH_Rad","Ta_cen","36",TRUE,0.00313695541597286,0.000194455552620257,0.00305770248696155,0.000270218418641457
"clustering_rede_ponderado","Ta_RH_Rad","RH_cen","36",TRUE,-1.93363558537238e-05,0.941016706270927,-6.82186213475878e-05,0.791809914661334
"clustering_rede_ponderado","Ta_RH_Rad","RAD_cen","36",TRUE,-7.11450921160461e-05,0.974993719205154,-0.000142630032026392,0.949903831620059
"clustering_rede_ponderado","Ta_RH_Rad","Ta_cen","37",TRUE,0.0029398530314123,0.000560423888890921,0.00305770248696155,0.000270218418641457
"clustering_rede_ponderado","Ta_RH_Rad","RH_cen","37",TRUE,-0.000106524528828797,0.685467149302009,-6.82186213475878e-05,0.791809914661334
"clustering_rede_ponderado","Ta_RH_Rad","RAD_cen","37",TRUE,-0.000377574891724299,0.86933248546957,-0.000142630032026392,0.949903831620059
"clustering_rede_ponderado","Ta_RH_Rad","Ta_cen","41",TRUE,0.00304009485655359,0.000281744734942289,0.00305770248696155,0.000270218418641457
"clustering_rede_ponderado","Ta_RH_Rad","RH_cen","41",TRUE,-0.000148787592416509,0.576198273539979,-6.82186213475878e-05,0.791809914661334
"clustering_rede_ponderado","Ta_RH_Rad","RAD_cen","41",TRUE,-0.000518904569760913,0.820322560325277,-0.000142630032026392,0.949903831620059
"clustering_rede_ponderado","Ta_RH_Rad","Ta_cen","42",TRUE,0.00303830909786553,0.000301853038946998,0.00305770248696155,0.000270218418641457
"clustering_rede_ponderado","Ta_RH_Rad","RH_cen","42",TRUE,-0.00010273313439037,0.692646044462751,-6.82186213475878e-05,0.791809914661334
"clustering_rede_ponderado","Ta_RH_Rad","RAD_cen","42",TRUE,0.000519183876721069,0.822281544825907,-0.000142630032026392,0.949903831620059
"clustering_rede_ponderado","Ta_RH_Rad","Ta_cen","44",TRUE,0.00311640737134953,0.000295782846228266,0.00305770248696155,0.000270218418641457
"clustering_rede_ponderado","Ta_RH_Rad","RH_cen","44",TRUE,-6.57251758624846e-05,0.800379341167073,-6.82186213475878e-05,0.791809914661334
"clustering_rede_ponderado","Ta_RH_Rad","RAD_cen","44",TRUE,-0.000145179388205696,0.949295093443877,-0.000142630032026392,0.949903831620059
"clustering_rede_ponderado","Ta_RH_Rad","Ta_cen","45",TRUE,0.00295409832421764,0.000446064397785968,0.00305770248696155,0.000270218418641457
"clustering_rede_ponderado","Ta_RH_Rad","RH_cen","45",TRUE,-5.69997851462001e-05,0.825373471887535,-6.82186213475878e-05,0.791809914661334
"clustering_rede_ponderado","Ta_RH_Rad","RAD_cen","45",TRUE,-0.000610451872327728,0.790560614170496,-0.000142630032026392,0.949903831620059
"clustering_rede_ponderado","Ta_RH_Rad","Ta_cen","46",TRUE,0.00307834757376559,0.000288867410074768,0.00305770248696155,0.000270218418641457
"clustering_rede_ponderado","Ta_RH_Rad","RH_cen","46",TRUE,-4.96828832142156e-05,0.849928354472021,-6.82186213475878e-05,0.791809914661334
"clustering_rede_ponderado","Ta_RH_Rad","RAD_cen","46",TRUE,-0.000148640774390508,0.947913118681747,-0.000142630032026392,0.949903831620059
"clustering_rede_ponderado","Ta_RH_Rad","Ta_cen","48",TRUE,0.00275389913228707,0.000736259347970521,0.00305770248696155,0.000270218418641457
"clustering_rede_ponderado","Ta_RH_Rad","RH_cen","48",TRUE,1.81007197542273e-05,0.942368323897364,-6.82186213475878e-05,0.791809914661334
"clustering_rede_ponderado","Ta_RH_Rad","RAD_cen","48",TRUE,0.000768028013633099,0.727232959167082,-0.000142630032026392,0.949903831620059
"clustering_rede_ponderado","Ta_RH_Rad","Ta_cen","49",TRUE,0.00324231735326986,0.000143479723503307,0.00305770248696155,0.000270218418641457
"clustering_rede_ponderado","Ta_RH_Rad","RH_cen","49",TRUE,-2.51253413601227e-06,0.992384482731835,-6.82186213475878e-05,0.791809914661334
"clustering_rede_ponderado","Ta_RH_Rad","RAD_cen","49",TRUE,0.00017167145112295,0.940005937686566,-0.000142630032026392,0.949903831620059
"clustering_rede_ponderado","Ta_RH_Rad","Ta_cen","52",TRUE,0.00307223696500031,0.000260472272775472,0.00305770248696155,0.000270218418641457
"clustering_rede_ponderado","Ta_RH_Rad","RH_cen","52",TRUE,-6.66507036935396e-05,0.797444272770611,-6.82186213475878e-05,0.791809914661334
"clustering_rede_ponderado","Ta_RH_Rad","RAD_cen","52",TRUE,-0.000178494424304718,0.939444584570728,-0.000142630032026392,0.949903831620059
"clustering_rede_ponderado","Ta_RH_Rad","Ta_cen","53",TRUE,0.00303971951543533,0.000356353974351625,0.00305770248696155,0.000270218418641457
"clustering_rede_ponderado","Ta_RH_Rad","RH_cen","53",TRUE,-6.71274145390602e-05,0.79639453368533,-6.82186213475878e-05,0.791809914661334
"clustering_rede_ponderado","Ta_RH_Rad","RAD_cen","53",TRUE,-0.000115280803347445,0.959772914409143,-0.000142630032026392,0.949903831620059
"clustering_rede_ponderado","Ta_RH_Rad","Ta_cen","54",TRUE,0.0032194623556465,0.00018083099643374,0.00305770248696155,0.000270218418641457
"clustering_rede_ponderado","Ta_RH_Rad","RH_cen","54",TRUE,-8.43472426037138e-05,0.745699034741765,-6.82186213475878e-05,0.791809914661334
"clustering_rede_ponderado","Ta_RH_Rad","RAD_cen","54",TRUE,-0.000376310764183992,0.869498135287815,-0.000142630032026392,0.949903831620059
"clustering_rede_ponderado","Ta_RH_Rad","Ta_cen","55",TRUE,0.00299328827237079,0.000318599498177617,0.00305770248696155,0.000270218418641457
"clustering_rede_ponderado","Ta_RH_Rad","RH_cen","55",TRUE,1.6413591256157e-05,0.949849049467741,-6.82186213475878e-05,0.791809914661334
"clustering_rede_ponderado","Ta_RH_Rad","RAD_cen","55",TRUE,0.000647172629031199,0.778581486454975,-0.000142630032026392,0.949903831620059
"clustering_rede_ponderado","Ta_RH_Rad","Ta_cen","56",TRUE,0.00309875777224272,0.000214173161195265,0.00305770248696155,0.000270218418641457
"clustering_rede_ponderado","Ta_RH_Rad","RH_cen","56",TRUE,-0.000101273775371923,0.695548755863959,-6.82186213475878e-05,0.791809914661334
"clustering_rede_ponderado","Ta_RH_Rad","RAD_cen","56",TRUE,-0.000785576542769127,0.733509007907621,-0.000142630032026392,0.949903831620059
"clustering_rede_ponderado","Ta_RH_Rad","Ta_cen","58",TRUE,0.00311719260165359,0.00020553836335028,0.00305770248696155,0.000270218418641457
"clustering_rede_ponderado","Ta_RH_Rad","RH_cen","58",TRUE,-7.82755602300278e-06,0.976291707035384,-6.82186213475878e-05,0.791809914661334
"clustering_rede_ponderado","Ta_RH_Rad","RAD_cen","58",TRUE,0.000117755844770206,0.958727838376707,-0.000142630032026392,0.949903831620059
"clustering_rede_ponderado","Ta_RH_Rad","Ta_cen","60",TRUE,0.00276526753027382,0.00125168740487204,0.00305770248696155,0.000270218418641457
"clustering_rede_ponderado","Ta_RH_Rad","RH_cen","60",TRUE,-9.61926259182128e-05,0.709344373411335,-6.82186213475878e-05,0.791809914661334
"clustering_rede_ponderado","Ta_RH_Rad","RAD_cen","60",TRUE,-0.000284861471429536,0.90052306043026,-0.000142630032026392,0.949903831620059
"clustering_rede_ponderado","Ta_RH_Rad","Ta_cen","61",TRUE,0.00307443491365996,0.00024357731750498,0.00305770248696155,0.000270218418641457
"clustering_rede_ponderado","Ta_RH_Rad","RH_cen","61",TRUE,-8.14528222166383e-05,0.752772060967898,-6.82186213475878e-05,0.791809914661334
"clustering_rede_ponderado","Ta_RH_Rad","RAD_cen","61",TRUE,-2.35145914993399e-05,0.99173764164413,-0.000142630032026392,0.949903831620059
"clustering_rede_ponderado","Ta_RH_Rad","Ta_cen","62",TRUE,0.00306588751495598,0.000300352561382936,0.00305770248696155,0.000270218418641457
"clustering_rede_ponderado","Ta_RH_Rad","RH_cen","62",TRUE,-7.01375539870074e-05,0.787743679000789,-6.82186213475878e-05,0.791809914661334
"clustering_rede_ponderado","Ta_RH_Rad","RAD_cen","62",TRUE,-0.000124823224818721,0.956446704595258,-0.000142630032026392,0.949903831620059
"clustering_rede_ponderado","Ta_RH_Rad","Ta_cen","63",TRUE,0.00318979187016399,0.000218708731953001,0.00305770248696155,0.000270218418641457
"clustering_rede_ponderado","Ta_RH_Rad","RH_cen","63",TRUE,-6.37732762583452e-05,0.804792167918808,-6.82186213475878e-05,0.791809914661334
"clustering_rede_ponderado","Ta_RH_Rad","RAD_cen","63",TRUE,-4.4161649904651e-05,0.984437811588395,-0.000142630032026392,0.949903831620059
"clustering_rede_ponderado","Ta_RH_Rad","Ta_cen","66",TRUE,0.00315577875778797,0.000201786505131259,0.00305770248696155,0.000270218418641457
"clustering_rede_ponderado","Ta_RH_Rad","RH_cen","66",TRUE,-8.04132160529597e-05,0.757526651195926,-6.82186213475878e-05,0.791809914661334
"clustering_rede_ponderado","Ta_RH_Rad","RAD_cen","66",TRUE,-0.000305236790447339,0.894083820097367,-0.000142630032026392,0.949903831620059
"clustering_rede_ponderado","Ta_RH_Rad","Ta_cen","67",TRUE,0.00308536956993708,0.000236536064999281,0.00305770248696155,0.000270218418641457
"clustering_rede_ponderado","Ta_RH_Rad","RH_cen","67",TRUE,-4.83546963282505e-05,0.852343546870085,-6.82186213475878e-05,0.791809914661334
"clustering_rede_ponderado","Ta_RH_Rad","RAD_cen","67",TRUE,-0.00042515955926665,0.855068813169309,-0.000142630032026392,0.949903831620059
"clustering_rede_ponderado","Ta_RH_Rad","Ta_cen","68",TRUE,0.00304140059594685,0.000307235362043095,0.00305770248696155,0.000270218418641457
"clustering_rede_ponderado","Ta_RH_Rad","RH_cen","68",TRUE,-5.35123056065327e-05,0.837146093500171,-6.82186213475878e-05,0.791809914661334
"clustering_rede_ponderado","Ta_RH_Rad","RAD_cen","68",TRUE,-0.000619012186754385,0.790933798402023,-0.000142630032026392,0.949903831620059
"clustering_rede_ponderado","Ta_RH_Rad","Ta_cen","69",TRUE,0.0032336882909152,0.00013014923516959,0.00305770248696155,0.000270218418641457
"clustering_rede_ponderado","Ta_RH_Rad","RH_cen","69",TRUE,-2.47518159395688e-05,0.924037816096557,-6.82186213475878e-05,0.791809914661334
"clustering_rede_ponderado","Ta_RH_Rad","RAD_cen","69",TRUE,-0.00012109585698906,0.957240691565552,-0.000142630032026392,0.949903831620059
"clustering_rede_ponderado","Ta_RH_Rad","Ta_cen","71",TRUE,0.002983734701768,0.000482092070380699,0.00305770248696155,0.000270218418641457
"clustering_rede_ponderado","Ta_RH_Rad","RH_cen","71",TRUE,-8.92077535020368e-05,0.734231968098451,-6.82186213475878e-05,0.791809914661334
"clustering_rede_ponderado","Ta_RH_Rad","RAD_cen","71",TRUE,-0.000177272535004948,0.9381792597652,-0.000142630032026392,0.949903831620059
"clustering_rede_ponderado","Ta_RH_Rad","Ta_cen","74",TRUE,0.00305422921963713,0.000295880503786671,0.00305770248696155,0.000270218418641457
"clustering_rede_ponderado","Ta_RH_Rad","RH_cen","74",TRUE,-8.2908240171021e-05,0.750464397209931,-6.82186213475878e-05,0.791809914661334
"clustering_rede_ponderado","Ta_RH_Rad","RAD_cen","74",TRUE,-0.000175143547058814,0.938822372914607,-0.000142630032026392,0.949903831620059
"clustering_rede_ponderado","Ta_RH_Rad","Ta_cen","75",TRUE,0.00318851251105757,0.000148778882191236,0.00305770248696155,0.000270218418641457
"clustering_rede_ponderado","Ta_RH_Rad","RH_cen","75",TRUE,-0.000112121480031818,0.665830917403015,-6.82186213475878e-05,0.791809914661334
"clustering_rede_ponderado","Ta_RH_Rad","RAD_cen","75",TRUE,-0.00032514942993638,0.885951450665638,-0.000142630032026392,0.949903831620059
"clustering_rede_ponderado","Ta_RH_Rad","Ta_cen","77",TRUE,0.00306816900070563,0.000291926007465919,0.00305770248696155,0.000270218418641457
"clustering_rede_ponderado","Ta_RH_Rad","RH_cen","77",TRUE,-6.14524256366273e-05,0.814124708993043,-6.82186213475878e-05,0.791809914661334
"clustering_rede_ponderado","Ta_RH_Rad","RAD_cen","77",TRUE,-9.22750201367198e-05,0.967912410368299,-0.000142630032026392,0.949903831620059
"clustering_rede_ponderado","Ta_RH_Rad","Ta_cen","79",TRUE,0.00298124869508938,0.000596354318913015,0.00305770248696155,0.000270218418641457
"clustering_rede_ponderado","Ta_RH_Rad","RH_cen","79",TRUE,-6.23399408520252e-05,0.810893183322666,-6.82186213475878e-05,0.791809914661334
"clustering_rede_ponderado","Ta_RH_Rad","RAD_cen","79",TRUE,-6.41453343780571e-05,0.977676640362851,-0.000142630032026392,0.949903831620059
"clustering_rede_ponderado","Ta_RH_Rad","Ta_cen","81",TRUE,0.00301739149453727,0.000459204492743363,0.00305770248696155,0.000270218418641457
"clustering_rede_ponderado","Ta_RH_Rad","RH_cen","81",TRUE,-7.18862743059405e-05,0.782873316811576,-6.82186213475878e-05,0.791809914661334
"clustering_rede_ponderado","Ta_RH_Rad","RAD_cen","81",TRUE,-0.000158132005018703,0.94486131212833,-0.000142630032026392,0.949903831620059
"clustering_rede_ponderado","Ta_RH_Rad","Ta_cen","82",TRUE,0.00274397645354315,0.00205698326609489,0.00305770248696155,0.000270218418641457
"clustering_rede_ponderado","Ta_RH_Rad","RH_cen","82",TRUE,-9.53499638371717e-05,0.714105890660748,-6.82186213475878e-05,0.791809914661334
"clustering_rede_ponderado","Ta_RH_Rad","RAD_cen","82",TRUE,-0.000380288707254984,0.867890584548354,-0.000142630032026392,0.949903831620059
"clustering_rede_ponderado","Ta_RH_Rad","Ta_cen","83",TRUE,0.00306101418299341,0.000321519647175837,0.00305770248696155,0.000270218418641457
"clustering_rede_ponderado","Ta_RH_Rad","RH_cen","83",TRUE,-6.74859965328817e-05,0.795738931659042,-6.82186213475878e-05,0.791809914661334
"clustering_rede_ponderado","Ta_RH_Rad","RAD_cen","83",TRUE,-0.000141224424008082,0.951083367461358,-0.000142630032026392,0.949903831620059
"clustering_rede_ponderado","Ta_RH_Rad","Ta_cen","86",TRUE,0.00302934426245057,0.000335568840884636,0.00305770248696155,0.000270218418641457
"clustering_rede_ponderado","Ta_RH_Rad","RH_cen","86",TRUE,-0.00010931235509153,0.680684831826579,-6.82186213475878e-05,0.791809914661334
"clustering_rede_ponderado","Ta_RH_Rad","RAD_cen","86",TRUE,-0.000402530933492364,0.861411523138178,-0.000142630032026392,0.949903831620059
"clustering_rede_ponderado","Ta_RH_Rad","Ta_cen","87",TRUE,0.00302434839049841,0.000387429099611782,0.00305770248696155,0.000270218418641457
"clustering_rede_ponderado","Ta_RH_Rad","RH_cen","87",TRUE,-7.19647751946449e-05,0.782382393732215,-6.82186213475878e-05,0.791809914661334
"clustering_rede_ponderado","Ta_RH_Rad","RAD_cen","87",TRUE,-0.000204238291063533,0.929031811087407,-0.000142630032026392,0.949903831620059
"clustering_rede_ponderado","Ta_RH_Rad","Ta_cen","89",TRUE,0.00317028118261307,0.000269823652092349,0.00305770248696155,0.000270218418641457
"clustering_rede_ponderado","Ta_RH_Rad","RH_cen","89",TRUE,-0.00012866589777407,0.628760038715025,-6.82186213475878e-05,0.791809914661334
"clustering_rede_ponderado","Ta_RH_Rad","RAD_cen","89",TRUE,-0.000620617482980187,0.79121874130277,-0.000142630032026392,0.949903831620059
"clustering_rede_ponderado","Ta_RH_Rad","Ta_cen","91",TRUE,0.00300007967782062,0.000313574932207558,0.00305770248696155,0.000270218418641457
"clustering_rede_ponderado","Ta_RH_Rad","RH_cen","91",TRUE,-9.44636094708001e-05,0.713764632848833,-6.82186213475878e-05,0.791809914661334
"clustering_rede_ponderado","Ta_RH_Rad","RAD_cen","91",TRUE,-6.63597140201353e-05,0.97661501123716,-0.000142630032026392,0.949903831620059
"clustering_rede_ponderado","Ta_RH_Rad","Ta_cen","92",TRUE,0.00312604964527287,0.000277895600785714,0.00305770248696155,0.000270218418641457
"clustering_rede_ponderado","Ta_RH_Rad","RH_cen","92",TRUE,-7.32577349622649e-05,0.778515859240682,-6.82186213475878e-05,0.791809914661334
"clustering_rede_ponderado","Ta_RH_Rad","RAD_cen","92",TRUE,-0.000206573138685372,0.928358267878797,-0.000142630032026392,0.949903831620059
"clustering_rede_ponderado","Ta_RH_Rad","Ta_cen","94",TRUE,0.00306085910631205,0.000290732566304983,0.00305770248696155,0.000270218418641457
"clustering_rede_ponderado","Ta_RH_Rad","RH_cen","94",TRUE,-6.66726378441072e-05,0.798493635032435,-6.82186213475878e-05,0.791809914661334
"clustering_rede_ponderado","Ta_RH_Rad","RAD_cen","94",TRUE,-0.000151296174294691,0.947237983182734,-0.000142630032026392,0.949903831620059
"clustering_rede_ponderado","Ta_RH_Rad","Ta_cen","97",TRUE,0.00301203126122854,0.000334044186049187,0.00305770248696155,0.000270218418641457
"clustering_rede_ponderado","Ta_RH_Rad","RH_cen","97",TRUE,-0.000100651633531079,0.698777135754983,-6.82186213475878e-05,0.791809914661334
"clustering_rede_ponderado","Ta_RH_Rad","RAD_cen","97",TRUE,-0.000265668000262592,0.906866893966729,-0.000142630032026392,0.949903831620059
"clustering_rede_ponderado","Ta_RH_Rad","Ta_cen","99",TRUE,0.00322374884065872,0.000136672625163613,0.00305770248696155,0.000270218418641457
"clustering_rede_ponderado","Ta_RH_Rad","RH_cen","99",TRUE,-2.02797832102599e-05,0.937456554093389,-6.82186213475878e-05,0.791809914661334
"clustering_rede_ponderado","Ta_RH_Rad","RAD_cen","99",TRUE,-0.000385848414647197,0.864453126357955,-0.000142630032026392,0.949903831620059
"clustering_rede_ponderado","Ta_RH_Rad","Ta_cen","100",TRUE,0.00302571692211194,0.000287365792718376,0.00305770248696155,0.000270218418641457
"clustering_rede_ponderado","Ta_RH_Rad","RH_cen","100",TRUE,-7.27562591373704e-05,0.777189042471791,-6.82186213475878e-05,0.791809914661334
"clustering_rede_ponderado","Ta_RH_Rad","RAD_cen","100",TRUE,-0.000128329005296548,0.954785145559313,-0.000142630032026392,0.949903831620059
"clustering_rede_ponderado","Ta_RH_Rad","Ta_cen","103",TRUE,0.00295414814882638,0.00049094810248895,0.00305770248696155,0.000270218418641457
"clustering_rede_ponderado","Ta_RH_Rad","RH_cen","103",TRUE,-0.000127360748183382,0.62881285669927,-6.82186213475878e-05,0.791809914661334
"clustering_rede_ponderado","Ta_RH_Rad","RAD_cen","103",TRUE,-0.000335388958453859,0.883190204313975,-0.000142630032026392,0.949903831620059
"clustering_rede_ponderado","Ta_RH_Rad","Ta_cen","104",TRUE,0.00312128303181998,0.000222315372888883,0.00305770248696155,0.000270218418641457
"clustering_rede_ponderado","Ta_RH_Rad","RH_cen","104",TRUE,-5.55927180879998e-05,0.830778629878036,-6.82186213475878e-05,0.791809914661334
"clustering_rede_ponderado","Ta_RH_Rad","RAD_cen","104",TRUE,-0.000398707916714259,0.862667028320236,-0.000142630032026392,0.949903831620059
"centralizacao_grau_saida","WBGT","WBGT_cen","1",TRUE,0.00479916027069649,0.671100157866696,0.00538553620116697,0.629135146178126
"centralizacao_grau_saida","WBGT","WBGT_cen","2",TRUE,0.00813085778388555,0.46605491689081,0.00538553620116697,0.629135146178126
"centralizacao_grau_saida","WBGT","WBGT_cen","3",TRUE,0.00484649754579858,0.663453943636119,0.00538553620116697,0.629135146178126
"centralizacao_grau_saida","WBGT","WBGT_cen","5",TRUE,0.00494022370235317,0.656071618643014,0.00538553620116697,0.629135146178126
"centralizacao_grau_saida","WBGT","WBGT_cen","7",TRUE,0.00495349511980515,0.657390787250242,0.00538553620116697,0.629135146178126
"centralizacao_grau_saida","WBGT","WBGT_cen","8",TRUE,0.005530212177016,0.621692812330653,0.00538553620116697,0.629135146178126
"centralizacao_grau_saida","WBGT","WBGT_cen","9",TRUE,0.00552394900996885,0.624837386202277,0.00538553620116697,0.629135146178126
"centralizacao_grau_saida","WBGT","WBGT_cen","12",TRUE,0.00654989631813809,0.563441258816191,0.00538553620116697,0.629135146178126
"centralizacao_grau_saida","WBGT","WBGT_cen","13",TRUE,0.0059539547535526,0.598697913448823,0.00538553620116697,0.629135146178126
"centralizacao_grau_saida","WBGT","WBGT_cen","16",TRUE,0.00636559019887478,0.574041790701165,0.00538553620116697,0.629135146178126
"centralizacao_grau_saida","WBGT","WBGT_cen","17",TRUE,0.00636074297815285,0.572675650687366,0.00538553620116697,0.629135146178126
"centralizacao_grau_saida","WBGT","WBGT_cen","18",TRUE,0.00404955534612645,0.722791694135777,0.00538553620116697,0.629135146178126
"centralizacao_grau_saida","WBGT","WBGT_cen","19",TRUE,0.00599105684041459,0.590278127044006,0.00538553620116697,0.629135146178126
"centralizacao_grau_saida","WBGT","WBGT_cen","20",TRUE,0.00476055661461647,0.677352179883402,0.00538553620116697,0.629135146178126
"centralizacao_grau_saida","WBGT","WBGT_cen","21",TRUE,0.0060234197729015,0.596699021426873,0.00538553620116697,0.629135146178126
"centralizacao_grau_saida","WBGT","WBGT_cen","24",TRUE,0.00552974296019091,0.625802825638637,0.00538553620116697,0.629135146178126
"centralizacao_grau_saida","WBGT","WBGT_cen","28",TRUE,0.00331596755103838,0.76693883529675,0.00538553620116697,0.629135146178126
"centralizacao_grau_saida","WBGT","WBGT_cen","29",TRUE,0.00444871724251572,0.694251288610591,0.00538553620116697,0.629135146178126
"centralizacao_grau_saida","WBGT","WBGT_cen","30",TRUE,0.00536172022837341,0.635025652092433,0.00538553620116697,0.629135146178126
"centralizacao_grau_saida","WBGT","WBGT_cen","31",TRUE,0.00543885955317916,0.62263123512437,0.00538553620116697,0.629135146178126
"centralizacao_grau_saida","WBGT","WBGT_cen","32",TRUE,0.00594710849860445,0.593559695155724,0.00538553620116697,0.629135146178126
"centralizacao_grau_saida","WBGT","WBGT_cen","33",TRUE,0.00471119390516116,0.678488440831914,0.00538553620116697,0.629135146178126
"centralizacao_grau_saida","WBGT","WBGT_cen","34",TRUE,0.00634951149290267,0.566511702826883,0.00538553620116697,0.629135146178126
"centralizacao_grau_saida","WBGT","WBGT_cen","36",TRUE,0.00495135794292171,0.660812079912028,0.00538553620116697,0.629135146178126
"centralizacao_grau_saida","WBGT","WBGT_cen","37",TRUE,0.00747223418479626,0.509583904039528,0.00538553620116697,0.629135146178126
"centralizacao_grau_saida","WBGT","WBGT_cen","41",TRUE,0.00495532866822239,0.658299930739678,0.00538553620116697,0.629135146178126
"centralizacao_grau_saida","WBGT","WBGT_cen","42",TRUE,0.00464660363123574,0.677984607322348,0.00538553620116697,0.629135146178126
"centralizacao_grau_saida","WBGT","WBGT_cen","44",TRUE,0.00181233547538361,0.870408785142673,0.00538553620116697,0.629135146178126
"centralizacao_grau_saida","WBGT","WBGT_cen","45",TRUE,0.00623331755537388,0.574749274357633,0.00538553620116697,0.629135146178126
"centralizacao_grau_saida","WBGT","WBGT_cen","46",TRUE,0.00499996516011599,0.659148576252508,0.00538553620116697,0.629135146178126
"centralizacao_grau_saida","WBGT","WBGT_cen","48",TRUE,0.00812811020554489,0.46319775618532,0.00538553620116697,0.629135146178126
"centralizacao_grau_saida","WBGT","WBGT_cen","49",TRUE,0.00149348034764031,0.895148065829657,0.00538553620116697,0.629135146178126
"centralizacao_grau_saida","WBGT","WBGT_cen","52",TRUE,0.00502034215936095,0.652556613336747,0.00538553620116697,0.629135146178126
"centralizacao_grau_saida","WBGT","WBGT_cen","53",TRUE,0.00608682066174979,0.586159999760365,0.00538553620116697,0.629135146178126
"centralizacao_grau_saida","WBGT","WBGT_cen","54",TRUE,0.00384749300765356,0.734058872704098,0.00538553620116697,0.629135146178126
"centralizacao_grau_saida","WBGT","WBGT_cen","55",TRUE,0.0054045611015355,0.631159649206344,0.00538553620116697,0.629135146178126
"centralizacao_grau_saida","WBGT","WBGT_cen","56",TRUE,0.00503312208119913,0.653798456826086,0.00538553620116697,0.629135146178126
"centralizacao_grau_saida","WBGT","WBGT_cen","58",TRUE,0.00531159400311738,0.631362813258416,0.00538553620116697,0.629135146178126
"centralizacao_grau_saida","WBGT","WBGT_cen","60",TRUE,0.00938692429085029,0.412335456397213,0.00538553620116697,0.629135146178126
"centralizacao_grau_saida","WBGT","WBGT_cen","61",TRUE,0.0055891956783878,0.617897145402083,0.00538553620116697,0.629135146178126
"centralizacao_grau_saida","WBGT","WBGT_cen","62",TRUE,0.00533488392501287,0.635392862427025,0.00538553620116697,0.629135146178126
"centralizacao_grau_saida","WBGT","WBGT_cen","63",TRUE,0.00592165025929757,0.610303551923652,0.00538553620116697,0.629135146178126
"centralizacao_grau_saida","WBGT","WBGT_cen","66",TRUE,0.00411399218287008,0.715943576911201,0.00538553620116697,0.629135146178126
"centralizacao_grau_saida","WBGT","WBGT_cen","67",TRUE,0.00564369439674901,0.616082008280357,0.00538553620116697,0.629135146178126
"centralizacao_grau_saida","WBGT","WBGT_cen","68",TRUE,0.00571897896901991,0.604895429982788,0.00538553620116697,0.629135146178126
"centralizacao_grau_saida","WBGT","WBGT_cen","69",TRUE,0.00144409845857194,0.898393103841076,0.00538553620116697,0.629135146178126
"centralizacao_grau_saida","WBGT","WBGT_cen","71",TRUE,0.00447753804859708,0.695982361315328,0.00538553620116697,0.629135146178126
"centralizacao_grau_saida","WBGT","WBGT_cen","74",TRUE,0.00549595813321464,0.621814927972369,0.00538553620116697,0.629135146178126
"centralizacao_grau_saida","WBGT","WBGT_cen","75",TRUE,0.00382191313911847,0.731632518741692,0.00538553620116697,0.629135146178126
"centralizacao_grau_saida","WBGT","WBGT_cen","77",TRUE,0.00608309747520393,0.58703270954279,0.00538553620116697,0.629135146178126
"centralizacao_grau_saida","WBGT","WBGT_cen","79",TRUE,0.00494488631877718,0.665437071370392,0.00538553620116697,0.629135146178126
"centralizacao_grau_saida","WBGT","WBGT_cen","81",TRUE,0.00625528208722934,0.57902549870677,0.00538553620116697,0.629135146178126
"centralizacao_grau_saida","WBGT","WBGT_cen","82",TRUE,0.0102928365988799,0.370288983472476,0.00538553620116697,0.629135146178126
"centralizacao_grau_saida","WBGT","WBGT_cen","83",TRUE,0.00619922718914299,0.581465025120319,0.00538553620116697,0.629135146178126
"centralizacao_grau_saida","WBGT","WBGT_cen","86",TRUE,0.00591065242096314,0.599265878409098,0.00538553620116697,0.629135146178126
"centralizacao_grau_saida","WBGT","WBGT_cen","87",TRUE,0.00667744531826667,0.552709863330389,0.00538553620116697,0.629135146178126
"centralizacao_grau_saida","WBGT","WBGT_cen","89",TRUE,0.00838403334129748,0.452449645427399,0.00538553620116697,0.629135146178126
"centralizacao_grau_saida","WBGT","WBGT_cen","91",TRUE,0.00422778331600925,0.698730448630183,0.00538553620116697,0.629135146178126
"centralizacao_grau_saida","WBGT","WBGT_cen","92",TRUE,0.00418068698042251,0.713027298729873,0.00538553620116697,0.629135146178126
"centralizacao_grau_saida","WBGT","WBGT_cen","94",TRUE,0.00533265407241822,0.633662901534052,0.00538553620116697,0.629135146178126
"centralizacao_grau_saida","WBGT","WBGT_cen","97",TRUE,0.0062027464296123,0.580522234740123,0.00538553620116697,0.629135146178126
"centralizacao_grau_saida","WBGT","WBGT_cen","99",TRUE,0.00349809208553868,0.756929703497588,0.00538553620116697,0.629135146178126
"centralizacao_grau_saida","WBGT","WBGT_cen","100",TRUE,0.00500870581744796,0.654361284765575,0.00538553620116697,0.629135146178126
"centralizacao_grau_saida","WBGT","WBGT_cen","103",TRUE,0.00537625466376815,0.634377809623456,0.00538553620116697,0.629135146178126
"centralizacao_grau_saida","WBGT","WBGT_cen","104",TRUE,0.00563918883148577,0.614912121427228,0.00538553620116697,0.629135146178126
"centralizacao_grau_saida","Ta_RH_Rad","Ta_cen","1",TRUE,0.00239028824687082,0.81602879043331,0.002966033842817,0.77030349152038
"centralizacao_grau_saida","Ta_RH_Rad","RH_cen","1",TRUE,0.00318185292878122,0.310343779565747,0.00338539582981044,0.275066406580842
"centralizacao_grau_saida","Ta_RH_Rad","RAD_cen","1",TRUE,-0.00492465340807831,0.859403046286788,0.000686593692031267,0.979522168710489
"centralizacao_grau_saida","Ta_RH_Rad","Ta_cen","2",TRUE,0.00544239171466885,0.5932284807958,0.002966033842817,0.77030349152038
"centralizacao_grau_saida","Ta_RH_Rad","RH_cen","2",TRUE,0.00294463739466946,0.339094963714653,0.00338539582981044,0.275066406580842
"centralizacao_grau_saida","Ta_RH_Rad","RAD_cen","2",TRUE,-0.00370639493321595,0.889226455924456,0.000686593692031267,0.979522168710489
"centralizacao_grau_saida","Ta_RH_Rad","Ta_cen","3",TRUE,0.00296066377471684,0.770365481825598,0.002966033842817,0.77030349152038
"centralizacao_grau_saida","Ta_RH_Rad","RH_cen","3",TRUE,0.00328685733347028,0.288818434002646,0.00338539582981044,0.275066406580842
"centralizacao_grau_saida","Ta_RH_Rad","RAD_cen","3",TRUE,0.00113447288694817,0.966282131762139,0.000686593692031267,0.979522168710489
"centralizacao_grau_saida","Ta_RH_Rad","Ta_cen","5",TRUE,0.0027241232725955,0.787343591648011,0.002966033842817,0.77030349152038
"centralizacao_grau_saida","Ta_RH_Rad","RH_cen","5",TRUE,0.00319399621702012,0.302247238843294,0.00338539582981044,0.275066406580842
"centralizacao_grau_saida","Ta_RH_Rad","RAD_cen","5",TRUE,-0.000959095448815759,0.971260921316279,0.000686593692031267,0.979522168710489
"centralizacao_grau_saida","Ta_RH_Rad","Ta_cen","7",TRUE,0.00223522210799324,0.825740721085855,0.002966033842817,0.77030349152038
"centralizacao_grau_saida","Ta_RH_Rad","RH_cen","7",TRUE,0.00372247018145485,0.229810574895637,0.00338539582981044,0.275066406580842
"centralizacao_grau_saida","Ta_RH_Rad","RAD_cen","7",TRUE,0.000611701551960632,0.981718076616309,0.000686593692031267,0.979522168710489
"centralizacao_grau_saida","Ta_RH_Rad","Ta_cen","8",TRUE,0.00302665022793029,0.767025935182578,0.002966033842817,0.77030349152038
"centralizacao_grau_saida","Ta_RH_Rad","RH_cen","8",TRUE,0.00341041240077005,0.275167342039546,0.00338539582981044,0.275066406580842
"centralizacao_grau_saida","Ta_RH_Rad","RAD_cen","8",TRUE,0.00244543276323287,0.931223552988049,0.000686593692031267,0.979522168710489
"centralizacao_grau_saida","Ta_RH_Rad","Ta_cen","9",TRUE,0.00308311399526247,0.764591822199167,0.002966033842817,0.77030349152038
"centralizacao_grau_saida","Ta_RH_Rad","RH_cen","9",TRUE,0.00342067393393461,0.275814307234412,0.00338539582981044,0.275066406580842
"centralizacao_grau_saida","Ta_RH_Rad","RAD_cen","9",TRUE,0.000830333758363319,0.975472502462359,0.000686593692031267,0.979522168710489
"centralizacao_grau_saida","Ta_RH_Rad","Ta_cen","12",TRUE,0.00409442315298408,0.691071206817382,0.002966033842817,0.77030349152038
"centralizacao_grau_saida","Ta_RH_Rad","RH_cen","12",TRUE,0.00372955438121011,0.236206150774233,0.00338539582981044,0.275066406580842
"centralizacao_grau_saida","Ta_RH_Rad","RAD_cen","12",TRUE,0.00116030739402706,0.96557239876629,0.000686593692031267,0.979522168710489
"centralizacao_grau_saida","Ta_RH_Rad","Ta_cen","13",TRUE,0.0034637700545934,0.736309654794161,0.002966033842817,0.77030349152038
"centralizacao_grau_saida","Ta_RH_Rad","RH_cen","13",TRUE,0.00351043629813861,0.261016086164634,0.00338539582981044,0.275066406580842
"centralizacao_grau_saida","Ta_RH_Rad","RAD_cen","13",TRUE,0.00137668792957604,0.959113358853808,0.000686593692031267,0.979522168710489
"centralizacao_grau_saida","Ta_RH_Rad","Ta_cen","16",TRUE,0.00366259378342894,0.723351619689119,0.002966033842817,0.77030349152038
"centralizacao_grau_saida","Ta_RH_Rad","RH_cen","16",TRUE,0.00342834196286897,0.272804432712531,0.00338539582981044,0.275066406580842
"centralizacao_grau_saida","Ta_RH_Rad","RAD_cen","16",TRUE,0.00436691593017443,0.875834918248178,0.000686593692031267,0.979522168710489
"centralizacao_grau_saida","Ta_RH_Rad","Ta_cen","17",TRUE,0.00389653178412285,0.702294555956312,0.002966033842817,0.77030349152038
"centralizacao_grau_saida","Ta_RH_Rad","RH_cen","17",TRUE,0.00424237158479024,0.178779819766264,0.00338539582981044,0.275066406580842
"centralizacao_grau_saida","Ta_RH_Rad","RAD_cen","17",TRUE,-0.00384630018241261,0.886133144727873,0.000686593692031267,0.979522168710489
"centralizacao_grau_saida","Ta_RH_Rad","Ta_cen","18",TRUE,0.00266480659898289,0.796697766123248,0.002966033842817,0.77030349152038
"centralizacao_grau_saida","Ta_RH_Rad","RH_cen","18",TRUE,0.00305483523263552,0.367531098396999,0.00338539582981044,0.275066406580842
"centralizacao_grau_saida","Ta_RH_Rad","RAD_cen","18",TRUE,0.000333544665752073,0.990150300221934,0.000686593692031267,0.979522168710489
"centralizacao_grau_saida","Ta_RH_Rad","Ta_cen","19",TRUE,0.00369061584433425,0.7160429123917,0.002966033842817,0.77030349152038
"centralizacao_grau_saida","Ta_RH_Rad","RH_cen","19",TRUE,0.00355484510744419,0.253902714552891,0.00338539582981044,0.275066406580842
"centralizacao_grau_saida","Ta_RH_Rad","RAD_cen","19",TRUE,0.00154361136352684,0.954050915615839,0.000686593692031267,0.979522168710489
"centralizacao_grau_saida","Ta_RH_Rad","Ta_cen","20",TRUE,0.00214619786207123,0.837333038657829,0.002966033842817,0.77030349152038
"centralizacao_grau_saida","Ta_RH_Rad","RH_cen","20",TRUE,0.00339543016030396,0.27802887423745,0.00338539582981044,0.275066406580842
"centralizacao_grau_saida","Ta_RH_Rad","RAD_cen","20",TRUE,0.000766621035688334,0.977342460704177,0.000686593692031267,0.979522168710489
"centralizacao_grau_saida","Ta_RH_Rad","Ta_cen","21",TRUE,0.00329417490183694,0.750512046816908,0.002966033842817,0.77030349152038
"centralizacao_grau_saida","Ta_RH_Rad","RH_cen","21",TRUE,0.00329888127738375,0.290776257972036,0.00338539582981044,0.275066406580842
"centralizacao_grau_saida","Ta_RH_Rad","RAD_cen","21",TRUE,0.000143942236467588,0.995765178663031,0.000686593692031267,0.979522168710489
"centralizacao_grau_saida","Ta_RH_Rad","Ta_cen","24",TRUE,0.00293404909568011,0.776120949655891,0.002966033842817,0.77030349152038
"centralizacao_grau_saida","Ta_RH_Rad","RH_cen","24",TRUE,0.00336691032594621,0.281983069473544,0.00338539582981044,0.275066406580842
"centralizacao_grau_saida","Ta_RH_Rad","RAD_cen","24",TRUE,0.000712611506526891,0.978930738999988,0.000686593692031267,0.979522168710489
"centralizacao_grau_saida","Ta_RH_Rad","Ta_cen","28",TRUE,0.00065973804985225,0.948454181526614,0.002966033842817,0.77030349152038
"centralizacao_grau_saida","Ta_RH_Rad","RH_cen","28",TRUE,0.0038339820610466,0.21554403941917,0.00338539582981044,0.275066406580842
"centralizacao_grau_saida","Ta_RH_Rad","RAD_cen","28",TRUE,0.00699230415822961,0.795315388609936,0.000686593692031267,0.979522168710489
"centralizacao_grau_saida","Ta_RH_Rad","Ta_cen","29",TRUE,0.00251058401447498,0.807036176486503,0.002966033842817,0.77030349152038
"centralizacao_grau_saida","Ta_RH_Rad","RH_cen","29",TRUE,0.0030209848221865,0.350742238171699,0.00338539582981044,0.275066406580842
"centralizacao_grau_saida","Ta_RH_Rad","RAD_cen","29",TRUE,-0.00146771379338997,0.957158997339577,0.000686593692031267,0.979522168710489
"centralizacao_grau_saida","Ta_RH_Rad","Ta_cen","30",TRUE,0.00315239853807299,0.75809308840516,0.002966033842817,0.77030349152038
"centralizacao_grau_saida","Ta_RH_Rad","RH_cen","30",TRUE,0.00362494793934343,0.259151424440703,0.00338539582981044,0.275066406580842
"centralizacao_grau_saida","Ta_RH_Rad","RAD_cen","30",TRUE,0.0010692288358981,0.968287184214277,0.000686593692031267,0.979522168710489
"centralizacao_grau_saida","Ta_RH_Rad","Ta_cen","31",TRUE,0.00284464948938897,0.778740277078858,0.002966033842817,0.77030349152038
"centralizacao_grau_saida","Ta_RH_Rad","RH_cen","31",TRUE,0.00335599168635217,0.267054288008766,0.00338539582981044,0.275066406580842
"centralizacao_grau_saida","Ta_RH_Rad","RAD_cen","31",TRUE,0.000924888144808992,0.971579683417102,0.000686593692031267,0.979522168710489
"centralizacao_grau_saida","Ta_RH_Rad","Ta_cen","32",TRUE,0.00360217957979319,0.723709594979048,0.002966033842817,0.77030349152038
"centralizacao_grau_saida","Ta_RH_Rad","RH_cen","32",TRUE,0.00315511908256226,0.319211600498135,0.00338539582981044,0.275066406580842
"centralizacao_grau_saida","Ta_RH_Rad","RAD_cen","32",TRUE,-0.00296093628907571,0.918999100135654,0.000686593692031267,0.979522168710489
"centralizacao_grau_saida","Ta_RH_Rad","Ta_cen","33",TRUE,0.0024553729518768,0.812650457110555,0.002966033842817,0.77030349152038
"centralizacao_grau_saida","Ta_RH_Rad","RH_cen","33",TRUE,0.00327538087242199,0.298968973889991,0.00338539582981044,0.275066406580842
"centralizacao_grau_saida","Ta_RH_Rad","RAD_cen","33",TRUE,0.000353787737638744,0.989551800825878,0.000686593692031267,0.979522168710489
"centralizacao_grau_saida","Ta_RH_Rad","Ta_cen","34",TRUE,0.00362863101576472,0.719317853172012,0.002966033842817,0.77030349152038
"centralizacao_grau_saida","Ta_RH_Rad","RH_cen","34",TRUE,0.00347549356345471,0.260638627049903,0.00338539582981044,0.275066406580842
"centralizacao_grau_saida","Ta_RH_Rad","RAD_cen","34",TRUE,0.00203862241814384,0.938730283074829,0.000686593692031267,0.979522168710489
"centralizacao_grau_saida","Ta_RH_Rad","Ta_cen","36",TRUE,0.00270586867170409,0.792220377430959,0.002966033842817,0.77030349152038
"centralizacao_grau_saida","Ta_RH_Rad","RH_cen","36",TRUE,0.00333341572163204,0.291713683000016,0.00338539582981044,0.275066406580842
"centralizacao_grau_saida","Ta_RH_Rad","RAD_cen","36",TRUE,0.000560588790489754,0.983444137795021,0.000686593692031267,0.979522168710489
"centralizacao_grau_saida","Ta_RH_Rad","Ta_cen","37",TRUE,0.00474631774073989,0.64468818723141,0.002966033842817,0.77030349152038
"centralizacao_grau_saida","Ta_RH_Rad","RH_cen","37",TRUE,0.00389820658461538,0.213538626202992,0.00338539582981044,0.275066406580842
"centralizacao_grau_saida","Ta_RH_Rad","RAD_cen","37",TRUE,0.00382962916886037,0.886968567658856,0.000686593692031267,0.979522168710489
"centralizacao_grau_saida","Ta_RH_Rad","Ta_cen","41",TRUE,0.00259516190054232,0.797472608109033,0.002966033842817,0.77030349152038
"centralizacao_grau_saida","Ta_RH_Rad","RH_cen","41",TRUE,0.00505296680071889,0.115013497722196,0.00338539582981044,0.275066406580842
"centralizacao_grau_saida","Ta_RH_Rad","RAD_cen","41",TRUE,0.00763726194948635,0.775972787748185,0.000686593692031267,0.979522168710489
"centralizacao_grau_saida","Ta_RH_Rad","Ta_cen","42",TRUE,0.00254848305174498,0.802825728073129,0.002966033842817,0.77030349152038
"centralizacao_grau_saida","Ta_RH_Rad","RH_cen","42",TRUE,0.00309646314534942,0.320625355227941,0.00338539582981044,0.275066406580842
"centralizacao_grau_saida","Ta_RH_Rad","RAD_cen","42",TRUE,0.00247344042280654,0.928026791844269,0.000686593692031267,0.979522168710489
"centralizacao_grau_saida","Ta_RH_Rad","Ta_cen","44",TRUE,-0.000847573587015222,0.933366763931021,0.002966033842817,0.77030349152038
"centralizacao_grau_saida","Ta_RH_Rad","RH_cen","44",TRUE,0.00333007305450243,0.270820446057668,0.00338539582981044,0.275066406580842
"centralizacao_grau_saida","Ta_RH_Rad","RAD_cen","44",TRUE,0.00142977380729401,0.956300631409164,0.000686593692031267,0.979522168710489
"centralizacao_grau_saida","Ta_RH_Rad","Ta_cen","45",TRUE,0.00348742034186501,0.730805015532879,0.002966033842817,0.77030349152038
"centralizacao_grau_saida","Ta_RH_Rad","RH_cen","45",TRUE,0.00354186104813495,0.249215034369418,0.00338539582981044,0.275066406580842
"centralizacao_grau_saida","Ta_RH_Rad","RAD_cen","45",TRUE,0.00231081643585364,0.931534222026946,0.000686593692031267,0.979522168710489
"centralizacao_grau_saida","Ta_RH_Rad","Ta_cen","46",TRUE,0.00293460278222825,0.775847231257835,0.002966033842817,0.77030349152038
"centralizacao_grau_saida","Ta_RH_Rad","RH_cen","46",TRUE,0.00331085168462081,0.296696625795281,0.00338539582981044,0.275066406580842
"centralizacao_grau_saida","Ta_RH_Rad","RAD_cen","46",TRUE,0.000531313688281055,0.984224957302998,0.000686593692031267,0.979522168710489
"centralizacao_grau_saida","Ta_RH_Rad","Ta_cen","48",TRUE,0.00550878857128809,0.586920836866968,0.002966033842817,0.77030349152038
"centralizacao_grau_saida","Ta_RH_Rad","RH_cen","48",TRUE,0.00267737704786924,0.385380926484032,0.00338539582981044,0.275066406580842
"centralizacao_grau_saida","Ta_RH_Rad","RAD_cen","48",TRUE,-0.00568667717302771,0.830217691437858,0.000686593692031267,0.979522168710489
"centralizacao_grau_saida","Ta_RH_Rad","Ta_cen","49",TRUE,0.000461549185077688,0.964130388141172,0.002966033842817,0.77030349152038
"centralizacao_grau_saida","Ta_RH_Rad","RH_cen","49",TRUE,0.00211939030421992,0.506005727588806,0.00338539582981044,0.275066406580842
"centralizacao_grau_saida","Ta_RH_Rad","RAD_cen","49",TRUE,-0.00448062090943223,0.867138255121605,0.000686593692031267,0.979522168710489
"centralizacao_grau_saida","Ta_RH_Rad","Ta_cen","52",TRUE,0.00265556512159044,0.793999760714857,0.002966033842817,0.77030349152038
"centralizacao_grau_saida","Ta_RH_Rad","RH_cen","52",TRUE,0.00315812914459149,0.308275828359982,0.00338539582981044,0.275066406580842
"centralizacao_grau_saida","Ta_RH_Rad","RAD_cen","52",TRUE,-0.00263018447855989,0.923755605508588,0.000686593692031267,0.979522168710489
"centralizacao_grau_saida","Ta_RH_Rad","Ta_cen","53",TRUE,0.0033296148228631,0.743735672567413,0.002966033842817,0.77030349152038
"centralizacao_grau_saida","Ta_RH_Rad","RH_cen","53",TRUE,0.00343578316087404,0.261408586821547,0.00338539582981044,0.275066406580842
"centralizacao_grau_saida","Ta_RH_Rad","RAD_cen","53",TRUE,-2.32409703228581e-05,0.999299173974787,0.000686593692031267,0.979522168710489
"centralizacao_grau_saida","Ta_RH_Rad","Ta_cen","54",TRUE,0.00141334039066861,0.890999913748937,0.002966033842817,0.77030349152038
"centralizacao_grau_saida","Ta_RH_Rad","RH_cen","54",TRUE,0.00347293257620329,0.264179548343352,0.00338539582981044,0.275066406580842
"centralizacao_grau_saida","Ta_RH_Rad","RAD_cen","54",TRUE,0.00234510729495263,0.930816092895786,0.000686593692031267,0.979522168710489
"centralizacao_grau_saida","Ta_RH_Rad","Ta_cen","55",TRUE,0.00285120251686084,0.781797683631406,0.002966033842817,0.77030349152038
"centralizacao_grau_saida","Ta_RH_Rad","RH_cen","55",TRUE,0.00345078966268704,0.289645368335511,0.00338539582981044,0.275066406580842
"centralizacao_grau_saida","Ta_RH_Rad","RAD_cen","55",TRUE,0.00105305190816814,0.970127007216462,0.000686593692031267,0.979522168710489
"centralizacao_grau_saida","Ta_RH_Rad","Ta_cen","56",TRUE,0.00255425354756624,0.802867561877438,0.002966033842817,0.77030349152038
"centralizacao_grau_saida","Ta_RH_Rad","RH_cen","56",TRUE,0.00345142976390217,0.270317705360105,0.00338539582981044,0.275066406580842
"centralizacao_grau_saida","Ta_RH_Rad","RAD_cen","56",TRUE,0.00310723200663665,0.909950315314449,0.000686593692031267,0.979522168710489
"centralizacao_grau_saida","Ta_RH_Rad","Ta_cen","58",TRUE,0.00295919834395323,0.769974524094175,0.002966033842817,0.77030349152038
"centralizacao_grau_saida","Ta_RH_Rad","RH_cen","58",TRUE,0.00254320086913785,0.422880941814136,0.00338539582981044,0.275066406580842
"centralizacao_grau_saida","Ta_RH_Rad","RAD_cen","58",TRUE,-0.00263299365642947,0.921779604602228,0.000686593692031267,0.979522168710489
"centralizacao_grau_saida","Ta_RH_Rad","Ta_cen","60",TRUE,0.00677443404992093,0.517053081277209,0.002966033842817,0.77030349152038
"centralizacao_grau_saida","Ta_RH_Rad","RH_cen","60",TRUE,0.00382187826516106,0.214409094415569,0.00338539582981044,0.275066406580842
"centralizacao_grau_saida","Ta_RH_Rad","RAD_cen","60",TRUE,0.00180527793167195,0.946270161559169,0.000686593692031267,0.979522168710489
"centralizacao_grau_saida","Ta_RH_Rad","Ta_cen","61",TRUE,0.00300297808803007,0.76849048389575,0.002966033842817,0.77030349152038
"centralizacao_grau_saida","Ta_RH_Rad","RH_cen","61",TRUE,0.00355447323290443,0.255312137685446,0.00338539582981044,0.275066406580842
"centralizacao_grau_saida","Ta_RH_Rad","RAD_cen","61",TRUE,-0.000580812117079643,0.982794511290507,0.000686593692031267,0.979522168710489
"centralizacao_grau_saida","Ta_RH_Rad","Ta_cen","62",TRUE,0.00285060742080086,0.781044632256088,0.002966033842817,0.77030349152038
"centralizacao_grau_saida","Ta_RH_Rad","RH_cen","62",TRUE,0.00340507625982654,0.278101541185178,0.00338539582981044,0.275066406580842
"centralizacao_grau_saida","Ta_RH_Rad","RAD_cen","62",TRUE,0.000359866915717633,0.989389189839876,0.000686593692031267,0.979522168710489
"centralizacao_grau_saida","Ta_RH_Rad","Ta_cen","63",TRUE,0.00301860745448996,0.775225520482375,0.002966033842817,0.77030349152038
"centralizacao_grau_saida","Ta_RH_Rad","RH_cen","63",TRUE,0.00341300718925274,0.273460125354601,0.00338539582981044,0.275066406580842
"centralizacao_grau_saida","Ta_RH_Rad","RAD_cen","63",TRUE,0.00147012694243585,0.956456626317101,0.000686593692031267,0.979522168710489
"centralizacao_grau_saida","Ta_RH_Rad","Ta_cen","66",TRUE,0.00174271461510801,0.865508403605028,0.002966033842817,0.77030349152038
"centralizacao_grau_saida","Ta_RH_Rad","RH_cen","66",TRUE,0.00338941636795717,0.277048959804496,0.00338539582981044,0.275066406580842
"centralizacao_grau_saida","Ta_RH_Rad","RAD_cen","66",TRUE,0.0022669892208578,0.933090912997174,0.000686593692031267,0.979522168710489
"centralizacao_grau_saida","Ta_RH_Rad","Ta_cen","67",TRUE,0.00321508324835078,0.753385360955599,0.002966033842817,0.77030349152038
"centralizacao_grau_saida","Ta_RH_Rad","RH_cen","67",TRUE,0.00355604067483936,0.254934873581307,0.00338539582981044,0.275066406580842
"centralizacao_grau_saida","Ta_RH_Rad","RAD_cen","67",TRUE,-0.00404433389552676,0.882895497519874,0.000686593692031267,0.979522168710489
"centralizacao_grau_saida","Ta_RH_Rad","Ta_cen","68",TRUE,0.00329193167477255,0.744145477975714,0.002966033842817,0.77030349152038
"centralizacao_grau_saida","Ta_RH_Rad","RH_cen","68",TRUE,0.00341526128601869,0.270475300688263,0.00338539582981044,0.275066406580842
"centralizacao_grau_saida","Ta_RH_Rad","RAD_cen","68",TRUE,0.00796806747396831,0.771089897392005,0.000686593692031267,0.979522168710489
"centralizacao_grau_saida","Ta_RH_Rad","Ta_cen","69",TRUE,-0.000596318171601154,0.954145548710822,0.002966033842817,0.77030349152038
"centralizacao_grau_saida","Ta_RH_Rad","RH_cen","69",TRUE,0.00238721313903163,0.450364241861323,0.00338539582981044,0.275066406580842
"centralizacao_grau_saida","Ta_RH_Rad","RAD_cen","69",TRUE,-0.00120379566912556,0.963935311218286,0.000686593692031267,0.979522168710489
"centralizacao_grau_saida","Ta_RH_Rad","Ta_cen","71",TRUE,0.0023579295176074,0.82029588555502,0.002966033842817,0.77030349152038
"centralizacao_grau_saida","Ta_RH_Rad","RH_cen","71",TRUE,0.00327856689232449,0.297970488310158,0.00338539582981044,0.275066406580842
"centralizacao_grau_saida","Ta_RH_Rad","RAD_cen","71",TRUE,6.31353963877073e-05,0.998129827934137,0.000686593692031267,0.979522168710489
"centralizacao_grau_saida","Ta_RH_Rad","Ta_cen","74",TRUE,0.00319450479520624,0.753171156967109,0.002966033842817,0.77030349152038
"centralizacao_grau_saida","Ta_RH_Rad","RH_cen","74",TRUE,0.00314215973018942,0.312299553103676,0.00338539582981044,0.275066406580842
"centralizacao_grau_saida","Ta_RH_Rad","RAD_cen","74",TRUE,-0.000790514126420511,0.976395794510436,0.000686593692031267,0.979522168710489
"centralizacao_grau_saida","Ta_RH_Rad","Ta_cen","75",TRUE,0.000926147611926835,0.927151941149879,0.002966033842817,0.77030349152038
"centralizacao_grau_saida","Ta_RH_Rad","RH_cen","75",TRUE,0.00384427582876883,0.213627335080386,0.00338539582981044,0.275066406580842
"centralizacao_grau_saida","Ta_RH_Rad","RAD_cen","75",TRUE,0.00296937668586858,0.911559050220822,0.000686593692031267,0.979522168710489
"centralizacao_grau_saida","Ta_RH_Rad","Ta_cen","77",TRUE,0.00366780465716208,0.719955452729546,0.002966033842817,0.77030349152038
"centralizacao_grau_saida","Ta_RH_Rad","RH_cen","77",TRUE,0.00307280662048981,0.324912974987778,0.00338539582981044,0.275066406580842
"centralizacao_grau_saida","Ta_RH_Rad","RAD_cen","77",TRUE,-0.00139622926850444,0.958603080308796,0.000686593692031267,0.979522168710489
"centralizacao_grau_saida","Ta_RH_Rad","Ta_cen","79",TRUE,0.00222719875665492,0.831199358457364,0.002966033842817,0.77030349152038
"centralizacao_grau_saida","Ta_RH_Rad","RH_cen","79",TRUE,0.00341555085194589,0.27290156865517,0.00338539582981044,0.275066406580842
"centralizacao_grau_saida","Ta_RH_Rad","RAD_cen","79",TRUE,0.00097351461382648,0.97114595719941,0.000686593692031267,0.979522168710489
"centralizacao_grau_saida","Ta_RH_Rad","Ta_cen","81",TRUE,0.00380961679012879,0.711109237590675,0.002966033842817,0.77030349152038
"centralizacao_grau_saida","Ta_RH_Rad","RH_cen","81",TRUE,0.00341981568293136,0.271130743653198,0.00338539582981044,0.275066406580842
"centralizacao_grau_saida","Ta_RH_Rad","RAD_cen","81",TRUE,0.000616489943866852,0.981648996684998,0.000686593692031267,0.979522168710489
"centralizacao_grau_saida","Ta_RH_Rad","Ta_cen","82",TRUE,0.0076712043177623,0.46688737665457,0.002966033842817,0.77030349152038
"centralizacao_grau_saida","Ta_RH_Rad","RH_cen","82",TRUE,0.00378735984639114,0.22339104281013,0.00338539582981044,0.275066406580842
"centralizacao_grau_saida","Ta_RH_Rad","RAD_cen","82",TRUE,0.00470558840062204,0.860958792035319,0.000686593692031267,0.979522168710489
"centralizacao_grau_saida","Ta_RH_Rad","Ta_cen","83",TRUE,0.00364460769741311,0.722273690567178,0.002966033842817,0.77030349152038
"centralizacao_grau_saida","Ta_RH_Rad","RH_cen","83",TRUE,0.0034183998470147,0.272914244253688,0.00338539582981044,0.275066406580842
"centralizacao_grau_saida","Ta_RH_Rad","RAD_cen","83",TRUE,0.00178998789734307,0.947051130708907,0.000686593692031267,0.979522168710489
"centralizacao_grau_saida","Ta_RH_Rad","Ta_cen","86",TRUE,0.00348024834636929,0.734222764699453,0.002966033842817,0.77030349152038
"centralizacao_grau_saida","Ta_RH_Rad","RH_cen","86",TRUE,0.00352962399188795,0.263349152589126,0.00338539582981044,0.275066406580842
"centralizacao_grau_saida","Ta_RH_Rad","RAD_cen","86",TRUE,0.0018162315278779,0.946497693413407,0.000686593692031267,0.979522168710489
"centralizacao_grau_saida","Ta_RH_Rad","Ta_cen","87",TRUE,0.00400009580406413,0.696512640240899,0.002966033842817,0.77030349152038
"centralizacao_grau_saida","Ta_RH_Rad","RH_cen","87",TRUE,0.00339818027487321,0.274961972597909,0.00338539582981044,0.275066406580842
"centralizacao_grau_saida","Ta_RH_Rad","RAD_cen","87",TRUE,0.0020877691015516,0.938099698916567,0.000686593692031267,0.979522168710489
"centralizacao_grau_saida","Ta_RH_Rad","Ta_cen","89",TRUE,0.00667341651077208,0.515991261237001,0.002966033842817,0.77030349152038
"centralizacao_grau_saida","Ta_RH_Rad","RH_cen","89",TRUE,0.00234752732205215,0.458236805644556,0.00338539582981044,0.275066406580842
"centralizacao_grau_saida","Ta_RH_Rad","RAD_cen","89",TRUE,-0.00797864259269022,0.76923810464563,0.000686593692031267,0.979522168710489
"centralizacao_grau_saida","Ta_RH_Rad","Ta_cen","91",TRUE,0.00189943226065341,0.847760447648105,0.002966033842817,0.77030349152038
"centralizacao_grau_saida","Ta_RH_Rad","RH_cen","91",TRUE,0.00360473100260451,0.238421551834294,0.00338539582981044,0.275066406580842
"centralizacao_grau_saida","Ta_RH_Rad","RAD_cen","91",TRUE,0.000628269210351928,0.981019906930231,0.000686593692031267,0.979522168710489
"centralizacao_grau_saida","Ta_RH_Rad","Ta_cen","92",TRUE,0.00167366728279692,0.871624513764198,0.002966033842817,0.77030349152038
"centralizacao_grau_saida","Ta_RH_Rad","RH_cen","92",TRUE,0.00340052664633525,0.27273049163313,0.00338539582981044,0.275066406580842
"centralizacao_grau_saida","Ta_RH_Rad","RAD_cen","92",TRUE,0.00366467019416135,0.891560553027963,0.000686593692031267,0.979522168710489
"centralizacao_grau_saida","Ta_RH_Rad","Ta_cen","94",TRUE,0.00286602095435115,0.778543433944808,0.002966033842817,0.77030349152038
"centralizacao_grau_saida","Ta_RH_Rad","RH_cen","94",TRUE,0.00337823916081235,0.279907631497748,0.00338539582981044,0.275066406580842
"centralizacao_grau_saida","Ta_RH_Rad","RAD_cen","94",TRUE,0.000947817793205067,0.971913397971411,0.000686593692031267,0.979522168710489
"centralizacao_grau_saida","Ta_RH_Rad","Ta_cen","97",TRUE,0.00366664578343972,0.72021537022599,0.002966033842817,0.77030349152038
"centralizacao_grau_saida","Ta_RH_Rad","RH_cen","97",TRUE,0.00357227709916454,0.25386034521797,0.00338539582981044,0.275066406580842
"centralizacao_grau_saida","Ta_RH_Rad","RAD_cen","97",TRUE,0.0013885964067973,0.958815578060614,0.000686593692031267,0.979522168710489
"centralizacao_grau_saida","Ta_RH_Rad","Ta_cen","99",TRUE,0.00155840299044785,0.879676599259815,0.002966033842817,0.77030349152038
"centralizacao_grau_saida","Ta_RH_Rad","RH_cen","99",TRUE,0.00286691532954947,0.355741620930324,0.00338539582981044,0.275066406580842
"centralizacao_grau_saida","Ta_RH_Rad","RAD_cen","99",TRUE,0.00215285429747489,0.935603842251721,0.000686593692031267,0.979522168710489
"centralizacao_grau_saida","Ta_RH_Rad","Ta_cen","100",TRUE,0.00266214996334968,0.793780373441673,0.002966033842817,0.77030349152038
"centralizacao_grau_saida","Ta_RH_Rad","RH_cen","100",TRUE,0.00335980179957724,0.278948006323562,0.00338539582981044,0.275066406580842
"centralizacao_grau_saida","Ta_RH_Rad","RAD_cen","100",TRUE,0.00038250124105448,0.988627455570849,0.000686593692031267,0.979522168710489
"centralizacao_grau_saida","Ta_RH_Rad","Ta_cen","103",TRUE,0.00297048240616649,0.773412503546564,0.002966033842817,0.77030349152038
"centralizacao_grau_saida","Ta_RH_Rad","RH_cen","103",TRUE,0.0033671166220085,0.283864546495096,0.00338539582981044,0.275066406580842
"centralizacao_grau_saida","Ta_RH_Rad","RAD_cen","103",TRUE,-4.599851932321e-05,0.998635400233149,0.000686593692031267,0.979522168710489
"centralizacao_grau_saida","Ta_RH_Rad","Ta_cen","104",TRUE,0.00330267378722117,0.746262884942748,0.002966033842817,0.77030349152038
"centralizacao_grau_saida","Ta_RH_Rad","RH_cen","104",TRUE,0.00328562556560776,0.290234740145863,0.00338539582981044,0.275066406580842
"centralizacao_grau_saida","Ta_RH_Rad","RAD_cen","104",TRUE,-0.000262616728471269,0.992251779795083,0.000686593692031267,0.979522168710489
"centralizacao_grau_entrada","WBGT","WBGT_cen","1",TRUE,0.00702814568579306,0.56188436161964,0.00719304199596538,0.54723658185316
"centralizacao_grau_entrada","WBGT","WBGT_cen","2",TRUE,0.00861932519748296,0.472366671707583,0.00719304199596538,0.54723658185316
"centralizacao_grau_entrada","WBGT","WBGT_cen","3",TRUE,0.00689168321161849,0.559189359452572,0.00719304199596538,0.54723658185316
"centralizacao_grau_entrada","WBGT","WBGT_cen","5",TRUE,0.00608936809719606,0.61003666856479,0.00719304199596538,0.54723658185316
"centralizacao_grau_entrada","WBGT","WBGT_cen","7",TRUE,0.00741308922040343,0.536670288560197,0.00719304199596538,0.54723658185316
"centralizacao_grau_entrada","WBGT","WBGT_cen","8",TRUE,0.00749116420347459,0.530369987022443,0.00719304199596538,0.54723658185316
"centralizacao_grau_entrada","WBGT","WBGT_cen","9",TRUE,0.00810694043365602,0.501242814921528,0.00719304199596538,0.54723658185316
"centralizacao_grau_entrada","WBGT","WBGT_cen","12",TRUE,0.00728162110176911,0.54941909859454,0.00719304199596538,0.54723658185316
"centralizacao_grau_entrada","WBGT","WBGT_cen","13",TRUE,0.00737083294880911,0.544268109048898,0.00719304199596538,0.54723658185316
"centralizacao_grau_entrada","WBGT","WBGT_cen","16",TRUE,0.00849376916123546,0.483131983978663,0.00719304199596538,0.54723658185316
"centralizacao_grau_entrada","WBGT","WBGT_cen","17",TRUE,0.00713354925447093,0.555203060093058,0.00719304199596538,0.54723658185316
"centralizacao_grau_entrada","WBGT","WBGT_cen","18",TRUE,0.00605174583645589,0.6203196447746,0.00719304199596538,0.54723658185316
"centralizacao_grau_entrada","WBGT","WBGT_cen","19",TRUE,0.00780181936729583,0.510841938871978,0.00719304199596538,0.54723658185316
"centralizacao_grau_entrada","WBGT","WBGT_cen","20",TRUE,0.0059251468729387,0.626016373517182,0.00719304199596538,0.54723658185316
"centralizacao_grau_entrada","WBGT","WBGT_cen","21",TRUE,0.00890366457347515,0.464048500569232,0.00719304199596538,0.54723658185316
"centralizacao_grau_entrada","WBGT","WBGT_cen","24",TRUE,0.00744177788270844,0.536739253177746,0.00719304199596538,0.54723658185316
"centralizacao_grau_entrada","WBGT","WBGT_cen","28",TRUE,0.00544407178545343,0.650777427663632,0.00719304199596538,0.54723658185316
"centralizacao_grau_entrada","WBGT","WBGT_cen","29",TRUE,0.00634918127667933,0.600272777097446,0.00719304199596538,0.54723658185316
"centralizacao_grau_entrada","WBGT","WBGT_cen","30",TRUE,0.00765854948958899,0.525763510962632,0.00719304199596538,0.54723658185316
"centralizacao_grau_entrada","WBGT","WBGT_cen","31",TRUE,0.00674527155967279,0.58010998804556,0.00719304199596538,0.54723658185316
"centralizacao_grau_entrada","WBGT","WBGT_cen","32",TRUE,0.00769520028711928,0.518368665268627,0.00719304199596538,0.54723658185316
"centralizacao_grau_entrada","WBGT","WBGT_cen","33",TRUE,0.00652647822283788,0.590300131487691,0.00719304199596538,0.54723658185316
"centralizacao_grau_entrada","WBGT","WBGT_cen","34",TRUE,0.00763107846797587,0.525740028596364,0.00719304199596538,0.54723658185316
"centralizacao_grau_entrada","WBGT","WBGT_cen","36",TRUE,0.00729627109553979,0.546071370957269,0.00719304199596538,0.54723658185316
"centralizacao_grau_entrada","WBGT","WBGT_cen","37",TRUE,0.00988394450672608,0.411741574034102,0.00719304199596538,0.54723658185316
"centralizacao_grau_entrada","WBGT","WBGT_cen","41",TRUE,0.00669620473228434,0.576431846215282,0.00719304199596538,0.54723658185316
"centralizacao_grau_entrada","WBGT","WBGT_cen","42",TRUE,0.00622312076610253,0.602704465086263,0.00719304199596538,0.54723658185316
"centralizacao_grau_entrada","WBGT","WBGT_cen","44",TRUE,0.00454643355350395,0.70612176921874,0.00719304199596538,0.54723658185316
"centralizacao_grau_entrada","WBGT","WBGT_cen","45",TRUE,0.00834597720054828,0.485325400001845,0.00719304199596538,0.54723658185316
"centralizacao_grau_entrada","WBGT","WBGT_cen","46",TRUE,0.00628744315372168,0.602044696857544,0.00719304199596538,0.54723658185316
"centralizacao_grau_entrada","WBGT","WBGT_cen","48",TRUE,0.00816138996457258,0.497538006037181,0.00719304199596538,0.54723658185316
"centralizacao_grau_entrada","WBGT","WBGT_cen","49",TRUE,0.0036613356676073,0.763600823128688,0.00719304199596538,0.54723658185316
"centralizacao_grau_entrada","WBGT","WBGT_cen","52",TRUE,0.00660515898985586,0.580102757665302,0.00719304199596538,0.54723658185316
"centralizacao_grau_entrada","WBGT","WBGT_cen","53",TRUE,0.00721589933948314,0.551887312976419,0.00719304199596538,0.54723658185316
"centralizacao_grau_entrada","WBGT","WBGT_cen","54",TRUE,0.00590031747596435,0.626534095641813,0.00719304199596538,0.54723658185316
"centralizacao_grau_entrada","WBGT","WBGT_cen","55",TRUE,0.00738668289948748,0.539835852392289,0.00719304199596538,0.54723658185316
"centralizacao_grau_entrada","WBGT","WBGT_cen","56",TRUE,0.00689996922076408,0.566174381026077,0.00719304199596538,0.54723658185316
"centralizacao_grau_entrada","WBGT","WBGT_cen","58",TRUE,0.00719601365096742,0.545175097060038,0.00719304199596538,0.54723658185316
"centralizacao_grau_entrada","WBGT","WBGT_cen","60",TRUE,0.00924001015980116,0.453367048755838,0.00719304199596538,0.54723658185316
"centralizacao_grau_entrada","WBGT","WBGT_cen","61",TRUE,0.00730348329386564,0.543568147146593,0.00719304199596538,0.54723658185316
"centralizacao_grau_entrada","WBGT","WBGT_cen","62",TRUE,0.00707037956984501,0.557248442420042,0.00719304199596538,0.54723658185316
"centralizacao_grau_entrada","WBGT","WBGT_cen","63",TRUE,0.00905661257137176,0.464003400522331,0.00719304199596538,0.54723658185316
"centralizacao_grau_entrada","WBGT","WBGT_cen","66",TRUE,0.00598535660765754,0.620926155532525,0.00719304199596538,0.54723658185316
"centralizacao_grau_entrada","WBGT","WBGT_cen","67",TRUE,0.00805888026348081,0.496197453265303,0.00719304199596538,0.54723658185316
"centralizacao_grau_entrada","WBGT","WBGT_cen","68",TRUE,0.00754675565287009,0.522732359634431,0.00719304199596538,0.54723658185316
"centralizacao_grau_entrada","WBGT","WBGT_cen","69",TRUE,0.00395090786327658,0.743619944147076,0.00719304199596538,0.54723658185316
"centralizacao_grau_entrada","WBGT","WBGT_cen","71",TRUE,0.00602531266686778,0.620908701807646,0.00719304199596538,0.54723658185316
"centralizacao_grau_entrada","WBGT","WBGT_cen","74",TRUE,0.00734385400981947,0.537125849081486,0.00719304199596538,0.54723658185316
"centralizacao_grau_entrada","WBGT","WBGT_cen","75",TRUE,0.00635795380223251,0.593986293135628,0.00719304199596538,0.54723658185316
"centralizacao_grau_entrada","WBGT","WBGT_cen","77",TRUE,0.00740589924799044,0.538706736500268,0.00719304199596538,0.54723658185316
"centralizacao_grau_entrada","WBGT","WBGT_cen","79",TRUE,0.00527319194343758,0.66167617318485,0.00719304199596538,0.54723658185316
"centralizacao_grau_entrada","WBGT","WBGT_cen","81",TRUE,0.00943291755692462,0.435362976960521,0.00719304199596538,0.54723658185316
"centralizacao_grau_entrada","WBGT","WBGT_cen","82",TRUE,0.0156269984952066,0.212292385849761,0.00719304199596538,0.54723658185316
"centralizacao_grau_entrada","WBGT","WBGT_cen","83",TRUE,0.00732155524084127,0.544808272641985,0.00719304199596538,0.54723658185316
"centralizacao_grau_entrada","WBGT","WBGT_cen","86",TRUE,0.00731716199067998,0.544931436477566,0.00719304199596538,0.54723658185316
"centralizacao_grau_entrada","WBGT","WBGT_cen","87",TRUE,0.00867236369543356,0.473520996220877,0.00719304199596538,0.54723658185316
"centralizacao_grau_entrada","WBGT","WBGT_cen","89",TRUE,0.0104614827556333,0.387329119410594,0.00719304199596538,0.54723658185316
"centralizacao_grau_entrada","WBGT","WBGT_cen","91",TRUE,0.00673266411047015,0.565081112339057,0.00719304199596538,0.54723658185316
"centralizacao_grau_entrada","WBGT","WBGT_cen","92",TRUE,0.00504036009043062,0.677955251623405,0.00719304199596538,0.54723658185316
"centralizacao_grau_entrada","WBGT","WBGT_cen","94",TRUE,0.00727192375899976,0.543487514920384,0.00719304199596538,0.54723658185316
"centralizacao_grau_entrada","WBGT","WBGT_cen","97",TRUE,0.00772254309347849,0.520508179703572,0.00719304199596538,0.54723658185316
"centralizacao_grau_entrada","WBGT","WBGT_cen","99",TRUE,0.00546931178141784,0.651039838199416,0.00719304199596538,0.54723658185316
"centralizacao_grau_entrada","WBGT","WBGT_cen","100",TRUE,0.00686871539761879,0.566480217914535,0.00719304199596538,0.54723658185316
"centralizacao_grau_entrada","WBGT","WBGT_cen","103",TRUE,0.00682193200938505,0.574358955236496,0.00719304199596538,0.54723658185316
"centralizacao_grau_entrada","WBGT","WBGT_cen","104",TRUE,0.0069350399810764,0.562493959944805,0.00719304199596538,0.54723658185316
"centralizacao_grau_entrada","Ta_RH_Rad","Ta_cen","1",TRUE,0.00432298547637107,0.690507115599809,0.00475225295984264,0.657968490997343
"centralizacao_grau_entrada","Ta_RH_Rad","RH_cen","1",TRUE,0.0046244587886984,0.181679886142214,0.00474291307598853,0.166764467844814
"centralizacao_grau_entrada","Ta_RH_Rad","RAD_cen","1",TRUE,-0.0159782954733182,0.602420280025508,-0.0122699785755234,0.678418799656228
"centralizacao_grau_entrada","Ta_RH_Rad","Ta_cen","2",TRUE,0.00598614481923287,0.57887463791478,0.00475225295984264,0.657968490997343
"centralizacao_grau_entrada","Ta_RH_Rad","RH_cen","2",TRUE,0.00441487645269127,0.199772920639442,0.00474291307598853,0.166764467844814
"centralizacao_grau_entrada","Ta_RH_Rad","RAD_cen","2",TRUE,-0.0151422464276237,0.610291737139801,-0.0122699785755234,0.678418799656228
"centralizacao_grau_entrada","Ta_RH_Rad","Ta_cen","3",TRUE,0.0050760959336644,0.631204732416745,0.00475225295984264,0.657968490997343
"centralizacao_grau_entrada","Ta_RH_Rad","RH_cen","3",TRUE,0.0047899252315307,0.155430708646497,0.00474291307598853,0.166764467844814
"centralizacao_grau_entrada","Ta_RH_Rad","RAD_cen","3",TRUE,-0.011654373152635,0.691159035926324,-0.0122699785755234,0.678418799656228
"centralizacao_grau_entrada","Ta_RH_Rad","Ta_cen","5",TRUE,0.00400778299345434,0.707897914250786,0.00475225295984264,0.657968490997343
"centralizacao_grau_entrada","Ta_RH_Rad","RH_cen","5",TRUE,0.00428405702174586,0.214172269251928,0.00474291307598853,0.166764467844814
"centralizacao_grau_entrada","Ta_RH_Rad","RAD_cen","5",TRUE,-0.016159445438264,0.584636967270363,-0.0122699785755234,0.678418799656228
"centralizacao_grau_entrada","Ta_RH_Rad","Ta_cen","7",TRUE,0.0047021332044376,0.662236134248421,0.00475225295984264,0.657968490997343
"centralizacao_grau_entrada","Ta_RH_Rad","RH_cen","7",TRUE,0.00488969082213053,0.15648528498723,0.00474291307598853,0.166764467844814
"centralizacao_grau_entrada","Ta_RH_Rad","RAD_cen","7",TRUE,-0.0121249323359021,0.682372381695205,-0.0122699785755234,0.678418799656228
"centralizacao_grau_entrada","Ta_RH_Rad","Ta_cen","8",TRUE,0.00478855251077779,0.655567301254447,0.00475225295984264,0.657968490997343
"centralizacao_grau_entrada","Ta_RH_Rad","RH_cen","8",TRUE,0.00473835473693947,0.167749874217327,0.00474291307598853,0.166764467844814
"centralizacao_grau_entrada","Ta_RH_Rad","RAD_cen","8",TRUE,-0.01152963365481,0.712220758652924,-0.0122699785755234,0.678418799656228
"centralizacao_grau_entrada","Ta_RH_Rad","Ta_cen","9",TRUE,0.00563473297018673,0.603204335313595,0.00475225295984264,0.657968490997343
"centralizacao_grau_entrada","Ta_RH_Rad","RH_cen","9",TRUE,0.00480231026863303,0.165746842621987,0.00474291307598853,0.166764467844814
"centralizacao_grau_entrada","Ta_RH_Rad","RAD_cen","9",TRUE,-0.0120295549833324,0.686194528041821,-0.0122699785755234,0.678418799656228
"centralizacao_grau_entrada","Ta_RH_Rad","Ta_cen","12",TRUE,0.00510006567065893,0.640207781870725,0.00475225295984264,0.657968490997343
"centralizacao_grau_entrada","Ta_RH_Rad","RH_cen","12",TRUE,0.00488346033965498,0.163319445912538,0.00474291307598853,0.166764467844814
"centralizacao_grau_entrada","Ta_RH_Rad","RAD_cen","12",TRUE,-0.0119816585397175,0.688124082679559,-0.0122699785755234,0.678418799656228
"centralizacao_grau_entrada","Ta_RH_Rad","Ta_cen","13",TRUE,0.00492014496082188,0.651813826433533,0.00475225295984264,0.657968490997343
"centralizacao_grau_entrada","Ta_RH_Rad","RH_cen","13",TRUE,0.00480311788547898,0.165371388570011,0.00474291307598853,0.166764467844814
"centralizacao_grau_entrada","Ta_RH_Rad","RAD_cen","13",TRUE,-0.011901270060416,0.689464088005654,-0.0122699785755234,0.678418799656228
"centralizacao_grau_entrada","Ta_RH_Rad","Ta_cen","16",TRUE,0.00552756197633976,0.612486648607194,0.00475225295984264,0.657968490997343
"centralizacao_grau_entrada","Ta_RH_Rad","RH_cen","16",TRUE,0.00481060662299141,0.1645474415522,0.00474291307598853,0.166764467844814
"centralizacao_grau_entrada","Ta_RH_Rad","RAD_cen","16",TRUE,-0.00823343641068141,0.789983663392911,-0.0122699785755234,0.678418799656228
"centralizacao_grau_entrada","Ta_RH_Rad","Ta_cen","17",TRUE,0.0050675165261902,0.64046789242503,0.00475225295984264,0.657968490997343
"centralizacao_grau_entrada","Ta_RH_Rad","RH_cen","17",TRUE,0.00504928658961228,0.148913279213807,0.00474291307598853,0.166764467844814
"centralizacao_grau_entrada","Ta_RH_Rad","RAD_cen","17",TRUE,-0.0143151207724546,0.632904245155171,-0.0122699785755234,0.678418799656228
"centralizacao_grau_entrada","Ta_RH_Rad","Ta_cen","18",TRUE,0.00477014296805459,0.662883664776086,0.00475225295984264,0.657968490997343
"centralizacao_grau_entrada","Ta_RH_Rad","RH_cen","18",TRUE,0.00474179541893367,0.203433431646788,0.00474291307598853,0.166764467844814
"centralizacao_grau_entrada","Ta_RH_Rad","RAD_cen","18",TRUE,-0.0122748801733445,0.681208167906924,-0.0122699785755234,0.678418799656228
"centralizacao_grau_entrada","Ta_RH_Rad","Ta_cen","19",TRUE,0.00541637603362221,0.611693841426462,0.00475225295984264,0.657968490997343
"centralizacao_grau_entrada","Ta_RH_Rad","RH_cen","19",TRUE,0.00491792967046426,0.151798863805204,0.00474291307598853,0.166764467844814
"centralizacao_grau_entrada","Ta_RH_Rad","RAD_cen","19",TRUE,-0.0110366977001094,0.70879379167367,-0.0122699785755234,0.678418799656228
"centralizacao_grau_entrada","Ta_RH_Rad","Ta_cen","20",TRUE,0.00326403420076494,0.765608826912003,0.00475225295984264,0.657968490997343
"centralizacao_grau_entrada","Ta_RH_Rad","RH_cen","20",TRUE,0.00473134453528458,0.169620092356613,0.00474291307598853,0.166764467844814
"centralizacao_grau_entrada","Ta_RH_Rad","RAD_cen","20",TRUE,-0.0120288192226748,0.684938838498918,-0.0122699785755234,0.678418799656228
"centralizacao_grau_entrada","Ta_RH_Rad","Ta_cen","21",TRUE,0.00594204023051535,0.585533272879426,0.00475225295984264,0.657968490997343
"centralizacao_grau_entrada","Ta_RH_Rad","RH_cen","21",TRUE,0.00464373309679948,0.175735995901092,0.00474291307598853,0.166764467844814
"centralizacao_grau_entrada","Ta_RH_Rad","RAD_cen","21",TRUE,-0.0130895022938394,0.660756617418347,-0.0122699785755234,0.678418799656228
"centralizacao_grau_entrada","Ta_RH_Rad","Ta_cen","24",TRUE,0.00472072582677668,0.66259063687584,0.00475225295984264,0.657968490997343
"centralizacao_grau_entrada","Ta_RH_Rad","RH_cen","24",TRUE,0.00468691942272765,0.172858720333077,0.00474291307598853,0.166764467844814
"centralizacao_grau_entrada","Ta_RH_Rad","RAD_cen","24",TRUE,-0.0121510739293461,0.682065617579633,-0.0122699785755234,0.678418799656228
"centralizacao_grau_entrada","Ta_RH_Rad","Ta_cen","28",TRUE,0.00293737089357392,0.785784288266228,0.00475225295984264,0.657968490997343
"centralizacao_grau_entrada","Ta_RH_Rad","RH_cen","28",TRUE,0.00507687465109236,0.139224914403571,0.00474291307598853,0.166764467844814
"centralizacao_grau_entrada","Ta_RH_Rad","RAD_cen","28",TRUE,-0.00745968987891295,0.802373683355332,-0.0122699785755234,0.678418799656228
"centralizacao_grau_entrada","Ta_RH_Rad","Ta_cen","29",TRUE,0.00437233639189993,0.687303774892371,0.00475225295984264,0.657968490997343
"centralizacao_grau_entrada","Ta_RH_Rad","RH_cen","29",TRUE,0.00441856826856384,0.218027956355363,0.00474291307598853,0.166764467844814
"centralizacao_grau_entrada","Ta_RH_Rad","RAD_cen","29",TRUE,-0.0141120428575658,0.640188346146706,-0.0122699785755234,0.678418799656228
"centralizacao_grau_entrada","Ta_RH_Rad","Ta_cen","30",TRUE,0.00548468833967158,0.611161667826998,0.00475225295984264,0.657968490997343
"centralizacao_grau_entrada","Ta_RH_Rad","RH_cen","30",TRUE,0.00545481359141013,0.124532615513649,0.00474291307598853,0.166764467844814
"centralizacao_grau_entrada","Ta_RH_Rad","RAD_cen","30",TRUE,-0.0107650599334149,0.7169483084538,-0.0122699785755234,0.678418799656228
"centralizacao_grau_entrada","Ta_RH_Rad","Ta_cen","31",TRUE,0.00408998249568987,0.709525609784958,0.00475225295984264,0.657968490997343
"centralizacao_grau_entrada","Ta_RH_Rad","RH_cen","31",TRUE,0.00473948955330394,0.170287362972788,0.00474291307598853,0.166764467844814
"centralizacao_grau_entrada","Ta_RH_Rad","RAD_cen","31",TRUE,-0.0120301347793328,0.685732970547666,-0.0122699785755234,0.678418799656228
"centralizacao_grau_entrada","Ta_RH_Rad","Ta_cen","32",TRUE,0.00561309211138923,0.600211792355578,0.00475225295984264,0.657968490997343
"centralizacao_grau_entrada","Ta_RH_Rad","RH_cen","32",TRUE,0.00415034717539621,0.233469481750457,0.00474291307598853,0.166764467844814
"centralizacao_grau_entrada","Ta_RH_Rad","RAD_cen","32",TRUE,-0.0226797638598161,0.479271679182134,-0.0122699785755234,0.678418799656228
"centralizacao_grau_entrada","Ta_RH_Rad","Ta_cen","33",TRUE,0.00426829433486933,0.695407545471075,0.00475225295984264,0.657968490997343
"centralizacao_grau_entrada","Ta_RH_Rad","RH_cen","33",TRUE,0.00456967896759671,0.189598137666826,0.00474291307598853,0.166764467844814
"centralizacao_grau_entrada","Ta_RH_Rad","RAD_cen","33",TRUE,-0.0126720798311137,0.67117722812106,-0.0122699785755234,0.678418799656228
"centralizacao_grau_entrada","Ta_RH_Rad","Ta_cen","34",TRUE,0.00501895508306006,0.642316111693228,0.00475225295984264,0.657968490997343
"centralizacao_grau_entrada","Ta_RH_Rad","RH_cen","34",TRUE,0.00472275689534575,0.171691810418252,0.00474291307598853,0.166764467844814
"centralizacao_grau_entrada","Ta_RH_Rad","RAD_cen","34",TRUE,-0.0119417034846599,0.687782285807556,-0.0122699785755234,0.678418799656228
"centralizacao_grau_entrada","Ta_RH_Rad","Ta_cen","36",TRUE,0.00501601622858494,0.643980931122488,0.00475225295984264,0.657968490997343
"centralizacao_grau_entrada","Ta_RH_Rad","RH_cen","36",TRUE,0.00489917035688502,0.160499097647051,0.00474291307598853,0.166764467844814
"centralizacao_grau_entrada","Ta_RH_Rad","RAD_cen","36",TRUE,-0.0119769109881856,0.688153334785194,-0.0122699785755234,0.678418799656228
"centralizacao_grau_entrada","Ta_RH_Rad","Ta_cen","37",TRUE,0.00705428528211051,0.513441991552862,0.00475225295984264,0.657968490997343
"centralizacao_grau_entrada","Ta_RH_Rad","RH_cen","37",TRUE,0.00546011559539011,0.113636560748016,0.00474291307598853,0.166764467844814
"centralizacao_grau_entrada","Ta_RH_Rad","RAD_cen","37",TRUE,-0.00790213639814662,0.790242840935994,-0.0122699785755234,0.678418799656228
"centralizacao_grau_entrada","Ta_RH_Rad","Ta_cen","41",TRUE,0.00465033010804636,0.664096129391033,0.00475225295984264,0.657968490997343
"centralizacao_grau_entrada","Ta_RH_Rad","RH_cen","41",TRUE,0.0062107551094834,0.0757890109819531,0.00474291307598853,0.166764467844814
"centralizacao_grau_entrada","Ta_RH_Rad","RAD_cen","41",TRUE,-0.00612139932728641,0.835859971166731,-0.0122699785755234,0.678418799656228
"centralizacao_grau_entrada","Ta_RH_Rad","Ta_cen","42",TRUE,0.0041700755814572,0.698085071155371,0.00475225295984264,0.657968490997343
"centralizacao_grau_entrada","Ta_RH_Rad","RH_cen","42",TRUE,0.00450602663726734,0.190648637455572,0.00474291307598853,0.166764467844814
"centralizacao_grau_entrada","Ta_RH_Rad","RAD_cen","42",TRUE,-0.0113056749822307,0.707438836667527,-0.0122699785755234,0.678418799656228
"centralizacao_grau_entrada","Ta_RH_Rad","Ta_cen","44",TRUE,0.00187617661206594,0.862605683632266,0.00475225295984264,0.657968490997343
"centralizacao_grau_entrada","Ta_RH_Rad","RH_cen","44",TRUE,0.00463261228299619,0.173034612489688,0.00474291307598853,0.166764467844814
"centralizacao_grau_entrada","Ta_RH_Rad","RAD_cen","44",TRUE,-0.012231615954421,0.675849322439698,-0.0122699785755234,0.678418799656228
"centralizacao_grau_entrada","Ta_RH_Rad","Ta_cen","45",TRUE,0.00541554688834034,0.614990278093529,0.00475225295984264,0.657968490997343
"centralizacao_grau_entrada","Ta_RH_Rad","RH_cen","45",TRUE,0.00484136280051913,0.158173235932514,0.00474291307598853,0.166764467844814
"centralizacao_grau_entrada","Ta_RH_Rad","RAD_cen","45",TRUE,-0.00939318313852495,0.754552314507457,-0.0122699785755234,0.678418799656228
"centralizacao_grau_entrada","Ta_RH_Rad","Ta_cen","46",TRUE,0.00427305073948362,0.693366982412111,0.00475225295984264,0.657968490997343
"centralizacao_grau_entrada","Ta_RH_Rad","RH_cen","46",TRUE,0.00440369372762033,0.20471575526058,0.00474291307598853,0.166764467844814
"centralizacao_grau_entrada","Ta_RH_Rad","RAD_cen","46",TRUE,-0.0129454292551426,0.660953744283293,-0.0122699785755234,0.678418799656228
"centralizacao_grau_entrada","Ta_RH_Rad","Ta_cen","48",TRUE,0.00546501933026653,0.613276694271449,0.00475225295984264,0.657968490997343
"centralizacao_grau_entrada","Ta_RH_Rad","RH_cen","48",TRUE,0.00460002232139036,0.184757166248981,0.00474291307598853,0.166764467844814
"centralizacao_grau_entrada","Ta_RH_Rad","RAD_cen","48",TRUE,-0.0138395021370671,0.643405601684845,-0.0122699785755234,0.678418799656228
"centralizacao_grau_entrada","Ta_RH_Rad","Ta_cen","49",TRUE,0.00232703886318232,0.830663110103776,0.00475225295984264,0.657968490997343
"centralizacao_grau_entrada","Ta_RH_Rad","RH_cen","49",TRUE,0.00365111749066063,0.296500669843732,0.00474291307598853,0.166764467844814
"centralizacao_grau_entrada","Ta_RH_Rad","RAD_cen","49",TRUE,-0.0165780229620662,0.576400912572873,-0.0122699785755234,0.678418799656228
"centralizacao_grau_entrada","Ta_RH_Rad","Ta_cen","52",TRUE,0.00402284370143503,0.707271438181587,0.00475225295984264,0.657968490997343
"centralizacao_grau_entrada","Ta_RH_Rad","RH_cen","52",TRUE,0.00442773391988276,0.195859144592021,0.00474291307598853,0.166764467844814
"centralizacao_grau_entrada","Ta_RH_Rad","RAD_cen","52",TRUE,-0.0188098830522516,0.537487878448033,-0.0122699785755234,0.678418799656228
"centralizacao_grau_entrada","Ta_RH_Rad","Ta_cen","53",TRUE,0.00454998718869921,0.676332730062494,0.00475225295984264,0.657968490997343
"centralizacao_grau_entrada","Ta_RH_Rad","RH_cen","53",TRUE,0.00474911048178313,0.169319839658559,0.00474291307598853,0.166764467844814
"centralizacao_grau_entrada","Ta_RH_Rad","RAD_cen","53",TRUE,-0.0126564413617099,0.671211554884519,-0.0122699785755234,0.678418799656228
"centralizacao_grau_entrada","Ta_RH_Rad","Ta_cen","54",TRUE,0.00339938440799693,0.755156712471755,0.00475225295984264,0.657968490997343
"centralizacao_grau_entrada","Ta_RH_Rad","RH_cen","54",TRUE,0.0048127088688666,0.161084391802436,0.00474291307598853,0.166764467844814
"centralizacao_grau_entrada","Ta_RH_Rad","RAD_cen","54",TRUE,-0.0104242129365906,0.726549456815494,-0.0122699785755234,0.678418799656228
"centralizacao_grau_entrada","Ta_RH_Rad","Ta_cen","55",TRUE,0.00490782472756882,0.651150098118581,0.00475225295984264,0.657968490997343
"centralizacao_grau_entrada","Ta_RH_Rad","RH_cen","55",TRUE,0.00457705979302644,0.198445396331961,0.00474291307598853,0.166764467844814
"centralizacao_grau_entrada","Ta_RH_Rad","RAD_cen","55",TRUE,-0.0136856402942574,0.655938359209065,-0.0122699785755234,0.678418799656228
"centralizacao_grau_entrada","Ta_RH_Rad","Ta_cen","56",TRUE,0.00439666878852212,0.684512638426402,0.00475225295984264,0.657968490997343
"centralizacao_grau_entrada","Ta_RH_Rad","RH_cen","56",TRUE,0.00486945962235892,0.159562088410269,0.00474291307598853,0.166764467844814
"centralizacao_grau_entrada","Ta_RH_Rad","RAD_cen","56",TRUE,-0.00911028175933905,0.764151573455317,-0.0122699785755234,0.678418799656228
"centralizacao_grau_entrada","Ta_RH_Rad","Ta_cen","58",TRUE,0.00462962056001011,0.665748189184961,0.00475225295984264,0.657968490997343
"centralizacao_grau_entrada","Ta_RH_Rad","RH_cen","58",TRUE,0.00396708020498895,0.258773573191709,0.00474291307598853,0.166764467844814
"centralizacao_grau_entrada","Ta_RH_Rad","RAD_cen","58",TRUE,-0.0150801759783617,0.611881483808049,-0.0122699785755234,0.678418799656228
"centralizacao_grau_entrada","Ta_RH_Rad","Ta_cen","60",TRUE,0.00666679440569082,0.548509330486808,0.00475225295984264,0.657968490997343
"centralizacao_grau_entrada","Ta_RH_Rad","RH_cen","60",TRUE,0.00491671833321769,0.15385577672361,0.00474291307598853,0.166764467844814
"centralizacao_grau_entrada","Ta_RH_Rad","RAD_cen","60",TRUE,-0.0121685265220361,0.682853270148086,-0.0122699785755234,0.678418799656228
"centralizacao_grau_entrada","Ta_RH_Rad","Ta_cen","61",TRUE,0.0047831920993284,0.657766613443712,0.00475225295984264,0.657968490997343
"centralizacao_grau_entrada","Ta_RH_Rad","RH_cen","61",TRUE,0.00483381804252561,0.162300245434247,0.00474291307598853,0.166764467844814
"centralizacao_grau_entrada","Ta_RH_Rad","RAD_cen","61",TRUE,-0.0130799213312416,0.661225218194478,-0.0122699785755234,0.678418799656228
"centralizacao_grau_entrada","Ta_RH_Rad","Ta_cen","62",TRUE,0.0045064037604957,0.677189250812377,0.00475225295984264,0.657968490997343
"centralizacao_grau_entrada","Ta_RH_Rad","RH_cen","62",TRUE,0.00486009095927944,0.160774797362113,0.00474291307598853,0.166764467844814
"centralizacao_grau_entrada","Ta_RH_Rad","RAD_cen","62",TRUE,-0.0118507449278561,0.691800593255274,-0.0122699785755234,0.678418799656228
"centralizacao_grau_entrada","Ta_RH_Rad","Ta_cen","63",TRUE,0.00582757038417226,0.599299532196948,0.00475225295984264,0.657968490997343
"centralizacao_grau_entrada","Ta_RH_Rad","RH_cen","63",TRUE,0.00475677613963756,0.166308670559741,0.00474291307598853,0.166764467844814
"centralizacao_grau_entrada","Ta_RH_Rad","RAD_cen","63",TRUE,-0.0113788047991894,0.701613997387529,-0.0122699785755234,0.678418799656228
"centralizacao_grau_entrada","Ta_RH_Rad","Ta_cen","66",TRUE,0.00354480982982375,0.743894547588273,0.00475225295984264,0.657968490997343
"centralizacao_grau_entrada","Ta_RH_Rad","RH_cen","66",TRUE,0.00472244085193679,0.169216986882684,0.00474291307598853,0.166764467844814
"centralizacao_grau_entrada","Ta_RH_Rad","RAD_cen","66",TRUE,-0.0104503113465473,0.725416026646863,-0.0122699785755234,0.678418799656228
"centralizacao_grau_entrada","Ta_RH_Rad","Ta_cen","67",TRUE,0.00550184312515314,0.603337785250097,0.00475225295984264,0.657968490997343
"centralizacao_grau_entrada","Ta_RH_Rad","RH_cen","67",TRUE,0.00518360914510032,0.124712185675169,0.00474291307598853,0.166764467844814
"centralizacao_grau_entrada","Ta_RH_Rad","RAD_cen","67",TRUE,-0.0218202495610964,0.460374485083699,-0.0122699785755234,0.678418799656228
"centralizacao_grau_entrada","Ta_RH_Rad","Ta_cen","68",TRUE,0.00500230187365177,0.638403110041849,0.00475225295984264,0.657968490997343
"centralizacao_grau_entrada","Ta_RH_Rad","RH_cen","68",TRUE,0.00465072871115021,0.17539486504613,0.00474291307598853,0.166764467844814
"centralizacao_grau_entrada","Ta_RH_Rad","RAD_cen","68",TRUE,-0.00361270619658156,0.905152072576611,-0.0122699785755234,0.678418799656228
"centralizacao_grau_entrada","Ta_RH_Rad","Ta_cen","69",TRUE,0.0018898958049573,0.862849090459142,0.00475225295984264,0.657968490997343
"centralizacao_grau_entrada","Ta_RH_Rad","RH_cen","69",TRUE,0.00379897507069611,0.277335362244001,0.00474291307598853,0.166764467844814
"centralizacao_grau_entrada","Ta_RH_Rad","RAD_cen","69",TRUE,-0.0137993968423837,0.63950592186656,-0.0122699785755234,0.678418799656228
"centralizacao_grau_entrada","Ta_RH_Rad","Ta_cen","71",TRUE,0.00404019149699484,0.710940866312754,0.00475225295984264,0.657968490997343
"centralizacao_grau_entrada","Ta_RH_Rad","RH_cen","71",TRUE,0.00453596140462414,0.191055706427124,0.00474291307598853,0.166764467844814
"centralizacao_grau_entrada","Ta_RH_Rad","RAD_cen","71",TRUE,-0.0134730856919328,0.649498827252494,-0.0122699785755234,0.678418799656228
"centralizacao_grau_entrada","Ta_RH_Rad","Ta_cen","74",TRUE,0.00487559148027698,0.648759632562385,0.00475225295984264,0.657968490997343
"centralizacao_grau_entrada","Ta_RH_Rad","RH_cen","74",TRUE,0.00459312256535081,0.180729461588934,0.00474291307598853,0.166764467844814
"centralizacao_grau_entrada","Ta_RH_Rad","RAD_cen","74",TRUE,-0.0129079403276148,0.661433009789585,-0.0122699785755234,0.678418799656228
"centralizacao_grau_entrada","Ta_RH_Rad","Ta_cen","75",TRUE,0.00363601934061491,0.733857476109916,0.00475225295984264,0.657968490997343
"centralizacao_grau_entrada","Ta_RH_Rad","RH_cen","75",TRUE,0.00511424989373301,0.134213536252706,0.00474291307598853,0.166764467844814
"centralizacao_grau_entrada","Ta_RH_Rad","RAD_cen","75",TRUE,-0.0105511252537785,0.721194768696211,-0.0122699785755234,0.678418799656228
"centralizacao_grau_entrada","Ta_RH_Rad","Ta_cen","77",TRUE,0.00487123700854298,0.652514664493471,0.00475225295984264,0.657968490997343
"centralizacao_grau_entrada","Ta_RH_Rad","RH_cen","77",TRUE,0.00465227240646169,0.180010155631022,0.00474291307598853,0.166764467844814
"centralizacao_grau_entrada","Ta_RH_Rad","RAD_cen","77",TRUE,-0.0129196347171114,0.665759857882394,-0.0122699785755234,0.678418799656228
"centralizacao_grau_entrada","Ta_RH_Rad","Ta_cen","79",TRUE,0.00262227552533524,0.808208353030642,0.00475225295984264,0.657968490997343
"centralizacao_grau_entrada","Ta_RH_Rad","RH_cen","79",TRUE,0.00494842716516339,0.141038920879575,0.00474291307598853,0.166764467844814
"centralizacao_grau_entrada","Ta_RH_Rad","RAD_cen","79",TRUE,-0.0108500951718447,0.709382070712503,-0.0122699785755234,0.678418799656228
"centralizacao_grau_entrada","Ta_RH_Rad","Ta_cen","81",TRUE,0.0067856214397894,0.532526121471206,0.00475225295984264,0.657968490997343
"centralizacao_grau_entrada","Ta_RH_Rad","RH_cen","81",TRUE,0.00494430224342775,0.147572591199981,0.00474291307598853,0.166764467844814
"centralizacao_grau_entrada","Ta_RH_Rad","RAD_cen","81",TRUE,-0.0117211458475476,0.690487740345178,-0.0122699785755234,0.678418799656228
"centralizacao_grau_entrada","Ta_RH_Rad","Ta_cen","82",TRUE,0.0122928354190487,0.279049650442536,0.00475225295984264,0.657968490997343
"centralizacao_grau_entrada","Ta_RH_Rad","RH_cen","82",TRUE,0.00546677985835362,0.108826899324993,0.00474291307598853,0.166764467844814
"centralizacao_grau_entrada","Ta_RH_Rad","RAD_cen","82",TRUE,-0.0061608712287604,0.834519754052996,-0.0122699785755234,0.678418799656228
"centralizacao_grau_entrada","Ta_RH_Rad","Ta_cen","83",TRUE,0.00467326279072211,0.666607402007909,0.00475225295984264,0.657968490997343
"centralizacao_grau_entrada","Ta_RH_Rad","RH_cen","83",TRUE,0.00478597897975688,0.165779815410444,0.00474291307598853,0.166764467844814
"centralizacao_grau_entrada","Ta_RH_Rad","RAD_cen","83",TRUE,-0.0126733110341441,0.672470969577752,-0.0122699785755234,0.678418799656228
"centralizacao_grau_entrada","Ta_RH_Rad","Ta_cen","86",TRUE,0.00498233228147013,0.646162346671012,0.00475225295984264,0.657968490997343
"centralizacao_grau_entrada","Ta_RH_Rad","RH_cen","86",TRUE,0.00492255964968626,0.16283637973927,0.00474291307598853,0.166764467844814
"centralizacao_grau_entrada","Ta_RH_Rad","RAD_cen","86",TRUE,-0.0111414139267192,0.712100800103286,-0.0122699785755234,0.678418799656228
"centralizacao_grau_entrada","Ta_RH_Rad","Ta_cen","87",TRUE,0.00577070254026935,0.595105003073192,0.00475225295984264,0.657968490997343
"centralizacao_grau_entrada","Ta_RH_Rad","RH_cen","87",TRUE,0.00486044381141066,0.158952070223284,0.00474291307598853,0.166764467844814
"centralizacao_grau_entrada","Ta_RH_Rad","RAD_cen","87",TRUE,-0.0100018964618204,0.737506555452034,-0.0122699785755234,0.678418799656228
"centralizacao_grau_entrada","Ta_RH_Rad","Ta_cen","89",TRUE,0.00812796491452212,0.462015027376086,0.00475225295984264,0.657968490997343
"centralizacao_grau_entrada","Ta_RH_Rad","RH_cen","89",TRUE,0.00366030012159147,0.303032903989713,0.00474291307598853,0.166764467844814
"centralizacao_grau_entrada","Ta_RH_Rad","RAD_cen","89",TRUE,-0.020975745753561,0.490004952127764,-0.0122699785755234,0.678418799656228
"centralizacao_grau_entrada","Ta_RH_Rad","Ta_cen","91",TRUE,0.00449324010080923,0.668989738636312,0.00475225295984264,0.657968490997343
"centralizacao_grau_entrada","Ta_RH_Rad","RH_cen","91",TRUE,0.00477151315831531,0.156332539152855,0.00474291307598853,0.166764467844814
"centralizacao_grau_entrada","Ta_RH_Rad","RAD_cen","91",TRUE,-0.0120997754644288,0.677372963126256,-0.0122699785755234,0.678418799656228
"centralizacao_grau_entrada","Ta_RH_Rad","Ta_cen","92",TRUE,0.00260053957567634,0.811275384592222,0.00475225295984264,0.657968490997343
"centralizacao_grau_entrada","Ta_RH_Rad","RH_cen","92",TRUE,0.00476542355116983,0.161318353682031,0.00474291307598853,0.166764467844814
"centralizacao_grau_entrada","Ta_RH_Rad","RAD_cen","92",TRUE,-0.00791440285096655,0.788836066466651,-0.0122699785755234,0.678418799656228
"centralizacao_grau_entrada","Ta_RH_Rad","Ta_cen","94",TRUE,0.00476866019892717,0.657544698934152,0.00475225295984264,0.657968490997343
"centralizacao_grau_entrada","Ta_RH_Rad","RH_cen","94",TRUE,0.00456238864262347,0.185159902131528,0.00474291307598853,0.166764467844814
"centralizacao_grau_entrada","Ta_RH_Rad","RAD_cen","94",TRUE,-0.0126948275076085,0.669066466387237,-0.0122699785755234,0.678418799656228
"centralizacao_grau_entrada","Ta_RH_Rad","Ta_cen","97",TRUE,0.00525398247122565,0.626662409907217,0.00475225295984264,0.657968490997343
"centralizacao_grau_entrada","Ta_RH_Rad","RH_cen","97",TRUE,0.00483511669220409,0.163126977691574,0.00474291307598853,0.166764467844814
"centralizacao_grau_entrada","Ta_RH_Rad","RAD_cen","97",TRUE,-0.0113294760226231,0.703152835097115,-0.0122699785755234,0.678418799656228
"centralizacao_grau_entrada","Ta_RH_Rad","Ta_cen","99",TRUE,0.00365860926766001,0.73675336344447,0.00475225295984264,0.657968490997343
"centralizacao_grau_entrada","Ta_RH_Rad","RH_cen","99",TRUE,0.00422366751774161,0.221821156071139,0.00474291307598853,0.166764467844814
"centralizacao_grau_entrada","Ta_RH_Rad","RAD_cen","99",TRUE,-0.0111997270240028,0.704950839073523,-0.0122699785755234,0.678418799656228
"centralizacao_grau_entrada","Ta_RH_Rad","Ta_cen","100",TRUE,0.00451322760906464,0.674599415056538,0.00475225295984264,0.657968490997343
"centralizacao_grau_entrada","Ta_RH_Rad","RH_cen","100",TRUE,0.00478708478423109,0.16301230402175,0.00474291307598853,0.166764467844814
"centralizacao_grau_entrada","Ta_RH_Rad","RAD_cen","100",TRUE,-0.0128028269995837,0.666331907612135,-0.0122699785755234,0.678418799656228
"centralizacao_grau_entrada","Ta_RH_Rad","Ta_cen","103",TRUE,0.00454312491169087,0.677403340184161,0.00475225295984264,0.657968490997343
"centralizacao_grau_entrada","Ta_RH_Rad","RH_cen","103",TRUE,0.00472666012062551,0.177589020990095,0.00474291307598853,0.166764467844814
"centralizacao_grau_entrada","Ta_RH_Rad","RAD_cen","103",TRUE,-0.0127443797647581,0.669903740979566,-0.0122699785755234,0.678418799656228
"centralizacao_grau_entrada","Ta_RH_Rad","Ta_cen","104",TRUE,0.00474430099380727,0.659060847647138,0.00475225295984264,0.657968490997343
"centralizacao_grau_entrada","Ta_RH_Rad","RH_cen","104",TRUE,0.00458313441757945,0.180915878356132,0.00474291307598853,0.166764467844814
"centralizacao_grau_entrada","Ta_RH_Rad","RAD_cen","104",TRUE,-0.0121197101205068,0.685665996414,-0.0122699785755234,0.678418799656228
"distancia_media_ponderada","WBGT","WBGT_cen","1",TRUE,-0.00661662627496114,0.332592144808851,-0.0077906439249209,0.247854834626884
"distancia_media_ponderada","WBGT","WBGT_cen","2",TRUE,-0.00888760643138726,0.188004451779445,-0.0077906439249209,0.247854834626884
"distancia_media_ponderada","WBGT","WBGT_cen","3",TRUE,-0.00708074830414935,0.275564220499958,-0.0077906439249209,0.247854834626884
"distancia_media_ponderada","WBGT","WBGT_cen","5",TRUE,-0.00721100437775785,0.27799277314511,-0.0077906439249209,0.247854834626884
"distancia_media_ponderada","WBGT","WBGT_cen","7",TRUE,-0.00753553754724851,0.272536340705817,-0.0077906439249209,0.247854834626884
"distancia_media_ponderada","WBGT","WBGT_cen","8",TRUE,-0.0080827452001752,0.228670037803101,-0.0077906439249209,0.247854834626884
"distancia_media_ponderada","WBGT","WBGT_cen","9",TRUE,-0.00802677128798011,0.243474451332965,-0.0077906439249209,0.247854834626884
"distancia_media_ponderada","WBGT","WBGT_cen","12",TRUE,-0.0084917892403188,0.219597774478955,-0.0077906439249209,0.247854834626884
"distancia_media_ponderada","WBGT","WBGT_cen","13",TRUE,-0.00845120389081578,0.214344855459012,-0.0077906439249209,0.247854834626884
"distancia_media_ponderada","WBGT","WBGT_cen","16",TRUE,-0.00852204372809783,0.208904595110254,-0.0077906439249209,0.247854834626884
"distancia_media_ponderada","WBGT","WBGT_cen","17",TRUE,-0.00909254422434211,0.181878750776113,-0.0077906439249209,0.247854834626884
"distancia_media_ponderada","WBGT","WBGT_cen","18",TRUE,-0.00692216437060363,0.318820536460815,-0.0077906439249209,0.247854834626884
"distancia_media_ponderada","WBGT","WBGT_cen","19",TRUE,-0.00768562759008653,0.254495597103021,-0.0077906439249209,0.247854834626884
"distancia_media_ponderada","WBGT","WBGT_cen","20",TRUE,-0.00842770366529163,0.221030102472564,-0.0077906439249209,0.247854834626884
"distancia_media_ponderada","WBGT","WBGT_cen","21",TRUE,-0.0079379792010865,0.257820981703582,-0.0077906439249209,0.247854834626884
"distancia_media_ponderada","WBGT","WBGT_cen","24",TRUE,-0.00814046109605691,0.237351550836816,-0.0077906439249209,0.247854834626884
"distancia_media_ponderada","WBGT","WBGT_cen","28",TRUE,-0.00728009912100326,0.289500541251702,-0.0077906439249209,0.247854834626884
"distancia_media_ponderada","WBGT","WBGT_cen","29",TRUE,-0.0079862241413417,0.247534621427774,-0.0077906439249209,0.247854834626884
"distancia_media_ponderada","WBGT","WBGT_cen","30",TRUE,-0.0087818473543332,0.198868121394632,-0.0077906439249209,0.247854834626884
"distancia_media_ponderada","WBGT","WBGT_cen","31",TRUE,-0.00833814148702918,0.214159210802301,-0.0077906439249209,0.247854834626884
"distancia_media_ponderada","WBGT","WBGT_cen","32",TRUE,-0.0076769340298268,0.246922419356467,-0.0077906439249209,0.247854834626884
"distancia_media_ponderada","WBGT","WBGT_cen","33",TRUE,-0.00897046278006112,0.197123529962177,-0.0077906439249209,0.247854834626884
"distancia_media_ponderada","WBGT","WBGT_cen","34",TRUE,-0.00837487227668904,0.211848027927663,-0.0077906439249209,0.247854834626884
"distancia_media_ponderada","WBGT","WBGT_cen","36",TRUE,-0.00772229040732584,0.259809600711492,-0.0077906439249209,0.247854834626884
"distancia_media_ponderada","WBGT","WBGT_cen","37",TRUE,-0.00943696704920539,0.162631926537609,-0.0077906439249209,0.247854834626884
"distancia_media_ponderada","WBGT","WBGT_cen","41",TRUE,-0.00767724677886762,0.253826765236215,-0.0077906439249209,0.247854834626884
"distancia_media_ponderada","WBGT","WBGT_cen","42",TRUE,-0.00693937955281738,0.306104074116358,-0.0077906439249209,0.247854834626884
"distancia_media_ponderada","WBGT","WBGT_cen","44",TRUE,-0.0064688085678769,0.345978616401966,-0.0077906439249209,0.247854834626884
"distancia_media_ponderada","WBGT","WBGT_cen","45",TRUE,-0.0065188906114454,0.328305026657189,-0.0077906439249209,0.247854834626884
"distancia_media_ponderada","WBGT","WBGT_cen","46",TRUE,-0.00772141626222512,0.264674508244016,-0.0077906439249209,0.247854834626884
"distancia_media_ponderada","WBGT","WBGT_cen","48",TRUE,-0.00850056913905081,0.213546038715962,-0.0077906439249209,0.247854834626884
"distancia_media_ponderada","WBGT","WBGT_cen","49",TRUE,-0.00485540640911671,0.471619533330867,-0.0077906439249209,0.247854834626884
"distancia_media_ponderada","WBGT","WBGT_cen","52",TRUE,-0.007539477884361,0.270872948638537,-0.0077906439249209,0.247854834626884
"distancia_media_ponderada","WBGT","WBGT_cen","53",TRUE,-0.00817121657277413,0.230781138944822,-0.0077906439249209,0.247854834626884
"distancia_media_ponderada","WBGT","WBGT_cen","54",TRUE,-0.00863656150157962,0.205883257527515,-0.0077906439249209,0.247854834626884
"distancia_media_ponderada","WBGT","WBGT_cen","55",TRUE,-0.00756833665948829,0.269123083311968,-0.0077906439249209,0.247854834626884
"distancia_media_ponderada","WBGT","WBGT_cen","56",TRUE,-0.00791308143937638,0.247388673125086,-0.0077906439249209,0.247854834626884
"distancia_media_ponderada","WBGT","WBGT_cen","58",TRUE,-0.00726852184000446,0.280863173225198,-0.0077906439249209,0.247854834626884
"distancia_media_ponderada","WBGT","WBGT_cen","60",FALSE,-0.0126367953421019,0.0714860449604888,-0.0077906439249209,0.247854834626884
"distancia_media_ponderada","WBGT","WBGT_cen","61",TRUE,-0.00792324019089534,0.244332132229014,-0.0077906439249209,0.247854834626884
"distancia_media_ponderada","WBGT","WBGT_cen","62",TRUE,-0.00747744548600827,0.262874752536356,-0.0077906439249209,0.247854834626884
"distancia_media_ponderada","WBGT","WBGT_cen","63",TRUE,-0.00755120207593584,0.273834854327,-0.0077906439249209,0.247854834626884
"distancia_media_ponderada","WBGT","WBGT_cen","66",TRUE,-0.00709776570854614,0.294373770468577,-0.0077906439249209,0.247854834626884
"distancia_media_ponderada","WBGT","WBGT_cen","67",TRUE,-0.00851711924584945,0.200947295854608,-0.0077906439249209,0.247854834626884
"distancia_media_ponderada","WBGT","WBGT_cen","68",TRUE,-0.00810782804332669,0.236053597194724,-0.0077906439249209,0.247854834626884
"distancia_media_ponderada","WBGT","WBGT_cen","69",TRUE,-0.00665891659772308,0.323764418827926,-0.0077906439249209,0.247854834626884
"distancia_media_ponderada","WBGT","WBGT_cen","71",TRUE,-0.0070592660600902,0.311020603252296,-0.0077906439249209,0.247854834626884
"distancia_media_ponderada","WBGT","WBGT_cen","74",TRUE,-0.00788563535886156,0.226945672337966,-0.0077906439249209,0.247854834626884
"distancia_media_ponderada","WBGT","WBGT_cen","75",TRUE,-0.00780783328276788,0.240444342203246,-0.0077906439249209,0.247854834626884
"distancia_media_ponderada","WBGT","WBGT_cen","77",TRUE,-0.0079713166837952,0.241779352550533,-0.0077906439249209,0.247854834626884
"distancia_media_ponderada","WBGT","WBGT_cen","79",TRUE,-0.00667633929285717,0.337107335880667,-0.0077906439249209,0.247854834626884
"distancia_media_ponderada","WBGT","WBGT_cen","81",TRUE,-0.00709777101390231,0.293939998108807,-0.0077906439249209,0.247854834626884
"distancia_media_ponderada","WBGT","WBGT_cen","82",TRUE,-0.0119244218035192,0.0851738291918223,-0.0077906439249209,0.247854834626884
"distancia_media_ponderada","WBGT","WBGT_cen","83",TRUE,-0.00856328832739827,0.211364294788241,-0.0077906439249209,0.247854834626884
"distancia_media_ponderada","WBGT","WBGT_cen","86",TRUE,-0.00707706612693487,0.293395580269619,-0.0077906439249209,0.247854834626884
"distancia_media_ponderada","WBGT","WBGT_cen","87",TRUE,-0.00726333124198105,0.293189637179294,-0.0077906439249209,0.247854834626884
"distancia_media_ponderada","WBGT","WBGT_cen","89",TRUE,-0.0103713202835592,0.126929270581313,-0.0077906439249209,0.247854834626884
"distancia_media_ponderada","WBGT","WBGT_cen","91",TRUE,-0.00721929886439011,0.270896717864127,-0.0077906439249209,0.247854834626884
"distancia_media_ponderada","WBGT","WBGT_cen","92",TRUE,-0.00638242009219635,0.339996083113172,-0.0077906439249209,0.247854834626884
"distancia_media_ponderada","WBGT","WBGT_cen","94",TRUE,-0.00771878037507214,0.255532437520654,-0.0077906439249209,0.247854834626884
"distancia_media_ponderada","WBGT","WBGT_cen","97",TRUE,-0.00791634061616143,0.246028534527891,-0.0077906439249209,0.247854834626884
"distancia_media_ponderada","WBGT","WBGT_cen","99",TRUE,-0.00700341320757346,0.312964057120314,-0.0077906439249209,0.247854834626884
"distancia_media_ponderada","WBGT","WBGT_cen","100",TRUE,-0.00764860954151448,0.258994659476192,-0.0077906439249209,0.247854834626884
"distancia_media_ponderada","WBGT","WBGT_cen","103",TRUE,-0.00756085803323254,0.261370043086676,-0.0077906439249209,0.247854834626884
"distancia_media_ponderada","WBGT","WBGT_cen","104",TRUE,-0.00793654181768341,0.238555821793396,-0.0077906439249209,0.247854834626884
"distancia_media_ponderada","Ta_RH_Rad","Ta_cen","1",TRUE,-0.00513415038975791,0.405137383650742,-0.00619246673915759,0.315284874030613
"distancia_media_ponderada","Ta_RH_Rad","RH_cen","1",TRUE,-8.07593085326398e-05,0.96585660836386,-0.000229798107656117,0.903782141631301
"distancia_media_ponderada","Ta_RH_Rad","RAD_cen","1",TRUE,0.0120613160371917,0.493445592631936,0.00534365642266638,0.756241447290162
"distancia_media_ponderada","Ta_RH_Rad","Ta_cen","2",TRUE,-0.00724081470661671,0.240581665604267,-0.00619246673915759,0.315284874030613
"distancia_media_ponderada","Ta_RH_Rad","RH_cen","2",TRUE,-1.55862587112389e-05,0.993456386401658,-0.000229798107656117,0.903782141631301
"distancia_media_ponderada","Ta_RH_Rad","RAD_cen","2",TRUE,0.00761015894072458,0.658312734429533,0.00534365642266638,0.756241447290162
"distancia_media_ponderada","Ta_RH_Rad","Ta_cen","3",TRUE,-0.00600365679737063,0.312945699901298,-0.00619246673915759,0.315284874030613
"distancia_media_ponderada","Ta_RH_Rad","RH_cen","3",TRUE,-7.67759042059669e-05,0.966826334435235,-0.000229798107656117,0.903782141631301
"distancia_media_ponderada","Ta_RH_Rad","RAD_cen","3",TRUE,0.00550411081122173,0.738684321367489,0.00534365642266638,0.756241447290162
"distancia_media_ponderada","Ta_RH_Rad","Ta_cen","5",TRUE,-0.00574953202818083,0.345503279312156,-0.00619246673915759,0.315284874030613
"distancia_media_ponderada","Ta_RH_Rad","RH_cen","5",TRUE,5.69953487162618e-06,0.99756314585896,-0.000229798107656117,0.903782141631301
"distancia_media_ponderada","Ta_RH_Rad","RAD_cen","5",TRUE,0.00711574133197507,0.673400384187232,0.00534365642266638,0.756241447290162
"distancia_media_ponderada","Ta_RH_Rad","Ta_cen","7",TRUE,-0.00591922856957801,0.344704108650728,-0.00619246673915759,0.315284874030613
"distancia_media_ponderada","Ta_RH_Rad","RH_cen","7",TRUE,-0.000302400874428826,0.874567138510641,-0.000229798107656117,0.903782141631301
"distancia_media_ponderada","Ta_RH_Rad","RAD_cen","7",TRUE,0.00538421363095711,0.757142020479594,0.00534365642266638,0.756241447290162
"distancia_media_ponderada","Ta_RH_Rad","Ta_cen","8",TRUE,-0.00644121234955516,0.29763912959881,-0.00619246673915759,0.315284874030613
"distancia_media_ponderada","Ta_RH_Rad","RH_cen","8",TRUE,-0.00041891293424214,0.825120874430499,-0.000229798107656117,0.903782141631301
"distancia_media_ponderada","Ta_RH_Rad","RAD_cen","8",TRUE,-0.000267422936932393,0.988139311804526,0.00534365642266638,0.756241447290162
"distancia_media_ponderada","Ta_RH_Rad","Ta_cen","9",TRUE,-0.00636274044440627,0.312336936002335,-0.00619246673915759,0.315284874030613
"distancia_media_ponderada","Ta_RH_Rad","RH_cen","9",TRUE,-0.000241664332497743,0.900881279632699,-0.000229798107656117,0.903782141631301
"distancia_media_ponderada","Ta_RH_Rad","RAD_cen","9",TRUE,0.00498592488534798,0.776310616586891,0.00534365642266638,0.756241447290162
"distancia_media_ponderada","Ta_RH_Rad","Ta_cen","12",TRUE,-0.00676081170169439,0.285249700564032,-0.00619246673915759,0.315284874030613
"distancia_media_ponderada","Ta_RH_Rad","RH_cen","12",TRUE,-0.000430161063679615,0.824653215292144,-0.000229798107656117,0.903782141631301
"distancia_media_ponderada","Ta_RH_Rad","RAD_cen","12",TRUE,0.00462161914301442,0.791356470093852,0.00534365642266638,0.756241447290162
"distancia_media_ponderada","Ta_RH_Rad","Ta_cen","13",TRUE,-0.00670586098603866,0.282399946315367,-0.00619246673915759,0.315284874030613
"distancia_media_ponderada","Ta_RH_Rad","RH_cen","13",TRUE,-0.000388163861478273,0.837474580194274,-0.000229798107656117,0.903782141631301
"distancia_media_ponderada","Ta_RH_Rad","RAD_cen","13",TRUE,0.00477488905260396,0.781184912639904,0.00534365642266638,0.756241447290162
"distancia_media_ponderada","Ta_RH_Rad","Ta_cen","16",TRUE,-0.00682770720306984,0.27328351898609,-0.00619246673915759,0.315284874030613
"distancia_media_ponderada","Ta_RH_Rad","RH_cen","16",TRUE,-0.000356750676420417,0.852493206474931,-0.000229798107656117,0.903782141631301
"distancia_media_ponderada","Ta_RH_Rad","RAD_cen","16",TRUE,0.000970175282844153,0.957371630870066,0.00534365642266638,0.756241447290162
"distancia_media_ponderada","Ta_RH_Rad","Ta_cen","17",TRUE,-0.00723117841345301,0.241062962627221,-0.00619246673915759,0.315284874030613
"distancia_media_ponderada","Ta_RH_Rad","RH_cen","17",TRUE,-0.000547215095584389,0.774452595697896,-0.000229798107656117,0.903782141631301
"distancia_media_ponderada","Ta_RH_Rad","RAD_cen","17",TRUE,0.0104995215738272,0.544253337767705,0.00534365642266638,0.756241447290162
"distancia_media_ponderada","Ta_RH_Rad","Ta_cen","18",TRUE,-0.00536954902617315,0.393898131309091,-0.00619246673915759,0.315284874030613
"distancia_media_ponderada","Ta_RH_Rad","RH_cen","18",TRUE,0.000522214563799243,0.804605656352233,-0.000229798107656117,0.903782141631301
"distancia_media_ponderada","Ta_RH_Rad","RAD_cen","18",TRUE,0.00625034580950708,0.719139130982467,0.00534365642266638,0.756241447290162
"distancia_media_ponderada","Ta_RH_Rad","Ta_cen","19",TRUE,-0.00632735192021529,0.305100744569474,-0.00619246673915759,0.315284874030613
"distancia_media_ponderada","Ta_RH_Rad","RH_cen","19",TRUE,-2.86564574527656e-05,0.988173726800065,-0.000229798107656117,0.903782141631301
"distancia_media_ponderada","Ta_RH_Rad","RAD_cen","19",TRUE,0.00575805543392006,0.737033172019918,0.00534365642266638,0.756241447290162
"distancia_media_ponderada","Ta_RH_Rad","Ta_cen","20",TRUE,-0.0067863521735609,0.283257364146683,-0.00619246673915759,0.315284874030613
"distancia_media_ponderada","Ta_RH_Rad","RH_cen","20",TRUE,-0.000272943040302697,0.886551969916869,-0.000229798107656117,0.903782141631301
"distancia_media_ponderada","Ta_RH_Rad","RAD_cen","20",TRUE,0.00536355673836992,0.757279033993278,0.00534365642266638,0.756241447290162
"distancia_media_ponderada","Ta_RH_Rad","Ta_cen","21",TRUE,-0.00629263568953729,0.326046766092806,-0.00619246673915759,0.315284874030613
"distancia_media_ponderada","Ta_RH_Rad","RH_cen","21",TRUE,-0.000242813883871897,0.899478770245861,-0.000229798107656117,0.903782141631301
"distancia_media_ponderada","Ta_RH_Rad","RAD_cen","21",TRUE,0.00505043598789433,0.772156988845834,0.00534365642266638,0.756241447290162
"distancia_media_ponderada","Ta_RH_Rad","Ta_cen","24",TRUE,-0.00644040125290367,0.306458420966431,-0.00619246673915759,0.315284874030613
"distancia_media_ponderada","Ta_RH_Rad","RH_cen","24",TRUE,-0.000274778942520348,0.886214219428167,-0.000229798107656117,0.903782141631301
"distancia_media_ponderada","Ta_RH_Rad","RAD_cen","24",TRUE,0.00500683963009393,0.774037666724146,0.00534365642266638,0.756241447290162
"distancia_media_ponderada","Ta_RH_Rad","Ta_cen","28",TRUE,-0.00569114638023293,0.366068365606955,-0.00619246673915759,0.315284874030613
"distancia_media_ponderada","Ta_RH_Rad","RH_cen","28",TRUE,-0.000257441012430263,0.893797587529647,-0.000229798107656117,0.903782141631301
"distancia_media_ponderada","Ta_RH_Rad","RAD_cen","28",TRUE,0.00418270629979875,0.811651211778924,0.00534365642266638,0.756241447290162
"distancia_media_ponderada","Ta_RH_Rad","Ta_cen","29",TRUE,-0.00628475431089937,0.315335216393886,-0.00619246673915759,0.315284874030613
"distancia_media_ponderada","Ta_RH_Rad","RH_cen","29",TRUE,-0.000129699897132355,0.948701448561416,-0.000229798107656117,0.903782141631301
"distancia_media_ponderada","Ta_RH_Rad","RAD_cen","29",TRUE,0.00580070850624302,0.742748873062634,0.00534365642266638,0.756241447290162
"distancia_media_ponderada","Ta_RH_Rad","Ta_cen","30",TRUE,-0.00685517577904836,0.270698549096019,-0.00619246673915759,0.315284874030613
"distancia_media_ponderada","Ta_RH_Rad","RH_cen","30",TRUE,-0.000673246483473441,0.728894211540437,-0.000229798107656117,0.903782141631301
"distancia_media_ponderada","Ta_RH_Rad","RAD_cen","30",TRUE,0.00451791348656779,0.794016808952708,0.00534365642266638,0.756241447290162
"distancia_media_ponderada","Ta_RH_Rad","Ta_cen","31",TRUE,-0.00656049068732088,0.29051988170496,-0.00619246673915759,0.315284874030613
"distancia_media_ponderada","Ta_RH_Rad","RH_cen","31",TRUE,-0.000368050595849613,0.850318241324748,-0.000229798107656117,0.903782141631301
"distancia_media_ponderada","Ta_RH_Rad","RAD_cen","31",TRUE,0.00343779083841435,0.847675522341073,0.00534365642266638,0.756241447290162
"distancia_media_ponderada","Ta_RH_Rad","Ta_cen","32",TRUE,-0.00596068271346333,0.328975958950309,-0.00619246673915759,0.315284874030613
"distancia_media_ponderada","Ta_RH_Rad","RH_cen","32",TRUE,-0.000498190766541588,0.794427127937895,-0.000229798107656117,0.903782141631301
"distancia_media_ponderada","Ta_RH_Rad","RAD_cen","32",TRUE,0.000858512401847286,0.962499909865087,0.00534365642266638,0.756241447290162
"distancia_media_ponderada","Ta_RH_Rad","Ta_cen","33",TRUE,-0.00727190208556475,0.253163745122033,-0.00619246673915759,0.315284874030613
"distancia_media_ponderada","Ta_RH_Rad","RH_cen","33",TRUE,-0.000332206051210508,0.863504666793087,-0.000229798107656117,0.903782141631301
"distancia_media_ponderada","Ta_RH_Rad","RAD_cen","33",TRUE,0.00538092733218249,0.75790336273579,0.00534365642266638,0.756241447290162
"distancia_media_ponderada","Ta_RH_Rad","Ta_cen","34",TRUE,-0.00655242872833844,0.286551874375684,-0.00619246673915759,0.315284874030613
"distancia_media_ponderada","Ta_RH_Rad","RH_cen","34",TRUE,-0.000386932545173523,0.838109608398862,-0.000229798107656117,0.903782141631301
"distancia_media_ponderada","Ta_RH_Rad","RAD_cen","34",TRUE,0.00404729340802117,0.813427845506139,0.00534365642266638,0.756241447290162
"distancia_media_ponderada","Ta_RH_Rad","Ta_cen","36",TRUE,-0.00610248376122603,0.330289318120671,-0.00619246673915759,0.315284874030613
"distancia_media_ponderada","Ta_RH_Rad","RH_cen","36",TRUE,-0.000195758549107511,0.919599856520229,-0.000229798107656117,0.903782141631301
"distancia_media_ponderada","Ta_RH_Rad","RAD_cen","36",TRUE,0.00503045250791077,0.773201080926812,0.00534365642266638,0.756241447290162
"distancia_media_ponderada","Ta_RH_Rad","Ta_cen","37",TRUE,-0.00748071954178285,0.228130827228486,-0.00619246673915759,0.315284874030613
"distancia_media_ponderada","Ta_RH_Rad","RH_cen","37",TRUE,-0.000743374921477076,0.690641626679027,-0.000229798107656117,0.903782141631301
"distancia_media_ponderada","Ta_RH_Rad","RAD_cen","37",TRUE,0.00239703475303373,0.888342456112243,0.00534365642266638,0.756241447290162
"distancia_media_ponderada","Ta_RH_Rad","Ta_cen","41",TRUE,-0.00598645720116669,0.330953500632703,-0.00619246673915759,0.315284874030613
"distancia_media_ponderada","Ta_RH_Rad","RH_cen","41",TRUE,-0.00118636164275878,0.549777604492135,-0.000229798107656117,0.903782141631301
"distancia_media_ponderada","Ta_RH_Rad","RAD_cen","41",TRUE,0.000634173470441663,0.970933889445089,0.00534365642266638,0.756241447290162
"distancia_media_ponderada","Ta_RH_Rad","Ta_cen","42",TRUE,-0.00547892118625591,0.378938650004679,-0.00619246673915759,0.315284874030613
"distancia_media_ponderada","Ta_RH_Rad","RH_cen","42",TRUE,5.78049962693969e-05,0.975726592440011,-0.000229798107656117,0.903782141631301
"distancia_media_ponderada","Ta_RH_Rad","RAD_cen","42",TRUE,0.000992997211958034,0.955010547311943,0.00534365642266638,0.756241447290162
"distancia_media_ponderada","Ta_RH_Rad","Ta_cen","44",TRUE,-0.00491511955221279,0.43813468655295,-0.00619246673915759,0.315284874030613
"distancia_media_ponderada","Ta_RH_Rad","RH_cen","44",TRUE,-0.000172976868451996,0.927617907248656,-0.000229798107656117,0.903782141631301
"distancia_media_ponderada","Ta_RH_Rad","RAD_cen","44",TRUE,0.00569600226009988,0.741812797562811,0.00534365642266638,0.756241447290162
"distancia_media_ponderada","Ta_RH_Rad","Ta_cen","45",TRUE,-0.00489413582560699,0.420321077164788,-0.00619246673915759,0.315284874030613
"distancia_media_ponderada","Ta_RH_Rad","RH_cen","45",TRUE,-0.000517988465798735,0.778036677402345,-0.000229798107656117,0.903782141631301
"distancia_media_ponderada","Ta_RH_Rad","RAD_cen","45",TRUE,0.00887451292536109,0.596410448209294,0.00534365642266638,0.756241447290162
"distancia_media_ponderada","Ta_RH_Rad","Ta_cen","46",TRUE,-0.00606589514261387,0.336281302759357,-0.00619246673915759,0.315284874030613
"distancia_media_ponderada","Ta_RH_Rad","RH_cen","46",TRUE,-0.000128907980168994,0.948902989379844,-0.000229798107656117,0.903782141631301
"distancia_media_ponderada","Ta_RH_Rad","RAD_cen","46",TRUE,0.00525029226758107,0.764682109176256,0.00534365642266638,0.756241447290162
"distancia_media_ponderada","Ta_RH_Rad","Ta_cen","48",TRUE,-0.00689715711605247,0.271014027819364,-0.00619246673915759,0.315284874030613
"distancia_media_ponderada","Ta_RH_Rad","RH_cen","48",TRUE,-0.000105448252418091,0.956686305337857,-0.000229798107656117,0.903782141631301
"distancia_media_ponderada","Ta_RH_Rad","RAD_cen","48",TRUE,0.0068684648506148,0.696758810235785,0.00534365642266638,0.756241447290162
"distancia_media_ponderada","Ta_RH_Rad","Ta_cen","49",TRUE,-0.00392962183731989,0.520741631519014,-0.00619246673915759,0.315284874030613
"distancia_media_ponderada","Ta_RH_Rad","RH_cen","49",TRUE,0.000643862018153484,0.727910366779479,-0.000229798107656117,0.903782141631301
"distancia_media_ponderada","Ta_RH_Rad","RAD_cen","49",TRUE,0.0085815832707143,0.608178855652131,0.00534365642266638,0.756241447290162
"distancia_media_ponderada","Ta_RH_Rad","Ta_cen","52",TRUE,-0.00596354519666781,0.3394977781124,-0.00619246673915759,0.315284874030613
"distancia_media_ponderada","Ta_RH_Rad","RH_cen","52",TRUE,-0.000208538242583678,0.912918870870482,-0.000229798107656117,0.903782141631301
"distancia_media_ponderada","Ta_RH_Rad","RAD_cen","52",TRUE,0.0089172003167218,0.616892506673478,0.00534365642266638,0.756241447290162
"distancia_media_ponderada","Ta_RH_Rad","Ta_cen","53",TRUE,-0.00649281711316433,0.297303988029021,-0.00619246673915759,0.315284874030613
"distancia_media_ponderada","Ta_RH_Rad","RH_cen","53",TRUE,-0.00019639314243208,0.917425633359163,-0.000229798107656117,0.903782141631301
"distancia_media_ponderada","Ta_RH_Rad","RAD_cen","53",TRUE,0.00573508600017356,0.738095591755216,0.00534365642266638,0.756241447290162
"distancia_media_ponderada","Ta_RH_Rad","Ta_cen","54",TRUE,-0.00704127613465904,0.259731741078815,-0.00619246673915759,0.315284874030613
"distancia_media_ponderada","Ta_RH_Rad","RH_cen","54",TRUE,-9.95125187164259e-05,0.958314190990626,-0.000229798107656117,0.903782141631301
"distancia_media_ponderada","Ta_RH_Rad","RAD_cen","54",TRUE,0.0078846871683635,0.649560462577468,0.00534365642266638,0.756241447290162
"distancia_media_ponderada","Ta_RH_Rad","Ta_cen","55",TRUE,-0.00553680159055043,0.380815912465619,-0.00619246673915759,0.315284874030613
"distancia_media_ponderada","Ta_RH_Rad","RH_cen","55",TRUE,-0.000868442556853646,0.660823022899996,-0.000229798107656117,0.903782141631301
"distancia_media_ponderada","Ta_RH_Rad","RAD_cen","55",TRUE,-0.00116017122687448,0.949366874597678,0.00534365642266638,0.756241447290162
"distancia_media_ponderada","Ta_RH_Rad","Ta_cen","56",TRUE,-0.00623853192344498,0.319441884803662,-0.00619246673915759,0.315284874030613
"distancia_media_ponderada","Ta_RH_Rad","RH_cen","56",TRUE,-0.00027526069631673,0.88729484511692,-0.000229798107656117,0.903782141631301
"distancia_media_ponderada","Ta_RH_Rad","RAD_cen","56",TRUE,0.00367408166800229,0.837895214121716,0.00534365642266638,0.756241447290162
"distancia_media_ponderada","Ta_RH_Rad","Ta_cen","58",TRUE,-0.00578308849796454,0.348696177346411,-0.00619246673915759,0.315284874030613
"distancia_media_ponderada","Ta_RH_Rad","RH_cen","58",TRUE,-0.000225006255896614,0.905360605599151,-0.000229798107656117,0.903782141631301
"distancia_media_ponderada","Ta_RH_Rad","RAD_cen","58",TRUE,0.00510790627088778,0.765993204419619,0.00534365642266638,0.756241447290162
"distancia_media_ponderada","Ta_RH_Rad","Ta_cen","60",FALSE,-0.0103123994717669,0.106975823954451,-0.00619246673915759,0.315284874030613
"distancia_media_ponderada","Ta_RH_Rad","RH_cen","60",FALSE,-0.00101646886715666,0.597609125903652,-0.000229798107656117,0.903782141631301
"distancia_media_ponderada","Ta_RH_Rad","RAD_cen","60",FALSE,-0.002950370072928,0.864304044671103,0.00534365642266638,0.756241447290162
"distancia_media_ponderada","Ta_RH_Rad","Ta_cen","61",TRUE,-0.00639154693439226,0.303790580255525,-0.00619246673915759,0.315284874030613
"distancia_media_ponderada","Ta_RH_Rad","RH_cen","61",TRUE,-9.22251572847611e-05,0.961851868307917,-0.000229798107656117,0.903782141631301
"distancia_media_ponderada","Ta_RH_Rad","RAD_cen","61",TRUE,0.00519712690919317,0.764718458857284,0.00534365642266638,0.756241447290162
"distancia_media_ponderada","Ta_RH_Rad","Ta_cen","62",TRUE,-0.0056891141006016,0.35329225016972,-0.00619246673915759,0.315284874030613
"distancia_media_ponderada","Ta_RH_Rad","RH_cen","62",TRUE,-0.000521946408876129,0.784573209718231,-0.000229798107656117,0.903782141631301
"distancia_media_ponderada","Ta_RH_Rad","RAD_cen","62",TRUE,0.00415440768268631,0.809705159621345,0.00534365642266638,0.756241447290162
"distancia_media_ponderada","Ta_RH_Rad","Ta_cen","63",TRUE,-0.0059236588530755,0.348138732472828,-0.00619246673915759,0.315284874030613
"distancia_media_ponderada","Ta_RH_Rad","RH_cen","63",TRUE,-0.000175093517831982,0.926788411845035,-0.000229798107656117,0.903782141631301
"distancia_media_ponderada","Ta_RH_Rad","RAD_cen","63",TRUE,0.00470226569363811,0.785040323559286,0.00534365642266638,0.756241447290162
"distancia_media_ponderada","Ta_RH_Rad","Ta_cen","66",TRUE,-0.00571074109625854,0.354632739827809,-0.00619246673915759,0.315284874030613
"distancia_media_ponderada","Ta_RH_Rad","RH_cen","66",TRUE,1.79371377820036e-06,0.999252899330897,-0.000229798107656117,0.903782141631301
"distancia_media_ponderada","Ta_RH_Rad","RAD_cen","66",TRUE,0.00693003359992195,0.688774476552992,0.00534365642266638,0.756241447290162
"distancia_media_ponderada","Ta_RH_Rad","Ta_cen","67",TRUE,-0.0068318060609333,0.260138240120875,-0.00619246673915759,0.315284874030613
"distancia_media_ponderada","Ta_RH_Rad","RH_cen","67",TRUE,-0.000431196320898091,0.819499169324292,-0.000229798107656117,0.903782141631301
"distancia_media_ponderada","Ta_RH_Rad","RAD_cen","67",TRUE,0.00881863956572864,0.609647691412793,0.00534365642266638,0.756241447290162
"distancia_media_ponderada","Ta_RH_Rad","Ta_cen","68",TRUE,-0.00642467887182609,0.304162109815157,-0.00619246673915759,0.315284874030613
"distancia_media_ponderada","Ta_RH_Rad","RH_cen","68",TRUE,-0.000204692595978535,0.9167951434734,-0.000229798107656117,0.903782141631301
"distancia_media_ponderada","Ta_RH_Rad","RAD_cen","68",TRUE,0.00307629843408332,0.86849561117232,0.00534365642266638,0.756241447290162
"distancia_media_ponderada","Ta_RH_Rad","Ta_cen","69",TRUE,-0.00520806863746502,0.398965294854157,-0.00619246673915759,0.315284874030613
"distancia_media_ponderada","Ta_RH_Rad","RH_cen","69",TRUE,0.000276635106632964,0.884985170401843,-0.000229798107656117,0.903782141631301
"distancia_media_ponderada","Ta_RH_Rad","RAD_cen","69",TRUE,0.00746614578612507,0.659805872208588,0.00534365642266638,0.756241447290162
"distancia_media_ponderada","Ta_RH_Rad","Ta_cen","71",TRUE,-0.00552112845736643,0.383041291575186,-0.00619246673915759,0.315284874030613
"distancia_media_ponderada","Ta_RH_Rad","RH_cen","71",TRUE,1.90171095015866e-05,0.99227109700856,-0.000229798107656117,0.903782141631301
"distancia_media_ponderada","Ta_RH_Rad","RAD_cen","71",TRUE,0.0057426323224837,0.741801377359594,0.00534365642266638,0.756241447290162
"distancia_media_ponderada","Ta_RH_Rad","Ta_cen","74",TRUE,-0.00657602166378706,0.269882348118572,-0.00619246673915759,0.315284874030613
"distancia_media_ponderada","Ta_RH_Rad","RH_cen","74",TRUE,0.000365411594346224,0.842651376487103,-0.000229798107656117,0.903782141631301
"distancia_media_ponderada","Ta_RH_Rad","RAD_cen","74",TRUE,0.0105713934717485,0.516614833631906,0.00534365642266638,0.756241447290162
"distancia_media_ponderada","Ta_RH_Rad","Ta_cen","75",TRUE,-0.00631885377832082,0.29866005411476,-0.00619246673915759,0.315284874030613
"distancia_media_ponderada","Ta_RH_Rad","RH_cen","75",TRUE,0.000136510111801854,0.942306875185956,-0.000229798107656117,0.903782141631301
"distancia_media_ponderada","Ta_RH_Rad","RAD_cen","75",TRUE,0.00738238761208239,0.663229146992984,0.00534365642266638,0.756241447290162
"distancia_media_ponderada","Ta_RH_Rad","Ta_cen","77",TRUE,-0.00644159758633466,0.300452450018192,-0.00619246673915759,0.315284874030613
"distancia_media_ponderada","Ta_RH_Rad","RH_cen","77",TRUE,-4.31987554419583e-06,0.99824705253827,-0.000229798107656117,0.903782141631301
"distancia_media_ponderada","Ta_RH_Rad","RAD_cen","77",TRUE,0.00701656746502637,0.692168902424227,0.00534365642266638,0.756241447290162
"distancia_media_ponderada","Ta_RH_Rad","Ta_cen","79",TRUE,-0.00520019019100644,0.414040100281711,-0.00619246673915759,0.315284874030613
"distancia_media_ponderada","Ta_RH_Rad","RH_cen","79",TRUE,-0.000246253962786434,0.897371192779952,-0.000229798107656117,0.903782141631301
"distancia_media_ponderada","Ta_RH_Rad","RAD_cen","79",TRUE,0.00500040697834582,0.772381834417473,0.00534365642266638,0.756241447290162
"distancia_media_ponderada","Ta_RH_Rad","Ta_cen","81",TRUE,-0.00552500939527641,0.370381790481268,-0.00619246673915759,0.315284874030613
"distancia_media_ponderada","Ta_RH_Rad","RH_cen","81",TRUE,-9.37031811814348e-05,0.960416402345333,-0.000229798107656117,0.903782141631301
"distancia_media_ponderada","Ta_RH_Rad","RAD_cen","81",TRUE,0.00642564312494066,0.704406442984114,0.00534365642266638,0.756241447290162
"distancia_media_ponderada","Ta_RH_Rad","Ta_cen","82",TRUE,-0.0101670173751124,0.112879783490289,-0.00619246673915759,0.315284874030613
"distancia_media_ponderada","Ta_RH_Rad","RH_cen","82",TRUE,-0.00060085429473188,0.749675502869721,-0.000229798107656117,0.903782141631301
"distancia_media_ponderada","Ta_RH_Rad","RAD_cen","82",TRUE,0.00184513294941308,0.914587852995224,0.00534365642266638,0.756241447290162
"distancia_media_ponderada","Ta_RH_Rad","Ta_cen","83",TRUE,-0.00687268404706259,0.273682210443341,-0.00619246673915759,0.315284874030613
"distancia_media_ponderada","Ta_RH_Rad","RH_cen","83",TRUE,-0.000162815643960762,0.933196593892592,-0.000229798107656117,0.903782141631301
"distancia_media_ponderada","Ta_RH_Rad","RAD_cen","83",TRUE,0.00388896556081926,0.824520879329804,0.00534365642266638,0.756241447290162
"distancia_media_ponderada","Ta_RH_Rad","Ta_cen","86",TRUE,-0.00559287043785977,0.361239449535802,-0.00619246673915759,0.315284874030613
"distancia_media_ponderada","Ta_RH_Rad","RH_cen","86",TRUE,0.000414542880806867,0.83129192723749,-0.000229798107656117,0.903782141631301
"distancia_media_ponderada","Ta_RH_Rad","RAD_cen","86",TRUE,0.00958367937922983,0.579828761491482,0.00534365642266638,0.756241447290162
"distancia_media_ponderada","Ta_RH_Rad","Ta_cen","87",TRUE,-0.00568894427471394,0.366885790784686,-0.00619246673915759,0.315284874030613
"distancia_media_ponderada","Ta_RH_Rad","RH_cen","87",TRUE,-0.000252314175806831,0.89605082309498,-0.000229798107656117,0.903782141631301
"distancia_media_ponderada","Ta_RH_Rad","RAD_cen","87",TRUE,0.00507102147399605,0.771939131347893,0.00534365642266638,0.756241447290162
"distancia_media_ponderada","Ta_RH_Rad","Ta_cen","89",TRUE,-0.00970655528465429,0.123451411445096,-0.00619246673915759,0.315284874030613
"distancia_media_ponderada","Ta_RH_Rad","RH_cen","89",TRUE,0.000797657851746762,0.676002507273757,-0.000229798107656117,0.903782141631301
"distancia_media_ponderada","Ta_RH_Rad","RAD_cen","89",TRUE,0.0142147514070522,0.395097574151775,0.00534365642266638,0.756241447290162
"distancia_media_ponderada","Ta_RH_Rad","Ta_cen","91",TRUE,-0.00572279291890865,0.340086003320553,-0.00619246673915759,0.315284874030613
"distancia_media_ponderada","Ta_RH_Rad","RH_cen","91",TRUE,-0.000370962037751786,0.841442668548026,-0.000229798107656117,0.903782141631301
"distancia_media_ponderada","Ta_RH_Rad","RAD_cen","91",TRUE,0.00581478939412655,0.727602241326157,0.00534365642266638,0.756241447290162
"distancia_media_ponderada","Ta_RH_Rad","Ta_cen","92",TRUE,-0.00484609741155233,0.4310462570863,-0.00619246673915759,0.315284874030613
"distancia_media_ponderada","Ta_RH_Rad","RH_cen","92",TRUE,-0.000236049297939292,0.900277042693201,-0.000229798107656117,0.903782141631301
"distancia_media_ponderada","Ta_RH_Rad","RAD_cen","92",TRUE,0.00147005332772608,0.932799994653037,0.00534365642266638,0.756241447290162
"distancia_media_ponderada","Ta_RH_Rad","Ta_cen","94",TRUE,-0.00606680186593307,0.328366024445777,-0.00619246673915759,0.315284874030613
"distancia_media_ponderada","Ta_RH_Rad","RH_cen","94",TRUE,-0.000278599832647565,0.886564866456819,-0.000229798107656117,0.903782141631301
"distancia_media_ponderada","Ta_RH_Rad","RAD_cen","94",TRUE,0.00478472910682785,0.786935358117445,0.00534365642266638,0.756241447290162
"distancia_media_ponderada","Ta_RH_Rad","Ta_cen","97",TRUE,-0.00628438136798948,0.313353454943198,-0.00619246673915759,0.315284874030613
"distancia_media_ponderada","Ta_RH_Rad","RH_cen","97",TRUE,-0.000200191908137406,0.918691717195935,-0.000229798107656117,0.903782141631301
"distancia_media_ponderada","Ta_RH_Rad","RAD_cen","97",TRUE,0.00566968390721379,0.74621731053287,0.00534365642266638,0.756241447290162
"distancia_media_ponderada","Ta_RH_Rad","Ta_cen","99",TRUE,-0.00545033727078285,0.391446355833352,-0.00619246673915759,0.315284874030613
"distancia_media_ponderada","Ta_RH_Rad","RH_cen","99",TRUE,-3.22676821908293e-05,0.986685982704963,-0.000229798107656117,0.903782141631301
"distancia_media_ponderada","Ta_RH_Rad","RAD_cen","99",TRUE,0.00412492919570887,0.812084441759247,0.00534365642266638,0.756241447290162
"distancia_media_ponderada","Ta_RH_Rad","Ta_cen","100",TRUE,-0.00612690712374725,0.32311531476907,-0.00619246673915759,0.315284874030613
"distancia_media_ponderada","Ta_RH_Rad","RH_cen","100",TRUE,-0.00020215186190472,0.916142246863707,-0.000229798107656117,0.903782141631301
"distancia_media_ponderada","Ta_RH_Rad","RAD_cen","100",TRUE,0.00503478101387924,0.773007697418225,0.00534365642266638,0.756241447290162
"distancia_media_ponderada","Ta_RH_Rad","Ta_cen","103",TRUE,-0.00587544868428579,0.340763822005463,-0.00619246673915759,0.315284874030613
"distancia_media_ponderada","Ta_RH_Rad","RH_cen","103",TRUE,-0.000454099080715494,0.81334169731948,-0.000229798107656117,0.903782141631301
"distancia_media_ponderada","Ta_RH_Rad","RAD_cen","103",TRUE,0.00537285174285551,0.754723230884357,0.00534365642266638,0.756241447290162
"distancia_media_ponderada","Ta_RH_Rad","Ta_cen","104",TRUE,-0.00638710777920948,0.29724891878568,-0.00619246673915759,0.315284874030613
"distancia_media_ponderada","Ta_RH_Rad","RH_cen","104",TRUE,-5.00557417901973e-05,0.978456233713776,-0.000229798107656117,0.903782141631301
"distancia_media_ponderada","Ta_RH_Rad","RAD_cen","104",TRUE,0.00768130155859281,0.645668292554951,0.00534365642266638,0.756241447290162
