"dv","weather_spec","term","dropped_match","estimate","p","full_estimate","full_p"
"densidade_ponderada","WBGT","WBGT_cen","1",0.0233943423057006,0.365229275926968,0.026518817965451,0.298473915829526
"densidade_ponderada","WBGT","WBGT_cen","2",0.0294570676356897,0.253394134400125,0.026518817965451,0.298473915829526
"densidade_ponderada","WBGT","WBGT_cen","3",0.0246675033098401,0.327740690002304,0.026518817965451,0.298473915829526
"densidade_ponderada","WBGT","WBGT_cen","5",0.0229061590471915,0.364299095689434,0.026518817965451,0.298473915829526
"densidade_ponderada","WBGT","WBGT_cen","7",0.0261932966662453,0.307175201174544,0.026518817965451,0.298473915829526
"densidade_ponderada","WBGT","WBGT_cen","8",0.0267620356525372,0.29684901797933,0.026518817965451,0.298473915829526
"densidade_ponderada","WBGT","WBGT_cen","9",0.0268054189951824,0.299449037410306,0.026518817965451,0.298473915829526
"densidade_ponderada","WBGT","WBGT_cen","12",0.0317531196527074,0.219671220154846,0.026518817965451,0.298473915829526
"densidade_ponderada","WBGT","WBGT_cen","13",0.0272248463380389,0.293503106950389,0.026518817965451,0.298473915829526
"densidade_ponderada","WBGT","WBGT_cen","16",0.0288765464145548,0.262471212215261,0.026518817965451,0.298473915829526
"densidade_ponderada","WBGT","WBGT_cen","17",0.0301008992194743,0.242091578520639,0.026518817965451,0.298473915829526
"densidade_ponderada","WBGT","WBGT_cen","18",0.0243562209277785,0.34897868993268,0.026518817965451,0.298473915829526
"densidade_ponderada","WBGT","WBGT_cen","19",0.028024281815689,0.272845113585926,0.026518817965451,0.298473915829526
"densidade_ponderada","WBGT","WBGT_cen","20",0.0262950830594874,0.311829441684535,0.026518817965451,0.298473915829526
"densidade_ponderada","WBGT","WBGT_cen","21",0.0269626999538806,0.300183577214043,0.026518817965451,0.298473915829526
"densidade_ponderada","WBGT","WBGT_cen","24",0.027514128014474,0.287010169592785,0.026518817965451,0.298473915829526
"densidade_ponderada","WBGT","WBGT_cen","28",0.0260224748320427,0.313545973312492,0.026518817965451,0.298473915829526
"densidade_ponderada","WBGT","WBGT_cen","29",0.0261844853915763,0.310216946745631,0.026518817965451,0.298473915829526
"densidade_ponderada","WBGT","WBGT_cen","30",0.0294924125325995,0.252624334061302,0.026518817965451,0.298473915829526
"densidade_ponderada","WBGT","WBGT_cen","31",0.024966777910835,0.331217469228491,0.026518817965451,0.298473915829526
"densidade_ponderada","WBGT","WBGT_cen","32",0.0258084244216449,0.311984919620916,0.026518817965451,0.298473915829526
"densidade_ponderada","WBGT","WBGT_cen","33",0.0291907346932363,0.261951371299706,0.026518817965451,0.298473915829526
"densidade_ponderada","WBGT","WBGT_cen","34",0.0264733858930828,0.303073743730319,0.026518817965451,0.298473915829526
"densidade_ponderada","WBGT","WBGT_cen","36",0.0256464799685113,0.320330017624955,0.026518817965451,0.298473915829526
"densidade_ponderada","WBGT","WBGT_cen","37",0.0323944694533144,0.209494905150578,0.026518817965451,0.298473915829526
"densidade_ponderada","WBGT","WBGT_cen","41",0.0257140909748341,0.312874340847706,0.026518817965451,0.298473915829526
"densidade_ponderada","WBGT","WBGT_cen","42",0.0236181304093846,0.354024781501436,0.026518817965451,0.298473915829526
"densidade_ponderada","WBGT","WBGT_cen","44",0.0229575908608403,0.380111902533141,0.026518817965451,0.298473915829526
"densidade_ponderada","WBGT","WBGT_cen","45",0.0252727183451647,0.324587749043663,0.026518817965451,0.298473915829526
"densidade_ponderada","WBGT","WBGT_cen","46",0.0263194087257424,0.310806374379477,0.026518817965451,0.298473915829526
"densidade_ponderada","WBGT","WBGT_cen","48",0.0273046105349545,0.291863234804051,0.026518817965451,0.298473915829526
"densidade_ponderada","WBGT","WBGT_cen","49",0.0177837208161359,0.492696985939294,0.026518817965451,0.298473915829526
"densidade_ponderada","WBGT","WBGT_cen","52",0.0256031989427082,0.31892818886289,0.026518817965451,0.298473915829526
"densidade_ponderada","WBGT","WBGT_cen","53",0.028265254566999,0.271087016713338,0.026518817965451,0.298473915829526
"densidade_ponderada","WBGT","WBGT_cen","54",0.0258997641917711,0.316358382605572,0.026518817965451,0.298473915829526
"densidade_ponderada","WBGT","WBGT_cen","55",0.0261367744337102,0.309062795638166,0.026518817965451,0.298473915829526
"densidade_ponderada","WBGT","WBGT_cen","56",0.0265517935867654,0.301375481127224,0.026518817965451,0.298473915829526
"densidade_ponderada","WBGT","WBGT_cen","58",0.0254764426492948,0.316853653596542,0.026518817965451,0.298473915829526
"densidade_ponderada","WBGT","WBGT_cen","60",0.0307484903321735,0.237185410749316,0.026518817965451,0.298473915829526
"densidade_ponderada","WBGT","WBGT_cen","61",0.0267230275178986,0.298516670733457,0.026518817965451,0.298473915829526
"densidade_ponderada","WBGT","WBGT_cen","62",0.0254740967256735,0.319585064816463,0.026518817965451,0.298473915829526
"densidade_ponderada","WBGT","WBGT_cen","63",0.0272751981830289,0.295810204552313,0.026518817965451,0.298473915829526
"densidade_ponderada","WBGT","WBGT_cen","66",0.0255775978421883,0.323530879048546,0.026518817965451,0.298473915829526
"densidade_ponderada","WBGT","WBGT_cen","67",0.027722668349359,0.279286776683548,0.026518817965451,0.298473915829526
"densidade_ponderada","WBGT","WBGT_cen","68",0.0272141425763279,0.283864268246105,0.026518817965451,0.298473915829526
"densidade_ponderada","WBGT","WBGT_cen","69",0.0217523517191323,0.395670874906215,0.026518817965451,0.298473915829526
"densidade_ponderada","WBGT","WBGT_cen","71",0.0255096972219977,0.326579579615378,0.026518817965451,0.298473915829526
"densidade_ponderada","WBGT","WBGT_cen","74",0.0276605579191545,0.276349618951456,0.026518817965451,0.298473915829526
"densidade_ponderada","WBGT","WBGT_cen","75",0.0245258564144842,0.317160933311215,0.026518817965451,0.298473915829526
"densidade_ponderada","WBGT","WBGT_cen","77",0.0270779861432838,0.292364751631349,0.026518817965451,0.298473915829526
"densidade_ponderada","WBGT","WBGT_cen","79",0.0210215297300591,0.421410397715115,0.026518817965451,0.298473915829526
"densidade_ponderada","WBGT","WBGT_cen","81",0.0223077233960936,0.385451270954086,0.026518817965451,0.298473915829526
"densidade_ponderada","WBGT","WBGT_cen","82",0.0425578631808502,0.106859956268667,0.026518817965451,0.298473915829526
"densidade_ponderada","WBGT","WBGT_cen","83",0.0288278743724947,0.261725285637287,0.026518817965451,0.298473915829526
"densidade_ponderada","WBGT","WBGT_cen","86",0.0228806288603928,0.368967457361874,0.026518817965451,0.298473915829526
"densidade_ponderada","WBGT","WBGT_cen","87",0.0285362296627196,0.270014170153863,0.026518817965451,0.298473915829526
"densidade_ponderada","WBGT","WBGT_cen","89",0.0370825004920199,0.153769716802762,0.026518817965451,0.298473915829526
"densidade_ponderada","WBGT","WBGT_cen","91",0.025701324648871,0.302483800060347,0.026518817965451,0.298473915829526
"densidade_ponderada","WBGT","WBGT_cen","92",0.0213784966316324,0.404976498884111,0.026518817965451,0.298473915829526
"densidade_ponderada","WBGT","WBGT_cen","94",0.0258412341392804,0.310367484712291,0.026518817965451,0.298473915829526
"densidade_ponderada","WBGT","WBGT_cen","97",0.0274395646225578,0.285602804518509,0.026518817965451,0.298473915829526
"densidade_ponderada","WBGT","WBGT_cen","99",0.0229070692088541,0.378579947155035,0.026518817965451,0.298473915829526
"densidade_ponderada","WBGT","WBGT_cen","100",0.02603767378253,0.310056663460181,0.026518817965451,0.298473915829526
"densidade_ponderada","WBGT","WBGT_cen","103",0.0266833912396299,0.302229554206405,0.026518817965451,0.298473915829526
"densidade_ponderada","WBGT","WBGT_cen","104",0.0302353527760407,0.225866359950678,0.026518817965451,0.298473915829526
"densidade_ponderada","Ta_RH_Rad","Ta_cen","1",0.0175433349758452,0.452885487440778,0.0205497067946109,0.374555229381662
"densidade_ponderada","Ta_RH_Rad","RH_cen","1",0.00403840304511554,0.578781259845069,0.00464701564123056,0.522136429553747
"densidade_ponderada","Ta_RH_Rad","RAD_cen","1",-0.026317912759,0.687275474187093,-0.00667744457913021,0.916059351922602
"densidade_ponderada","Ta_RH_Rad","Ta_cen","2",0.0230824156553117,0.324045967355674,0.0205497067946109,0.374555229381662
"densidade_ponderada","Ta_RH_Rad","RH_cen","2",0.00415763111125006,0.569572298667574,0.00464701564123056,0.522136429553747
"densidade_ponderada","Ta_RH_Rad","RAD_cen","2",-0.0119160125796498,0.852161054906487,-0.00667744457913021,0.916059351922602
"densidade_ponderada","Ta_RH_Rad","Ta_cen","3",0.0203285674677751,0.373726984692303,0.0205497067946109,0.374555229381662
"densidade_ponderada","Ta_RH_Rad","RH_cen","3",0.00428925857009107,0.54977412071796,0.00464701564123056,0.522136429553747
"densidade_ponderada","Ta_RH_Rad","RAD_cen","3",-0.00201099177945895,0.974341411839903,-0.00667744457913021,0.916059351922602
"densidade_ponderada","Ta_RH_Rad","Ta_cen","5",0.0176689071090313,0.440277763963605,0.0205497067946109,0.374555229381662
"densidade_ponderada","Ta_RH_Rad","RH_cen","5",0.00284378841573095,0.694381291653005,0.00464701564123056,0.522136429553747
"densidade_ponderada","Ta_RH_Rad","RAD_cen","5",-0.0191087396307003,0.761163132973418,-0.00667744457913021,0.916059351922602
"densidade_ponderada","Ta_RH_Rad","Ta_cen","7",0.019944365902516,0.391190380684419,0.0205497067946109,0.374555229381662
"densidade_ponderada","Ta_RH_Rad","RH_cen","7",0.00508139431622439,0.486562395655864,0.00464701564123056,0.522136429553747
"densidade_ponderada","Ta_RH_Rad","RAD_cen","7",-0.00620119129603918,0.922274623463134,-0.00667744457913021,0.916059351922602
"densidade_ponderada","Ta_RH_Rad","Ta_cen","8",0.0206776409408317,0.374541007561091,0.0205497067946109,0.374555229381662
"densidade_ponderada","Ta_RH_Rad","RH_cen","8",0.00472583042630963,0.517958594690288,0.00464701564123056,0.522136429553747
"densidade_ponderada","Ta_RH_Rad","RAD_cen","8",-0.00411823552244724,0.951038835697472,-0.00667744457913021,0.916059351922602
"densidade_ponderada","Ta_RH_Rad","Ta_cen","9",0.0208172476797422,0.374844004228968,0.0205497067946109,0.374555229381662
"densidade_ponderada","Ta_RH_Rad","RH_cen","9",0.00461951485642422,0.528937004602323,0.00464701564123056,0.522136429553747
"densidade_ponderada","Ta_RH_Rad","RAD_cen","9",-0.00683843946831881,0.914797813813867,-0.00667744457913021,0.916059351922602
"densidade_ponderada","Ta_RH_Rad","Ta_cen","12",0.0252536035391123,0.281486513547438,0.0205497067946109,0.374555229381662
"densidade_ponderada","Ta_RH_Rad","RH_cen","12",0.00615304584608749,0.402923711777635,0.00464701564123056,0.522136429553747
"densidade_ponderada","Ta_RH_Rad","RAD_cen","12",-0.00406356878993401,0.948944974938664,-0.00667744457913021,0.916059351922602
"densidade_ponderada","Ta_RH_Rad","Ta_cen","13",0.0210488218344265,0.370344718674389,0.0205497067946109,0.374555229381662
"densidade_ponderada","Ta_RH_Rad","RH_cen","13",0.00488478535342455,0.504315474548922,0.00464701564123056,0.522136429553747
"densidade_ponderada","Ta_RH_Rad","RAD_cen","13",-0.00560613780738852,0.929867568865025,-0.00667744457913021,0.916059351922602
"densidade_ponderada","Ta_RH_Rad","Ta_cen","16",0.022642653864418,0.333735747734062,0.0205497067946109,0.374555229381662
"densidade_ponderada","Ta_RH_Rad","RH_cen","16",0.00493119652465667,0.50019531385683,0.00464701564123056,0.522136429553747
"densidade_ponderada","Ta_RH_Rad","RAD_cen","16",0.0071538625987327,0.914374852339252,-0.00667744457913021,0.916059351922602
"densidade_ponderada","Ta_RH_Rad","Ta_cen","17",0.0236977127667674,0.308615959102143,0.0205497067946109,0.374555229381662
"densidade_ponderada","Ta_RH_Rad","RH_cen","17",0.00589931939828792,0.423003469272396,0.00464701564123056,0.522136429553747
"densidade_ponderada","Ta_RH_Rad","RAD_cen","17",-0.0187973608690242,0.768994242238354,-0.00667744457913021,0.916059351922602
"densidade_ponderada","Ta_RH_Rad","Ta_cen","18",0.01932651637125,0.411354932750144,0.0205497067946109,0.374555229381662
"densidade_ponderada","Ta_RH_Rad","RH_cen","18",0.00326842459811576,0.67980960150858,0.00464701564123056,0.522136429553747
"densidade_ponderada","Ta_RH_Rad","RAD_cen","18",-0.00884945405080178,0.89000687424692,-0.00667744457913021,0.916059351922602
"densidade_ponderada","Ta_RH_Rad","Ta_cen","19",0.0222680145523354,0.337429951916409,0.0205497067946109,0.374555229381662
"densidade_ponderada","Ta_RH_Rad","RH_cen","19",0.0047234390849144,0.518836514760436,0.00464701564123056,0.522136429553747
"densidade_ponderada","Ta_RH_Rad","RAD_cen","19",-0.00489239463775078,0.938708120560763,-0.00667744457913021,0.916059351922602
"densidade_ponderada","Ta_RH_Rad","Ta_cen","20",0.0202241975493117,0.392298807719791,0.0205497067946109,0.374555229381662
"densidade_ponderada","Ta_RH_Rad","RH_cen","20",0.00463455223602796,0.526750728843837,0.00464701564123056,0.522136429553747
"densidade_ponderada","Ta_RH_Rad","RAD_cen","20",-0.0068684537863376,0.914349291205146,-0.00667744457913021,0.916059351922602
"densidade_ponderada","Ta_RH_Rad","Ta_cen","21",0.0207115646717957,0.379512193064179,0.0205497067946109,0.374555229381662
"densidade_ponderada","Ta_RH_Rad","RH_cen","21",0.00451411261859309,0.537107050634986,0.00464701564123056,0.522136429553747
"densidade_ponderada","Ta_RH_Rad","RAD_cen","21",-0.00732313556382952,0.909031946005342,-0.00667744457913021,0.916059351922602
"densidade_ponderada","Ta_RH_Rad","Ta_cen","24",0.0212097047888632,0.365404893493022,0.0205497067946109,0.374555229381662
"densidade_ponderada","Ta_RH_Rad","RH_cen","24",0.00459734214624925,0.530048226643791,0.00464701564123056,0.522136429553747
"densidade_ponderada","Ta_RH_Rad","RAD_cen","24",-0.0062554922317166,0.921990133686315,-0.00667744457913021,0.916059351922602
"densidade_ponderada","Ta_RH_Rad","Ta_cen","28",0.0199744597919486,0.394318303465286,0.0205497067946109,0.374555229381662
"densidade_ponderada","Ta_RH_Rad","RH_cen","28",0.00458211302512403,0.530590400212481,0.00464701564123056,0.522136429553747
"densidade_ponderada","Ta_RH_Rad","RAD_cen","28",-0.00536256928938549,0.933226124023888,-0.00667744457913021,0.916059351922602
"densidade_ponderada","Ta_RH_Rad","Ta_cen","29",0.0205537887958333,0.378767224520769,0.0205497067946109,0.374555229381662
"densidade_ponderada","Ta_RH_Rad","RH_cen","29",0.00411317250175327,0.587336819981155,0.00464701564123056,0.522136429553747
"densidade_ponderada","Ta_RH_Rad","RAD_cen","29",-0.00895911510087269,0.889305762491062,-0.00667744457913021,0.916059351922602
"densidade_ponderada","Ta_RH_Rad","Ta_cen","30",0.0228613027645941,0.326761867450274,0.0205497067946109,0.374555229381662
"densidade_ponderada","Ta_RH_Rad","RH_cen","30",0.00632970189836851,0.396099575629501,0.00464701564123056,0.522136429553747
"densidade_ponderada","Ta_RH_Rad","RAD_cen","30",-0.00347563106279485,0.956447868328632,-0.00667744457913021,0.916059351922602
"densidade_ponderada","Ta_RH_Rad","Ta_cen","31",0.0187507716432073,0.422601757817785,0.0205497067946109,0.374555229381662
"densidade_ponderada","Ta_RH_Rad","RH_cen","31",0.00463624198287641,0.524301694331575,0.00464701564123056,0.522136429553747
"densidade_ponderada","Ta_RH_Rad","RAD_cen","31",-0.00607445149499318,0.923260651103051,-0.00667744457913021,0.916059351922602
"densidade_ponderada","Ta_RH_Rad","Ta_cen","32",0.019681877074543,0.395835851207112,0.0205497067946109,0.374555229381662
"densidade_ponderada","Ta_RH_Rad","RH_cen","32",0.00522209189811727,0.479475585802226,0.00464701564123056,0.522136429553747
"densidade_ponderada","Ta_RH_Rad","RAD_cen","32",0.00476709630492076,0.944499655703521,-0.00667744457913021,0.916059351922602
"densidade_ponderada","Ta_RH_Rad","Ta_cen","33",0.0230816713648599,0.328691331953658,0.0205497067946109,0.374555229381662
"densidade_ponderada","Ta_RH_Rad","RH_cen","33",0.0049808511243541,0.497472672298939,0.00464701564123056,0.522136429553747
"densidade_ponderada","Ta_RH_Rad","RAD_cen","33",-0.00684404093850882,0.914470484348698,-0.00667744457913021,0.916059351922602
"densidade_ponderada","Ta_RH_Rad","Ta_cen","34",0.0202624690856309,0.384873611086057,0.0205497067946109,0.374555229381662
"densidade_ponderada","Ta_RH_Rad","RH_cen","34",0.00485882137102909,0.505771673997548,0.00464701564123056,0.522136429553747
"densidade_ponderada","Ta_RH_Rad","RAD_cen","34",-0.00514679712190529,0.935545476359796,-0.00667744457913021,0.916059351922602
"densidade_ponderada","Ta_RH_Rad","Ta_cen","36",0.0198686479894625,0.396238441311967,0.0205497067946109,0.374555229381662
"densidade_ponderada","Ta_RH_Rad","RH_cen","36",0.00428882105017161,0.56117718607465,0.00464701564123056,0.522136429553747
"densidade_ponderada","Ta_RH_Rad","RAD_cen","36",-0.00738596981913196,0.907938565806636,-0.00667744457913021,0.916059351922602
"densidade_ponderada","Ta_RH_Rad","Ta_cen","37",0.0254502322859635,0.276479756631088,0.0205497067946109,0.374555229381662
"densidade_ponderada","Ta_RH_Rad","RH_cen","37",0.0063475965431591,0.384501961132388,0.00464701564123056,0.522136429553747
"densidade_ponderada","Ta_RH_Rad","RAD_cen","37",0.00355133968575023,0.955399625310154,-0.00667744457913021,0.916059351922602
"densidade_ponderada","Ta_RH_Rad","Ta_cen","41",0.0201272299684335,0.382250185591788,0.0205497067946109,0.374555229381662
"densidade_ponderada","Ta_RH_Rad","RH_cen","41",0.00820116962602099,0.278855992117953,0.00464701564123056,0.522136429553747
"densidade_ponderada","Ta_RH_Rad","RAD_cen","41",0.00891621300054025,0.888844334075526,-0.00667744457913021,0.916059351922602
"densidade_ponderada","Ta_RH_Rad","Ta_cen","42",0.0183435425729543,0.42785491969377,0.0205497067946109,0.374555229381662
"densidade_ponderada","Ta_RH_Rad","RH_cen","42",0.00361506795142684,0.617717165922061,0.00464701564123056,0.522136429553747
"densidade_ponderada","Ta_RH_Rad","RAD_cen","42",0.00899114902327892,0.888909691357002,-0.00667744457913021,0.916059351922602
"densidade_ponderada","Ta_RH_Rad","Ta_cen","44",0.0167368775550566,0.482539570609232,0.0205497067946109,0.374555229381662
"densidade_ponderada","Ta_RH_Rad","RH_cen","44",0.00452211542063469,0.534901367100631,0.00464701564123056,0.522136429553747
"densidade_ponderada","Ta_RH_Rad","RAD_cen","44",-0.00689450111113276,0.913739963527633,-0.00667744457913021,0.916059351922602
"densidade_ponderada","Ta_RH_Rad","Ta_cen","45",0.0189592245154761,0.415368112758161,0.0205497067946109,0.374555229381662
"densidade_ponderada","Ta_RH_Rad","RH_cen","45",0.00510170063854342,0.481958752778205,0.00464701564123056,0.522136429553747
"densidade_ponderada","Ta_RH_Rad","RAD_cen","45",-0.013436615674023,0.834430048832642,-0.00667744457913021,0.916059351922602
"densidade_ponderada","Ta_RH_Rad","Ta_cen","46",0.0206244525816553,0.3809417271141,0.0205497067946109,0.374555229381662
"densidade_ponderada","Ta_RH_Rad","RH_cen","46",0.00453406272599898,0.544971150107768,0.00464701564123056,0.522136429553747
"densidade_ponderada","Ta_RH_Rad","RAD_cen","46",-0.00675427340045607,0.915778376586184,-0.00667744457913021,0.916059351922602
"densidade_ponderada","Ta_RH_Rad","Ta_cen","48",0.0210489224378312,0.370708249149547,0.0205497067946109,0.374555229381662
"densidade_ponderada","Ta_RH_Rad","RH_cen","48",0.0046033028077359,0.532462659288192,0.00464701564123056,0.522136429553747
"densidade_ponderada","Ta_RH_Rad","RAD_cen","48",-0.00760428496494551,0.906045894530909,-0.00667744457913021,0.916059351922602
"densidade_ponderada","Ta_RH_Rad","Ta_cen","49",0.0137173965703355,0.557680431746813,0.0205497067946109,0.374555229381662
"densidade_ponderada","Ta_RH_Rad","RH_cen","49",0.00208123098436804,0.775947251069991,0.00464701564123056,0.522136429553747
"densidade_ponderada","Ta_RH_Rad","RAD_cen","49",-0.0180601316701113,0.775232634719209,-0.00667744457913021,0.916059351922602
"densidade_ponderada","Ta_RH_Rad","Ta_cen","52",0.0197721103447378,0.39593889006367,0.0205497067946109,0.374555229381662
"densidade_ponderada","Ta_RH_Rad","RH_cen","52",0.00434795223699897,0.550917534006395,0.00464701564123056,0.522136429553747
"densidade_ponderada","Ta_RH_Rad","RAD_cen","52",-0.0173185469431655,0.790497461326004,-0.00667744457913021,0.916059351922602
"densidade_ponderada","Ta_RH_Rad","Ta_cen","53",0.0219629596468108,0.345941505412579,0.0205497067946109,0.374555229381662
"densidade_ponderada","Ta_RH_Rad","RH_cen","53",0.00444903060896894,0.540672944781622,0.00464701564123056,0.522136429553747
"densidade_ponderada","Ta_RH_Rad","RAD_cen","53",-0.00837073100995753,0.895148584193808,-0.00667744457913021,0.916059351922602
"densidade_ponderada","Ta_RH_Rad","Ta_cen","54",0.0199730224858587,0.394246306149002,0.0205497067946109,0.374555229381662
"densidade_ponderada","Ta_RH_Rad","RH_cen","54",0.00450064527155547,0.537295718967612,0.00464701564123056,0.522136429553747
"densidade_ponderada","Ta_RH_Rad","RAD_cen","54",-0.00827025013763175,0.897121762283924,-0.00667744457913021,0.916059351922602
"densidade_ponderada","Ta_RH_Rad","Ta_cen","55",0.0196946941353608,0.398981853429952,0.0205497067946109,0.374555229381662
"densidade_ponderada","Ta_RH_Rad","RH_cen","55",0.00555863699196571,0.457038215428984,0.00464701564123056,0.522136429553747
"densidade_ponderada","Ta_RH_Rad","RAD_cen","55",0.00179352287936242,0.978134253491619,-0.00667744457913021,0.916059351922602
"densidade_ponderada","Ta_RH_Rad","Ta_cen","56",0.0207130694168386,0.374429232562522,0.0205497067946109,0.374555229381662
"densidade_ponderada","Ta_RH_Rad","RH_cen","56",0.0042651851401976,0.560289499079863,0.00464701564123056,0.522136429553747
"densidade_ponderada","Ta_RH_Rad","RAD_cen","56",-0.011019325198571,0.864699443870744,-0.00667744457913021,0.916059351922602
"densidade_ponderada","Ta_RH_Rad","Ta_cen","58",0.0195331778699281,0.397874811386293,0.0205497067946109,0.374555229381662
"densidade_ponderada","Ta_RH_Rad","RH_cen","58",0.00363041359154085,0.619202564762592,0.00464701564123056,0.522136429553747
"densidade_ponderada","Ta_RH_Rad","RAD_cen","58",-0.0100108694643598,0.874457284943441,-0.00667744457913021,0.916059351922602
"densidade_ponderada","Ta_RH_Rad","Ta_cen","60",0.0246390669425855,0.297654496146869,0.0205497067946109,0.374555229381662
"densidade_ponderada","Ta_RH_Rad","RH_cen","60",0.0050926965958489,0.484018516549674,0.00464701564123056,0.522136429553747
"densidade_ponderada","Ta_RH_Rad","RAD_cen","60",-0.00680322100207949,0.91498295279784,-0.00667744457913021,0.916059351922602
"densidade_ponderada","Ta_RH_Rad","Ta_cen","61",0.0208022821636178,0.372527086186078,0.0205497067946109,0.374555229381662
"densidade_ponderada","Ta_RH_Rad","RH_cen","61",0.00452119144940781,0.53727902401483,0.00464701564123056,0.522136429553747
"densidade_ponderada","Ta_RH_Rad","RAD_cen","61",-0.00701843928452205,0.912502137320559,-0.00667744457913021,0.916059351922602
"densidade_ponderada","Ta_RH_Rad","Ta_cen","62",0.0190151814312677,0.413207425975619,0.0205497067946109,0.374555229381662
"densidade_ponderada","Ta_RH_Rad","RH_cen","62",0.00531403573750866,0.467723632416961,0.00464701564123056,0.522136429553747
"densidade_ponderada","Ta_RH_Rad","RAD_cen","62",-0.00229196154416265,0.971328593683037,-0.00667744457913021,0.916059351922602
"densidade_ponderada","Ta_RH_Rad","Ta_cen","63",0.0207897211449734,0.379246727507082,0.0205497067946109,0.374555229381662
"densidade_ponderada","Ta_RH_Rad","RH_cen","63",0.00468276322588775,0.516709690907072,0.00464701564123056,0.522136429553747
"densidade_ponderada","Ta_RH_Rad","RAD_cen","63",-0.00277593799475484,0.96500146921409,-0.00667744457913021,0.916059351922602
"densidade_ponderada","Ta_RH_Rad","Ta_cen","66",0.0197692332745691,0.39960033953571,0.0205497067946109,0.374555229381662
"densidade_ponderada","Ta_RH_Rad","RH_cen","66",0.00407910898651669,0.57806623748039,0.00464701564123056,0.522136429553747
"densidade_ponderada","Ta_RH_Rad","RAD_cen","66",-0.00791837098210556,0.901558492613019,-0.00667744457913021,0.916059351922602
"densidade_ponderada","Ta_RH_Rad","Ta_cen","67",0.0216435720446613,0.351150125269672,0.0205497067946109,0.374555229381662
"densidade_ponderada","Ta_RH_Rad","RH_cen","67",0.00520180411359033,0.47713520412505,0.00464701564123056,0.522136429553747
"densidade_ponderada","Ta_RH_Rad","RAD_cen","67",-0.0155781759252751,0.810735135816358,-0.00667744457913021,0.916059351922602
"densidade_ponderada","Ta_RH_Rad","Ta_cen","68",0.0210754301569742,0.360755448668064,0.0205497067946109,0.374555229381662
"densidade_ponderada","Ta_RH_Rad","RH_cen","68",0.00471061429746601,0.517183065712293,0.00464701564123056,0.522136429553747
"densidade_ponderada","Ta_RH_Rad","RAD_cen","68",0.00450240587247366,0.944678949039068,-0.00667744457913021,0.916059351922602
"densidade_ponderada","Ta_RH_Rad","Ta_cen","69",0.0159792417791212,0.493635603037772,0.0205497067946109,0.374555229381662
"densidade_ponderada","Ta_RH_Rad","RH_cen","69",0.00269171293720842,0.712611243730031,0.00464701564123056,0.522136429553747
"densidade_ponderada","Ta_RH_Rad","RAD_cen","69",-0.011619323032563,0.852806959599914,-0.00667744457913021,0.916059351922602
"densidade_ponderada","Ta_RH_Rad","Ta_cen","71",0.0198008471922773,0.400021747538383,0.0205497067946109,0.374555229381662
"densidade_ponderada","Ta_RH_Rad","RH_cen","71",0.00437107047951292,0.5535245998911,0.00464701564123056,0.522136429553747
"densidade_ponderada","Ta_RH_Rad","RAD_cen","71",-0.00817386838636664,0.897884809050147,-0.00667744457913021,0.916059351922602
"densidade_ponderada","Ta_RH_Rad","Ta_cen","74",0.0217809747895129,0.345135674941947,0.0205497067946109,0.374555229381662
"densidade_ponderada","Ta_RH_Rad","RH_cen","74",0.00414785389495715,0.569558392622941,0.00464701564123056,0.522136429553747
"densidade_ponderada","Ta_RH_Rad","RAD_cen","74",-0.0102319226705108,0.871099448872596,-0.00667744457913021,0.916059351922602
"densidade_ponderada","Ta_RH_Rad","Ta_cen","75",0.0184606729121634,0.407142692903915,0.0205497067946109,0.374555229381662
"densidade_ponderada","Ta_RH_Rad","RH_cen","75",0.00449861689235051,0.516519455264066,0.00464701564123056,0.522136429553747
"densidade_ponderada","Ta_RH_Rad","RAD_cen","75",-0.00424001929296897,0.944391123015447,-0.00667744457913021,0.916059351922602
"densidade_ponderada","Ta_RH_Rad","Ta_cen","77",0.0210272655429892,0.367739911509827,0.0205497067946109,0.374555229381662
"densidade_ponderada","Ta_RH_Rad","RH_cen","77",0.00411239370538341,0.576800857365515,0.00464701564123056,0.522136429553747
"densidade_ponderada","Ta_RH_Rad","RAD_cen","77",-0.0101716884706178,0.873992852934697,-0.00667744457913021,0.916059351922602
"densidade_ponderada","Ta_RH_Rad","Ta_cen","79",0.0152241585985,0.52056081690486,0.0205497067946109,0.374555229381662
"densidade_ponderada","Ta_RH_Rad","RH_cen","79",0.00501258952557611,0.490594223058915,0.00464701564123056,0.522136429553747
"densidade_ponderada","Ta_RH_Rad","RAD_cen","79",-0.00307333610286034,0.961397270326401,-0.00667744457913021,0.916059351922602
"densidade_ponderada","Ta_RH_Rad","Ta_cen","81",0.0166574764001644,0.475375843025312,0.0205497067946109,0.374555229381662
"densidade_ponderada","Ta_RH_Rad","RH_cen","81",0.00415165344126838,0.564193377423772,0.00464701564123056,0.522136429553747
"densidade_ponderada","Ta_RH_Rad","RAD_cen","81",-0.0103009576195551,0.869410161325396,-0.00667744457913021,0.916059351922602
"densidade_ponderada","Ta_RH_Rad","Ta_cen","82",0.0358452388532477,0.1374371227587,0.0205497067946109,0.374555229381662
"densidade_ponderada","Ta_RH_Rad","RH_cen","82",0.00624069750269937,0.388136816124694,0.00464701564123056,0.522136429553747
"densidade_ponderada","Ta_RH_Rad","RAD_cen","82",0.00771805718559014,0.903057351749139,-0.00667744457913021,0.916059351922602
"densidade_ponderada","Ta_RH_Rad","Ta_cen","83",0.0223907427070612,0.336520309593806,0.0205497067946109,0.374555229381662
"densidade_ponderada","Ta_RH_Rad","RH_cen","83",0.00485237271451163,0.506480783570935,0.00464701564123056,0.522136429553747
"densidade_ponderada","Ta_RH_Rad","RAD_cen","83",-0.00255586692349081,0.968150748146177,-0.00667744457913021,0.916059351922602
"densidade_ponderada","Ta_RH_Rad","Ta_cen","86",0.0175310614359049,0.448079305985301,0.0205497067946109,0.374555229381662
"densidade_ponderada","Ta_RH_Rad","RH_cen","86",0.00198852625412102,0.78810410286463,0.00464701564123056,0.522136429553747
"densidade_ponderada","Ta_RH_Rad","RAD_cen","86",-0.0222194428786564,0.727648420692301,-0.00667744457913021,0.916059351922602
"densidade_ponderada","Ta_RH_Rad","Ta_cen","87",0.0218404225666068,0.351470980674018,0.0205497067946109,0.374555229381662
"densidade_ponderada","Ta_RH_Rad","RH_cen","87",0.00491182135731474,0.501012034076737,0.00464701564123056,0.522136429553747
"densidade_ponderada","Ta_RH_Rad","RAD_cen","87",-0.00357041058621417,0.955484897314533,-0.00667744457913021,0.916059351922602
"densidade_ponderada","Ta_RH_Rad","Ta_cen","89",0.0338821492263745,0.158699258032905,0.0205497067946109,0.374555229381662
"densidade_ponderada","Ta_RH_Rad","RH_cen","89",0.00099169565543069,0.896203629482568,0.00464701564123056,0.522136429553747
"densidade_ponderada","Ta_RH_Rad","RAD_cen","89",-0.0381990474831081,0.56017687782083,-0.00667744457913021,0.916059351922602
"densidade_ponderada","Ta_RH_Rad","Ta_cen","91",0.0198443579931893,0.379590331200261,0.0205497067946109,0.374555229381662
"densidade_ponderada","Ta_RH_Rad","RH_cen","91",0.00559715714545401,0.432530138493485,0.00464701564123056,0.522136429553747
"densidade_ponderada","Ta_RH_Rad","RAD_cen","91",-0.00604193561939891,0.922331554093417,-0.00667744457913021,0.916059351922602
"densidade_ponderada","Ta_RH_Rad","Ta_cen","92",0.0158225270668177,0.49612728568725,0.0205497067946109,0.374555229381662
"densidade_ponderada","Ta_RH_Rad","RH_cen","92",0.00456369491687561,0.522188484069256,0.00464701564123056,0.522136429553747
"densidade_ponderada","Ta_RH_Rad","RAD_cen","92",0.00639239009934546,0.919418695048496,-0.00667744457913021,0.916059351922602
"densidade_ponderada","Ta_RH_Rad","Ta_cen","94",0.0197741885910848,0.392312846896927,0.0205497067946109,0.374555229381662
"densidade_ponderada","Ta_RH_Rad","RH_cen","94",0.00470771230353987,0.519404817823372,0.00464701564123056,0.522136429553747
"densidade_ponderada","Ta_RH_Rad","RAD_cen","94",-0.00573782080499745,0.92802401662926,-0.00667744457913021,0.916059351922602
"densidade_ponderada","Ta_RH_Rad","Ta_cen","97",0.0212976688511115,0.360669742547225,0.0205497067946109,0.374555229381662
"densidade_ponderada","Ta_RH_Rad","RH_cen","97",0.00552965457681942,0.456193432130953,0.00464701564123056,0.522136429553747
"densidade_ponderada","Ta_RH_Rad","RAD_cen","97",-0.00323718588901123,0.959651550028636,-0.00667744457913021,0.916059351922602
"densidade_ponderada","Ta_RH_Rad","Ta_cen","99",0.0174594946096678,0.459688584688058,0.0205497067946109,0.374555229381662
"densidade_ponderada","Ta_RH_Rad","RH_cen","99",0.00390782608234364,0.595513865410871,0.00464701564123056,0.522136429553747
"densidade_ponderada","Ta_RH_Rad","RAD_cen","99",-0.00371537316386643,0.953559744853255,-0.00667744457913021,0.916059351922602
"densidade_ponderada","Ta_RH_Rad","Ta_cen","100",0.0202212588299452,0.384858012949833,0.0205497067946109,0.374555229381662
"densidade_ponderada","Ta_RH_Rad","RH_cen","100",0.00456833600349262,0.53153133090413,0.00464701564123056,0.522136429553747
"densidade_ponderada","Ta_RH_Rad","RAD_cen","100",-0.00728761722747424,0.908940330302937,-0.00667744457913021,0.916059351922602
"densidade_ponderada","Ta_RH_Rad","Ta_cen","103",0.0207737355607405,0.376461690875173,0.0205497067946109,0.374555229381662
"densidade_ponderada","Ta_RH_Rad","RH_cen","103",0.00502604207424777,0.500095041744222,0.00464701564123056,0.522136429553747
"densidade_ponderada","Ta_RH_Rad","RAD_cen","103",-0.00599375543519964,0.925497269703824,-0.00667744457913021,0.916059351922602
"densidade_ponderada","Ta_RH_Rad","Ta_cen","104",0.0239573947282689,0.289407068424981,0.0205497067946109,0.374555229381662
"densidade_ponderada","Ta_RH_Rad","RH_cen","104",0.0042296777543231,0.54877430321542,0.00464701564123056,0.522136429553747
"densidade_ponderada","Ta_RH_Rad","RAD_cen","104",-0.0209661142079807,0.737110954946038,-0.00667744457913021,0.916059351922602
"clustering_rede_ponderado","WBGT","WBGT_cen","1",0.00341588840402755,0.000327425658392025,0.00335964775601136,0.000339362644092432
"clustering_rede_ponderado","WBGT","WBGT_cen","2",0.00312160191406563,0.000945953373849399,0.00335964775601136,0.000339362644092432
"clustering_rede_ponderado","WBGT","WBGT_cen","3",0.00338257811233286,0.000332551900090832,0.00335964775601136,0.000339362644092432
"clustering_rede_ponderado","WBGT","WBGT_cen","5",0.00335215677819878,0.000406240327801409,0.00335964775601136,0.000339362644092432
"clustering_rede_ponderado","WBGT","WBGT_cen","7",0.00334998540416797,0.000318089464366989,0.00335964775601136,0.000339362644092432
"clustering_rede_ponderado","WBGT","WBGT_cen","8",0.00338479187641174,0.000331219594435512,0.00335964775601136,0.000339362644092432
"clustering_rede_ponderado","WBGT","WBGT_cen","9",0.00331492085369007,0.000475368289536561,0.00335964775601136,0.000339362644092432
"clustering_rede_ponderado","WBGT","WBGT_cen","12",0.00343981820042798,0.000256316851614835,0.00335964775601136,0.000339362644092432
"clustering_rede_ponderado","WBGT","WBGT_cen","13",0.00342832175003643,0.000343520971928967,0.00335964775601136,0.000339362644092432
"clustering_rede_ponderado","WBGT","WBGT_cen","16",0.0034129676496061,0.000307240329715989,0.00335964775601136,0.000339362644092432
"clustering_rede_ponderado","WBGT","WBGT_cen","17",0.00337036208333345,0.000415696969660372,0.00335964775601136,0.000339362644092432
"clustering_rede_ponderado","WBGT","WBGT_cen","18",0.00339106656651103,0.000380736146613782,0.00335964775601136,0.000339362644092432
"clustering_rede_ponderado","WBGT","WBGT_cen","19",0.00339406994787757,0.000243110696769778,0.00335964775601136,0.000339362644092432
"clustering_rede_ponderado","WBGT","WBGT_cen","20",0.00349625406958453,0.00022109366276873,0.00335964775601136,0.000339362644092432
"clustering_rede_ponderado","WBGT","WBGT_cen","21",0.00320926639269873,0.000735067347136469,0.00335964775601136,0.000339362644092432
"clustering_rede_ponderado","WBGT","WBGT_cen","24",0.00337711449247314,0.000395535880568262,0.00335964775601136,0.000339362644092432
"clustering_rede_ponderado","WBGT","WBGT_cen","28",0.00361729968348988,0.00010786005956306,0.00335964775601136,0.000339362644092432
"clustering_rede_ponderado","WBGT","WBGT_cen","29",0.00346377994709759,0.00024213167812909,0.00335964775601136,0.000339362644092432
"clustering_rede_ponderado","WBGT","WBGT_cen","30",0.00339049374442222,0.000364176268509755,0.00335964775601136,0.000339362644092432
"clustering_rede_ponderado","WBGT","WBGT_cen","31",0.00341543818480779,0.000262661184492251,0.00335964775601136,0.000339362644092432
"clustering_rede_ponderado","WBGT","WBGT_cen","32",0.00335114223414082,0.000247174772197813,0.00335964775601136,0.000339362644092432
"clustering_rede_ponderado","WBGT","WBGT_cen","33",0.00333579099165728,0.000403523101629696,0.00335964775601136,0.000339362644092432
"clustering_rede_ponderado","WBGT","WBGT_cen","34",0.00328586112711746,0.00049256969160611,0.00335964775601136,0.000339362644092432
"clustering_rede_ponderado","WBGT","WBGT_cen","36",0.00346879074219363,0.000217313323822951,0.00335964775601136,0.000339362644092432
"clustering_rede_ponderado","WBGT","WBGT_cen","37",0.00324679857923746,0.000666939834719796,0.00335964775601136,0.000339362644092432
"clustering_rede_ponderado","WBGT","WBGT_cen","41",0.00336886668872612,0.000324170016308665,0.00335964775601136,0.000339362644092432
"clustering_rede_ponderado","WBGT","WBGT_cen","42",0.00333520786161992,0.000407247264494539,0.00335964775601136,0.000339362644092432
"clustering_rede_ponderado","WBGT","WBGT_cen","44",0.00339371659463018,0.000398310759254715,0.00335964775601136,0.000339362644092432
"clustering_rede_ponderado","WBGT","WBGT_cen","45",0.00324096771804613,0.000537894347159818,0.00335964775601136,0.000339362644092432
"clustering_rede_ponderado","WBGT","WBGT_cen","46",0.00341081343192651,0.000314992740149797,0.00335964775601136,0.000339362644092432
"clustering_rede_ponderado","WBGT","WBGT_cen","48",0.00298871271177693,0.00100779863670065,0.00335964775601136,0.000339362644092432
"clustering_rede_ponderado","WBGT","WBGT_cen","49",0.00362578558120648,0.000137313291985206,0.00335964775601136,0.000339362644092432
"clustering_rede_ponderado","WBGT","WBGT_cen","52",0.00337444504284501,0.000328774947335298,0.00335964775601136,0.000339362644092432
"clustering_rede_ponderado","WBGT","WBGT_cen","53",0.0033217453888989,0.000477133620938506,0.00335964775601136,0.000339362644092432
"clustering_rede_ponderado","WBGT","WBGT_cen","54",0.00351167952122141,0.000256924419395617,0.00335964775601136,0.000339362644092432
"clustering_rede_ponderado","WBGT","WBGT_cen","55",0.00331715440360766,0.000325967350656026,0.00335964775601136,0.000339362644092432
"clustering_rede_ponderado","WBGT","WBGT_cen","56",0.00338572055787668,0.000298457234187757,0.00335964775601136,0.000339362644092432
"clustering_rede_ponderado","WBGT","WBGT_cen","58",0.00340704206694144,0.000270361104878182,0.00335964775601136,0.000339362644092432
"clustering_rede_ponderado","WBGT","WBGT_cen","60",0.00303044136101231,0.00147670593894844,0.00335964775601136,0.000339362644092432
"clustering_rede_ponderado","WBGT","WBGT_cen","61",0.00336751321956797,0.000331343501231537,0.00335964775601136,0.000339362644092432
"clustering_rede_ponderado","WBGT","WBGT_cen","62",0.00335362620053171,0.000393345594903058,0.00335964775601136,0.000339362644092432
"clustering_rede_ponderado","WBGT","WBGT_cen","63",0.00348610841496194,0.000311916463505497,0.00335964775601136,0.000339362644092432
"clustering_rede_ponderado","WBGT","WBGT_cen","66",0.0034710545613135,0.000260999019821091,0.00335964775601136,0.000339362644092432
"clustering_rede_ponderado","WBGT","WBGT_cen","67",0.00341094504787482,0.000265653702334,0.00335964775601136,0.000339362644092432
"clustering_rede_ponderado","WBGT","WBGT_cen","68",0.00334246822975919,0.000372881840338053,0.00335964775601136,0.000339362644092432
"clustering_rede_ponderado","WBGT","WBGT_cen","69",0.0035518814764919,0.000159405592937254,0.00335964775601136,0.000339362644092432
"clustering_rede_ponderado","WBGT","WBGT_cen","71",0.00330251017766509,0.000563019624751595,0.00335964775601136,0.000339362644092432
"clustering_rede_ponderado","WBGT","WBGT_cen","74",0.00335832650626425,0.000369031419430324,0.00335964775601136,0.000339362644092432
"clustering_rede_ponderado","WBGT","WBGT_cen","75",0.00347559661502879,0.000222675106157902,0.00335964775601136,0.000339362644092432
"clustering_rede_ponderado","WBGT","WBGT_cen","77",0.00336388755139512,0.000375018499582362,0.00335964775601136,0.000339362644092432
"clustering_rede_ponderado","WBGT","WBGT_cen","79",0.00323720556510957,0.000856348846116956,0.00335964775601136,0.000339362644092432
"clustering_rede_ponderado","WBGT","WBGT_cen","81",0.00331195459074349,0.000562391154024484,0.00335964775601136,0.000339362644092432
"clustering_rede_ponderado","WBGT","WBGT_cen","82",0.00298554752883097,0.00244366104323482,0.00335964775601136,0.000339362644092432
"clustering_rede_ponderado","WBGT","WBGT_cen","83",0.00335479944094092,0.00041895826022225,0.00335964775601136,0.000339362644092432
"clustering_rede_ponderado","WBGT","WBGT_cen","86",0.00334247329686271,0.000403076080563243,0.00335964775601136,0.000339362644092432
"clustering_rede_ponderado","WBGT","WBGT_cen","87",0.00331092960889362,0.000522510902595825,0.00335964775601136,0.000339362644092432
"clustering_rede_ponderado","WBGT","WBGT_cen","89",0.00332392038548247,0.000554894463523554,0.00335964775601136,0.000339362644092432
"clustering_rede_ponderado","WBGT","WBGT_cen","91",0.00332015073075271,0.000368141964627883,0.00335964775601136,0.000339362644092432
"clustering_rede_ponderado","WBGT","WBGT_cen","92",0.00343237166649358,0.000361267499640222,0.00335964775601136,0.000339362644092432
"clustering_rede_ponderado","WBGT","WBGT_cen","94",0.00336261565017112,0.000364259311459606,0.00335964775601136,0.000339362644092432
"clustering_rede_ponderado","WBGT","WBGT_cen","97",0.0033216874136094,0.000406784787377079,0.00335964775601136,0.000339362644092432
"clustering_rede_ponderado","WBGT","WBGT_cen","99",0.00357227700127884,0.000149130589366923,0.00335964775601136,0.000339362644092432
"clustering_rede_ponderado","WBGT","WBGT_cen","100",0.00333177375217188,0.000351313426906186,0.00335964775601136,0.000339362644092432
"clustering_rede_ponderado","WBGT","WBGT_cen","103",0.00327191322032293,0.000557173979089941,0.00335964775601136,0.000339362644092432
"clustering_rede_ponderado","WBGT","WBGT_cen","104",0.00345912194281426,0.000244522422841135,0.00335964775601136,0.000339362644092432
"clustering_rede_ponderado","Ta_RH_Rad","Ta_cen","1",0.0031221729426373,0.000240245676415021,0.00305770248696155,0.000270218418641457
"clustering_rede_ponderado","Ta_RH_Rad","RH_cen","1",-4.49242987978478e-05,0.862557544638381,-6.82186213475878e-05,0.791809914661334
"clustering_rede_ponderado","Ta_RH_Rad","RAD_cen","1",0.000402752159166582,0.863592690703552,-0.000142630032026392,0.949903831620059
"clustering_rede_ponderado","Ta_RH_Rad","Ta_cen","2",0.00286431591977549,0.000717300705721729,0.00305770248696155,0.000270218418641457
"clustering_rede_ponderado","Ta_RH_Rad","RH_cen","2",-3.50844858737423e-05,0.892154372658938,-6.82186213475878e-05,0.791809914661334
"clustering_rede_ponderado","Ta_RH_Rad","RAD_cen","2",0.000219347661240481,0.923361152720481,-0.000142630032026392,0.949903831620059
"clustering_rede_ponderado","Ta_RH_Rad","Ta_cen","3",0.00305499913181006,0.000299400162196997,0.00305770248696155,0.000270218418641457
"clustering_rede_ponderado","Ta_RH_Rad","RH_cen","3",-6.29257346078544e-05,0.808779186886039,-6.82186213475878e-05,0.791809914661334
"clustering_rede_ponderado","Ta_RH_Rad","RAD_cen","3",-0.000220434212226643,0.923170629001078,-0.000142630032026392,0.949903831620059
"clustering_rede_ponderado","Ta_RH_Rad","Ta_cen","5",0.00303764378107935,0.000338992396688995,0.00305770248696155,0.000270218418641457
"clustering_rede_ponderado","Ta_RH_Rad","RH_cen","5",-8.79136926663929e-05,0.740828309443191,-6.82186213475878e-05,0.791809914661334
"clustering_rede_ponderado","Ta_RH_Rad","RAD_cen","5",-0.00025997140065505,0.910387333319897,-0.000142630032026392,0.949903831620059
"clustering_rede_ponderado","Ta_RH_Rad","Ta_cen","7",0.00306277163420014,0.00023402819307927,0.00305770248696155,0.000270218418641457
"clustering_rede_ponderado","Ta_RH_Rad","RH_cen","7",-6.0695896864627e-05,0.813161205757329,-6.82186213475878e-05,0.791809914661334
"clustering_rede_ponderado","Ta_RH_Rad","RAD_cen","7",-9.82174505770936e-05,0.965033430099614,-0.000142630032026392,0.949903831620059
"clustering_rede_ponderado","Ta_RH_Rad","Ta_cen","8",0.0030958875818434,0.000241976469603628,0.00305770248696155,0.000270218418641457
"clustering_rede_ponderado","Ta_RH_Rad","RH_cen","8",-4.23498095255671e-05,0.870632559306178,-6.82186213475878e-05,0.791809914661334
"clustering_rede_ponderado","Ta_RH_Rad","RAD_cen","8",0.000803603843878446,0.739508156496612,-0.000142630032026392,0.949903831620059
"clustering_rede_ponderado","Ta_RH_Rad","Ta_cen","9",0.00301868980625343,0.000387989156201209,0.00305770248696155,0.000270218418641457
"clustering_rede_ponderado","Ta_RH_Rad","RH_cen","9",-6.83271673825152e-05,0.792923752788395,-6.82186213475878e-05,0.791809914661334
"clustering_rede_ponderado","Ta_RH_Rad","RAD_cen","9",-0.000135053049606013,0.952869808552749,-0.000142630032026392,0.949903831620059
"clustering_rede_ponderado","Ta_RH_Rad","Ta_cen","12",0.00310441798436207,0.000229724004220367,0.00305770248696155,0.000270218418641457
"clustering_rede_ponderado","Ta_RH_Rad","RH_cen","12",-3.59746557290465e-05,0.890115903046166,-6.82186213475878e-05,0.791809914661334
"clustering_rede_ponderado","Ta_RH_Rad","RAD_cen","12",-3.65918781696681e-05,0.987038113945933,-0.000142630032026392,0.949903831620059
"clustering_rede_ponderado","Ta_RH_Rad","Ta_cen","13",0.00310625847121788,0.000290038861515943,0.00305770248696155,0.000270218418641457
"clustering_rede_ponderado","Ta_RH_Rad","RH_cen","13",-5.62587159751248e-05,0.830231037268692,-6.82186213475878e-05,0.791809914661334
"clustering_rede_ponderado","Ta_RH_Rad","RAD_cen","13",-8.10555507345366e-05,0.97181026215242,-0.000142630032026392,0.949903831620059
"clustering_rede_ponderado","Ta_RH_Rad","Ta_cen","16",0.00313597721569799,0.000208265781451936,0.00305770248696155,0.000270218418641457
"clustering_rede_ponderado","Ta_RH_Rad","RH_cen","16",-5.89167973470566e-05,0.820451335029342,-6.82186213475878e-05,0.791809914661334
"clustering_rede_ponderado","Ta_RH_Rad","RAD_cen","16",0.00028254557981823,0.904936888139125,-0.000142630032026392,0.949903831620059
"clustering_rede_ponderado","Ta_RH_Rad","Ta_cen","17",0.00302569063251971,0.000400052207489324,0.00305770248696155,0.000270218418641457
"clustering_rede_ponderado","Ta_RH_Rad","RH_cen","17",-6.76310232160144e-05,0.796821238757929,-6.82186213475878e-05,0.791809914661334
"clustering_rede_ponderado","Ta_RH_Rad","RAD_cen","17",-0.00010945946835746,0.962115540561297,-0.000142630032026392,0.949903831620059
"clustering_rede_ponderado","Ta_RH_Rad","Ta_cen","18",0.00299924810044516,0.000439642168016748,0.00305770248696155,0.000270218418641457
"clustering_rede_ponderado","Ta_RH_Rad","RH_cen","18",-0.000121302065735846,0.665514401280805,-6.82186213475878e-05,0.791809914661334
"clustering_rede_ponderado","Ta_RH_Rad","RAD_cen","18",-0.000233313739759167,0.918936368849249,-0.000142630032026392,0.949903831620059
"clustering_rede_ponderado","Ta_RH_Rad","Ta_cen","19",0.0031021366249231,0.000180246459754074,0.00305770248696155,0.000270218418641457
"clustering_rede_ponderado","Ta_RH_Rad","RH_cen","19",-4.09119293558513e-05,0.872557775130443,-6.82186213475878e-05,0.791809914661334
"clustering_rede_ponderado","Ta_RH_Rad","RAD_cen","19",0.00017981687938334,0.936030971148682,-0.000142630032026392,0.949903831620059
"clustering_rede_ponderado","Ta_RH_Rad","Ta_cen","20",0.00321985038543833,0.000146714738323024,0.00305770248696155,0.000270218418641457
"clustering_rede_ponderado","Ta_RH_Rad","RH_cen","20",-7.18046252487155e-05,0.780798909136729,-6.82186213475878e-05,0.791809914661334
"clustering_rede_ponderado","Ta_RH_Rad","RAD_cen","20",-0.000178591574714469,0.937319096483193,-0.000142630032026392,0.949903831620059
"clustering_rede_ponderado","Ta_RH_Rad","Ta_cen","21",0.00294340774327476,0.000537895586638068,0.00305770248696155,0.000270218418641457
"clustering_rede_ponderado","Ta_RH_Rad","RH_cen","21",-4.92877102074326e-05,0.849579422352111,-6.82186213475878e-05,0.791809914661334
"clustering_rede_ponderado","Ta_RH_Rad","RAD_cen","21",3.8060225293806e-05,0.986698424316397,-0.000142630032026392,0.949903831620059
"clustering_rede_ponderado","Ta_RH_Rad","Ta_cen","24",0.00308367370600936,0.000296249416953918,0.00305770248696155,0.000270218418641457
"clustering_rede_ponderado","Ta_RH_Rad","RH_cen","24",-7.29304875248185e-05,0.779118867730413,-6.82186213475878e-05,0.791809914661334
"clustering_rede_ponderado","Ta_RH_Rad","RAD_cen","24",-0.000115061635914257,0.959823936287829,-0.000142630032026392,0.949903831620059
"clustering_rede_ponderado","Ta_RH_Rad","Ta_cen","28",0.00330921991462509,7.15854453345853e-05,0.00305770248696155,0.000270218418641457
"clustering_rede_ponderado","Ta_RH_Rad","RH_cen","28",-0.000110399628358423,0.665561988530398,-6.82186213475878e-05,0.791809914661334
"clustering_rede_ponderado","Ta_RH_Rad","RAD_cen","28",-0.00072206097383496,0.748755748692325,-0.000142630032026392,0.949903831620059
"clustering_rede_ponderado","Ta_RH_Rad","Ta_cen","29",0.00310218452683963,0.000242893810244911,0.00305770248696155,0.000270218418641457
"clustering_rede_ponderado","Ta_RH_Rad","RH_cen","29",-3.65041740211014e-05,0.892501416992829,-6.82186213475878e-05,0.791809914661334
"clustering_rede_ponderado","Ta_RH_Rad","RAD_cen","29",3.3232570141479e-05,0.988489351085834,-0.000142630032026392,0.949903831620059
"clustering_rede_ponderado","Ta_RH_Rad","Ta_cen","30",0.00304938701837173,0.00033023164093392,0.00305770248696155,0.000270218418641457
"clustering_rede_ponderado","Ta_RH_Rad","RH_cen","30",-9.13617385692154e-05,0.732633822880091,-6.82186213475878e-05,0.791809914661334
"clustering_rede_ponderado","Ta_RH_Rad","RAD_cen","30",-0.000175034308287424,0.938970479203665,-0.000142630032026392,0.949903831620059
"clustering_rede_ponderado","Ta_RH_Rad","Ta_cen","31",0.00313985221712605,0.000184739480391858,0.00305770248696155,0.000270218418641457
"clustering_rede_ponderado","Ta_RH_Rad","RH_cen","31",-5.22183929868535e-05,0.836598730879849,-6.82186213475878e-05,0.791809914661334
"clustering_rede_ponderado","Ta_RH_Rad","RAD_cen","31",-4.4632939577538e-05,0.983980439638739,-0.000142630032026392,0.949903831620059
"clustering_rede_ponderado","Ta_RH_Rad","Ta_cen","32",0.00306358167431114,0.000183340736869936,0.00305770248696155,0.000270218418641457
"clustering_rede_ponderado","Ta_RH_Rad","RH_cen","32",-8.61862121538479e-05,0.736562711674005,-6.82186213475878e-05,0.791809914661334
"clustering_rede_ponderado","Ta_RH_Rad","RAD_cen","32",-0.000569893474627299,0.812192220144032,-0.000142630032026392,0.949903831620059
"clustering_rede_ponderado","Ta_RH_Rad","Ta_cen","33",0.00302060822225121,0.000349998450733782,0.00305770248696155,0.000270218418641457
"clustering_rede_ponderado","Ta_RH_Rad","RH_cen","33",-6.8942440215461e-05,0.790374769123258,-6.82186213475878e-05,0.791809914661334
"clustering_rede_ponderado","Ta_RH_Rad","RAD_cen","33",-0.000158404310474029,0.944213790614509,-0.000142630032026392,0.949903831620059
"clustering_rede_ponderado","Ta_RH_Rad","Ta_cen","34",0.00299795390418485,0.000383661305319817,0.00305770248696155,0.000270218418641457
"clustering_rede_ponderado","Ta_RH_Rad","RH_cen","34",-6.72057682124579e-05,0.795000626941922,-6.82186213475878e-05,0.791809914661334
"clustering_rede_ponderado","Ta_RH_Rad","RAD_cen","34",-0.000141835202393617,0.950284631256166,-0.000142630032026392,0.949903831620059
"clustering_rede_ponderado","Ta_RH_Rad","Ta_cen","36",0.00313695541597286,0.000194455552620257,0.00305770248696155,0.000270218418641457
"clustering_rede_ponderado","Ta_RH_Rad","RH_cen","36",-1.93363558537238e-05,0.941016706270927,-6.82186213475878e-05,0.791809914661334
"clustering_rede_ponderado","Ta_RH_Rad","RAD_cen","36",-7.11450921160461e-05,0.974993719205154,-0.000142630032026392,0.949903831620059
"clustering_rede_ponderado","Ta_RH_Rad","Ta_cen","37",0.0029398530314123,0.000560423888890921,0.00305770248696155,0.000270218418641457
"clustering_rede_ponderado","Ta_RH_Rad","RH_cen","37",-0.000106524528828797,0.685467149302009,-6.82186213475878e-05,0.791809914661334
"clustering_rede_ponderado","Ta_RH_Rad","RAD_cen","37",-0.000377574891724299,0.86933248546957,-0.000142630032026392,0.949903831620059
"clustering_rede_ponderado","Ta_RH_Rad","Ta_cen","41",0.00304009485655359,0.000281744734942289,0.00305770248696155,0.000270218418641457
"clustering_rede_ponderado","Ta_RH_Rad","RH_cen","41",-0.000148787592416509,0.576198273539979,-6.82186213475878e-05,0.791809914661334
"clustering_rede_ponderado","Ta_RH_Rad","RAD_cen","41",-0.000518904569760913,0.820322560325277,-0.000142630032026392,0.949903831620059
"clustering_rede_ponderado","Ta_RH_Rad","Ta_cen","42",0.00303830909786553,0.000301853038946998,0.00305770248696155,0.000270218418641457
"clustering_rede_ponderado","Ta_RH_Rad","RH_cen","42",-0.00010273313439037,0.692646044462751,-6.82186213475878e-05,0.791809914661334
"clustering_rede_ponderado","Ta_RH_Rad","RAD_cen","42",0.000519183876721069,0.822281544825907,-0.000142630032026392,0.949903831620059
"clustering_rede_ponderado","Ta_RH_Rad","Ta_cen","44",0.00311640737134953,0.000295782846228266,0.00305770248696155,0.000270218418641457
"clustering_rede_ponderado","Ta_RH_Rad","RH_cen","44",-6.57251758624846e-05,0.800379341167073,-6.82186213475878e-05,0.791809914661334
"clustering_rede_ponderado","Ta_RH_Rad","RAD_cen","44",-0.000145179388205696,0.949295093443877,-0.000142630032026392,0.949903831620059
"clustering_rede_ponderado","Ta_RH_Rad","Ta_cen","45",0.00295409832421764,0.000446064397785968,0.00305770248696155,0.000270218418641457
"clustering_rede_ponderado","Ta_RH_Rad","RH_cen","45",-5.69997851462001e-05,0.825373471887535,-6.82186213475878e-05,0.791809914661334
"clustering_rede_ponderado","Ta_RH_Rad","RAD_cen","45",-0.000610451872327728,0.790560614170496,-0.000142630032026392,0.949903831620059
"clustering_rede_ponderado","Ta_RH_Rad","Ta_cen","46",0.00307834757376559,0.000288867410074768,0.00305770248696155,0.000270218418641457
"clustering_rede_ponderado","Ta_RH_Rad","RH_cen","46",-4.96828832142156e-05,0.849928354472021,-6.82186213475878e-05,0.791809914661334
"clustering_rede_ponderado","Ta_RH_Rad","RAD_cen","46",-0.000148640774390508,0.947913118681747,-0.000142630032026392,0.949903831620059
"clustering_rede_ponderado","Ta_RH_Rad","Ta_cen","48",0.00275389913228707,0.000736259347970521,0.00305770248696155,0.000270218418641457
"clustering_rede_ponderado","Ta_RH_Rad","RH_cen","48",1.81007197542273e-05,0.942368323897364,-6.82186213475878e-05,0.791809914661334
"clustering_rede_ponderado","Ta_RH_Rad","RAD_cen","48",0.000768028013633099,0.727232959167082,-0.000142630032026392,0.949903831620059
"clustering_rede_ponderado","Ta_RH_Rad","Ta_cen","49",0.00324231735326986,0.000143479723503307,0.00305770248696155,0.000270218418641457
"clustering_rede_ponderado","Ta_RH_Rad","RH_cen","49",-2.51253413601227e-06,0.992384482731835,-6.82186213475878e-05,0.791809914661334
"clustering_rede_ponderado","Ta_RH_Rad","RAD_cen","49",0.00017167145112295,0.940005937686566,-0.000142630032026392,0.949903831620059
"clustering_rede_ponderado","Ta_RH_Rad","Ta_cen","52",0.00307223696500031,0.000260472272775472,0.00305770248696155,0.000270218418641457
"clustering_rede_ponderado","Ta_RH_Rad","RH_cen","52",-6.66507036935396e-05,0.797444272770611,-6.82186213475878e-05,0.791809914661334
"clustering_rede_ponderado","Ta_RH_Rad","RAD_cen","52",-0.000178494424304718,0.939444584570728,-0.000142630032026392,0.949903831620059
"clustering_rede_ponderado","Ta_RH_Rad","Ta_cen","53",0.00303971951543533,0.000356353974351625,0.00305770248696155,0.000270218418641457
"clustering_rede_ponderado","Ta_RH_Rad","RH_cen","53",-6.71274145390602e-05,0.79639453368533,-6.82186213475878e-05,0.791809914661334
"clustering_rede_ponderado","Ta_RH_Rad","RAD_cen","53",-0.000115280803347445,0.959772914409143,-0.000142630032026392,0.949903831620059
"clustering_rede_ponderado","Ta_RH_Rad","Ta_cen","54",0.0032194623556465,0.00018083099643374,0.00305770248696155,0.000270218418641457
"clustering_rede_ponderado","Ta_RH_Rad","RH_cen","54",-8.43472426037138e-05,0.745699034741765,-6.82186213475878e-05,0.791809914661334
"clustering_rede_ponderado","Ta_RH_Rad","RAD_cen","54",-0.000376310764183992,0.869498135287815,-0.000142630032026392,0.949903831620059
"clustering_rede_ponderado","Ta_RH_Rad","Ta_cen","55",0.00299328827237079,0.000318599498177617,0.00305770248696155,0.000270218418641457
"clustering_rede_ponderado","Ta_RH_Rad","RH_cen","55",1.6413591256157e-05,0.949849049467741,-6.82186213475878e-05,0.791809914661334
"clustering_rede_ponderado","Ta_RH_Rad","RAD_cen","55",0.000647172629031199,0.778581486454975,-0.000142630032026392,0.949903831620059
"clustering_rede_ponderado","Ta_RH_Rad","Ta_cen","56",0.00309875777224272,0.000214173161195265,0.00305770248696155,0.000270218418641457
"clustering_rede_ponderado","Ta_RH_Rad","RH_cen","56",-0.000101273775371923,0.695548755863959,-6.82186213475878e-05,0.791809914661334
"clustering_rede_ponderado","Ta_RH_Rad","RAD_cen","56",-0.000785576542769127,0.733509007907621,-0.000142630032026392,0.949903831620059
"clustering_rede_ponderado","Ta_RH_Rad","Ta_cen","58",0.00311719260165359,0.00020553836335028,0.00305770248696155,0.000270218418641457
"clustering_rede_ponderado","Ta_RH_Rad","RH_cen","58",-7.82755602300278e-06,0.976291707035384,-6.82186213475878e-05,0.791809914661334
"clustering_rede_ponderado","Ta_RH_Rad","RAD_cen","58",0.000117755844770206,0.958727838376707,-0.000142630032026392,0.949903831620059
"clustering_rede_ponderado","Ta_RH_Rad","Ta_cen","60",0.00276526753027382,0.00125168740487204,0.00305770248696155,0.000270218418641457
"clustering_rede_ponderado","Ta_RH_Rad","RH_cen","60",-9.61926259182128e-05,0.709344373411335,-6.82186213475878e-05,0.791809914661334
"clustering_rede_ponderado","Ta_RH_Rad","RAD_cen","60",-0.000284861471429536,0.90052306043026,-0.000142630032026392,0.949903831620059
"clustering_rede_ponderado","Ta_RH_Rad","Ta_cen","61",0.00307443491365996,0.00024357731750498,0.00305770248696155,0.000270218418641457
"clustering_rede_ponderado","Ta_RH_Rad","RH_cen","61",-8.14528222166383e-05,0.752772060967898,-6.82186213475878e-05,0.791809914661334
"clustering_rede_ponderado","Ta_RH_Rad","RAD_cen","61",-2.35145914993399e-05,0.99173764164413,-0.000142630032026392,0.949903831620059
"clustering_rede_ponderado","Ta_RH_Rad","Ta_cen","62",0.00306588751495598,0.000300352561382936,0.00305770248696155,0.000270218418641457
"clustering_rede_ponderado","Ta_RH_Rad","RH_cen","62",-7.01375539870074e-05,0.787743679000789,-6.82186213475878e-05,0.791809914661334
"clustering_rede_ponderado","Ta_RH_Rad","RAD_cen","62",-0.000124823224818721,0.956446704595258,-0.000142630032026392,0.949903831620059
"clustering_rede_ponderado","Ta_RH_Rad","Ta_cen","63",0.00318979187016399,0.000218708731953001,0.00305770248696155,0.000270218418641457
"clustering_rede_ponderado","Ta_RH_Rad","RH_cen","63",-6.37732762583452e-05,0.804792167918808,-6.82186213475878e-05,0.791809914661334
"clustering_rede_ponderado","Ta_RH_Rad","RAD_cen","63",-4.4161649904651e-05,0.984437811588395,-0.000142630032026392,0.949903831620059
"clustering_rede_ponderado","Ta_RH_Rad","Ta_cen","66",0.00315577875778797,0.000201786505131259,0.00305770248696155,0.000270218418641457
"clustering_rede_ponderado","Ta_RH_Rad","RH_cen","66",-8.04132160529597e-05,0.757526651195926,-6.82186213475878e-05,0.791809914661334
"clustering_rede_ponderado","Ta_RH_Rad","RAD_cen","66",-0.000305236790447339,0.894083820097367,-0.000142630032026392,0.949903831620059
"clustering_rede_ponderado","Ta_RH_Rad","Ta_cen","67",0.00308536956993708,0.000236536064999281,0.00305770248696155,0.000270218418641457
"clustering_rede_ponderado","Ta_RH_Rad","RH_cen","67",-4.83546963282505e-05,0.852343546870085,-6.82186213475878e-05,0.791809914661334
"clustering_rede_ponderado","Ta_RH_Rad","RAD_cen","67",-0.00042515955926665,0.855068813169309,-0.000142630032026392,0.949903831620059
"clustering_rede_ponderado","Ta_RH_Rad","Ta_cen","68",0.00304140059594685,0.000307235362043095,0.00305770248696155,0.000270218418641457
"clustering_rede_ponderado","Ta_RH_Rad","RH_cen","68",-5.35123056065327e-05,0.837146093500171,-6.82186213475878e-05,0.791809914661334
"clustering_rede_ponderado","Ta_RH_Rad","RAD_cen","68",-0.000619012186754385,0.790933798402023,-0.000142630032026392,0.949903831620059
"clustering_rede_ponderado","Ta_RH_Rad","Ta_cen","69",0.0032336882909152,0.00013014923516959,0.00305770248696155,0.000270218418641457
"clustering_rede_ponderado","Ta_RH_Rad","RH_cen","69",-2.47518159395688e-05,0.924037816096557,-6.82186213475878e-05,0.791809914661334
"clustering_rede_ponderado","Ta_RH_Rad","RAD_cen","69",-0.00012109585698906,0.957240691565552,-0.000142630032026392,0.949903831620059
"clustering_rede_ponderado","Ta_RH_Rad","Ta_cen","71",0.002983734701768,0.000482092070380699,0.00305770248696155,0.000270218418641457
"clustering_rede_ponderado","Ta_RH_Rad","RH_cen","71",-8.92077535020368e-05,0.734231968098451,-6.82186213475878e-05,0.791809914661334
"clustering_rede_ponderado","Ta_RH_Rad","RAD_cen","71",-0.000177272535004948,0.9381792597652,-0.000142630032026392,0.949903831620059
"clustering_rede_ponderado","Ta_RH_Rad","Ta_cen","74",0.00305422921963713,0.000295880503786671,0.00305770248696155,0.000270218418641457
"clustering_rede_ponderado","Ta_RH_Rad","RH_cen","74",-8.2908240171021e-05,0.750464397209931,-6.82186213475878e-05,0.791809914661334
"clustering_rede_ponderado","Ta_RH_Rad","RAD_cen","74",-0.000175143547058814,0.938822372914607,-0.000142630032026392,0.949903831620059
"clustering_rede_ponderado","Ta_RH_Rad","Ta_cen","75",0.00318851251105757,0.000148778882191236,0.00305770248696155,0.000270218418641457
"clustering_rede_ponderado","Ta_RH_Rad","RH_cen","75",-0.000112121480031818,0.665830917403015,-6.82186213475878e-05,0.791809914661334
"clustering_rede_ponderado","Ta_RH_Rad","RAD_cen","75",-0.00032514942993638,0.885951450665638,-0.000142630032026392,0.949903831620059
"clustering_rede_ponderado","Ta_RH_Rad","Ta_cen","77",0.00306816900070563,0.000291926007465919,0.00305770248696155,0.000270218418641457
"clustering_rede_ponderado","Ta_RH_Rad","RH_cen","77",-6.14524256366273e-05,0.814124708993043,-6.82186213475878e-05,0.791809914661334
"clustering_rede_ponderado","Ta_RH_Rad","RAD_cen","77",-9.22750201367198e-05,0.967912410368299,-0.000142630032026392,0.949903831620059
"clustering_rede_ponderado","Ta_RH_Rad","Ta_cen","79",0.00298124869508938,0.000596354318913015,0.00305770248696155,0.000270218418641457
"clustering_rede_ponderado","Ta_RH_Rad","RH_cen","79",-6.23399408520252e-05,0.810893183322666,-6.82186213475878e-05,0.791809914661334
"clustering_rede_ponderado","Ta_RH_Rad","RAD_cen","79",-6.41453343780571e-05,0.977676640362851,-0.000142630032026392,0.949903831620059
"clustering_rede_ponderado","Ta_RH_Rad","Ta_cen","81",0.00301739149453727,0.000459204492743363,0.00305770248696155,0.000270218418641457
"clustering_rede_ponderado","Ta_RH_Rad","RH_cen","81",-7.18862743059405e-05,0.782873316811576,-6.82186213475878e-05,0.791809914661334
"clustering_rede_ponderado","Ta_RH_Rad","RAD_cen","81",-0.000158132005018703,0.94486131212833,-0.000142630032026392,0.949903831620059
"clustering_rede_ponderado","Ta_RH_Rad","Ta_cen","82",0.00274397645354315,0.00205698326609489,0.00305770248696155,0.000270218418641457
"clustering_rede_ponderado","Ta_RH_Rad","RH_cen","82",-9.53499638371717e-05,0.714105890660748,-6.82186213475878e-05,0.791809914661334
"clustering_rede_ponderado","Ta_RH_Rad","RAD_cen","82",-0.000380288707254984,0.867890584548354,-0.000142630032026392,0.949903831620059
"clustering_rede_ponderado","Ta_RH_Rad","Ta_cen","83",0.00306101418299341,0.000321519647175837,0.00305770248696155,0.000270218418641457
"clustering_rede_ponderado","Ta_RH_Rad","RH_cen","83",-6.74859965328817e-05,0.795738931659042,-6.82186213475878e-05,0.791809914661334
"clustering_rede_ponderado","Ta_RH_Rad","RAD_cen","83",-0.000141224424008082,0.951083367461358,-0.000142630032026392,0.949903831620059
"clustering_rede_ponderado","Ta_RH_Rad","Ta_cen","86",0.00302934426245057,0.000335568840884636,0.00305770248696155,0.000270218418641457
"clustering_rede_ponderado","Ta_RH_Rad","RH_cen","86",-0.00010931235509153,0.680684831826579,-6.82186213475878e-05,0.791809914661334
"clustering_rede_ponderado","Ta_RH_Rad","RAD_cen","86",-0.000402530933492364,0.861411523138178,-0.000142630032026392,0.949903831620059
"clustering_rede_ponderado","Ta_RH_Rad","Ta_cen","87",0.00302434839049841,0.000387429099611782,0.00305770248696155,0.000270218418641457
"clustering_rede_ponderado","Ta_RH_Rad","RH_cen","87",-7.19647751946449e-05,0.782382393732215,-6.82186213475878e-05,0.791809914661334
"clustering_rede_ponderado","Ta_RH_Rad","RAD_cen","87",-0.000204238291063533,0.929031811087407,-0.000142630032026392,0.949903831620059
"clustering_rede_ponderado","Ta_RH_Rad","Ta_cen","89",0.00317028118261307,0.000269823652092349,0.00305770248696155,0.000270218418641457
"clustering_rede_ponderado","Ta_RH_Rad","RH_cen","89",-0.00012866589777407,0.628760038715025,-6.82186213475878e-05,0.791809914661334
"clustering_rede_ponderado","Ta_RH_Rad","RAD_cen","89",-0.000620617482980187,0.79121874130277,-0.000142630032026392,0.949903831620059
"clustering_rede_ponderado","Ta_RH_Rad","Ta_cen","91",0.00300007967782062,0.000313574932207558,0.00305770248696155,0.000270218418641457
"clustering_rede_ponderado","Ta_RH_Rad","RH_cen","91",-9.44636094708001e-05,0.713764632848833,-6.82186213475878e-05,0.791809914661334
"clustering_rede_ponderado","Ta_RH_Rad","RAD_cen","91",-6.63597140201353e-05,0.97661501123716,-0.000142630032026392,0.949903831620059
"clustering_rede_ponderado","Ta_RH_Rad","Ta_cen","92",0.00312604964527287,0.000277895600785714,0.00305770248696155,0.000270218418641457
"clustering_rede_ponderado","Ta_RH_Rad","RH_cen","92",-7.32577349622649e-05,0.778515859240682,-6.82186213475878e-05,0.791809914661334
"clustering_rede_ponderado","Ta_RH_Rad","RAD_cen","92",-0.000206573138685372,0.928358267878797,-0.000142630032026392,0.949903831620059
"clustering_rede_ponderado","Ta_RH_Rad","Ta_cen","94",0.00306085910631205,0.000290732566304983,0.00305770248696155,0.000270218418641457
"clustering_rede_ponderado","Ta_RH_Rad","RH_cen","94",-6.66726378441072e-05,0.798493635032435,-6.82186213475878e-05,0.791809914661334
"clustering_rede_ponderado","Ta_RH_Rad","RAD_cen","94",-0.000151296174294691,0.947237983182734,-0.000142630032026392,0.949903831620059
"clustering_rede_ponderado","Ta_RH_Rad","Ta_cen","97",0.00301203126122854,0.000334044186049187,0.00305770248696155,0.000270218418641457
"clustering_rede_ponderado","Ta_RH_Rad","RH_cen","97",-0.000100651633531079,0.698777135754983,-6.82186213475878e-05,0.791809914661334
"clustering_rede_ponderado","Ta_RH_Rad","RAD_cen","97",-0.000265668000262592,0.906866893966729,-0.000142630032026392,0.949903831620059
"clustering_rede_ponderado","Ta_RH_Rad","Ta_cen","99",0.00322374884065872,0.000136672625163613,0.00305770248696155,0.000270218418641457
"clustering_rede_ponderado","Ta_RH_Rad","RH_cen","99",-2.02797832102599e-05,0.937456554093389,-6.82186213475878e-05,0.791809914661334
"clustering_rede_ponderado","Ta_RH_Rad","RAD_cen","99",-0.000385848414647197,0.864453126357955,-0.000142630032026392,0.949903831620059
"clustering_rede_ponderado","Ta_RH_Rad","Ta_cen","100",0.00302571692211194,0.000287365792718376,0.00305770248696155,0.000270218418641457
"clustering_rede_ponderado","Ta_RH_Rad","RH_cen","100",-7.27562591373704e-05,0.777189042471791,-6.82186213475878e-05,0.791809914661334
"clustering_rede_ponderado","Ta_RH_Rad","RAD_cen","100",-0.000128329005296548,0.954785145559313,-0.000142630032026392,0.949903831620059
"clustering_rede_ponderado","Ta_RH_Rad","Ta_cen","103",0.00295414814882638,0.00049094810248895,0.00305770248696155,0.000270218418641457
"clustering_rede_ponderado","Ta_RH_Rad","RH_cen","103",-0.000127360748183382,0.62881285669927,-6.82186213475878e-05,0.791809914661334
"clustering_rede_ponderado","Ta_RH_Rad","RAD_cen","103",-0.000335388958453859,0.883190204313975,-0.000142630032026392,0.949903831620059
"clustering_rede_ponderado","Ta_RH_Rad","Ta_cen","104",0.00312128303181998,0.000222315372888883,0.00305770248696155,0.000270218418641457
"clustering_rede_ponderado","Ta_RH_Rad","RH_cen","104",-5.55927180879998e-05,0.830778629878036,-6.82186213475878e-05,0.791809914661334
"clustering_rede_ponderado","Ta_RH_Rad","RAD_cen","104",-0.000398707916714259,0.862667028320236,-0.000142630032026392,0.949903831620059
"centralizacao_grau","WBGT","WBGT_cen","1",0.00425762959508416,0.718477004334241,0.00476289464617048,0.68257807631572
"centralizacao_grau","WBGT","WBGT_cen","2",0.00660297814502051,0.572404745728682,0.00476289464617048,0.68257807631572
"centralizacao_grau","WBGT","WBGT_cen","3",0.00451442432829234,0.697467914698917,0.00476289464617048,0.68257807631572
"centralizacao_grau","WBGT","WBGT_cen","5",0.0039897355077311,0.731249261115516,0.00476289464617048,0.68257807631572
"centralizacao_grau","WBGT","WBGT_cen","7",0.00468530373283753,0.687591348935326,0.00476289464617048,0.68257807631572
"centralizacao_grau","WBGT","WBGT_cen","8",0.00495117618998206,0.671810331992482,0.00476289464617048,0.68257807631572
"centralizacao_grau","WBGT","WBGT_cen","9",0.00548166103502741,0.641077060114629,0.00476289464617048,0.68257807631572
"centralizacao_grau","WBGT","WBGT_cen","12",0.00538211936709877,0.649107892330166,0.00476289464617048,0.68257807631572
"centralizacao_grau","WBGT","WBGT_cen","13",0.00500351240164136,0.67191394454363,0.00476289464617048,0.68257807631572
"centralizacao_grau","WBGT","WBGT_cen","16",0.00595019394750233,0.615012178543604,0.00476289464617048,0.68257807631572
"centralizacao_grau","WBGT","WBGT_cen","17",0.00532621904705219,0.651399608288678,0.00476289464617048,0.68257807631572
"centralizacao_grau","WBGT","WBGT_cen","18",0.00345563430619188,0.771456148227347,0.00476289464617048,0.68257807631572
"centralizacao_grau","WBGT","WBGT_cen","19",0.00530435983544741,0.647728023918766,0.00476289464617048,0.68257807631572
"centralizacao_grau","WBGT","WBGT_cen","20",0.00342667927932602,0.773183341032065,0.00476289464617048,0.68257807631572
"centralizacao_grau","WBGT","WBGT_cen","21",0.00603525562976122,0.610626429547334,0.00476289464617048,0.68257807631572
"centralizacao_grau","WBGT","WBGT_cen","24",0.00482242969869847,0.681903501772622,0.00476289464617048,0.68257807631572
"centralizacao_grau","WBGT","WBGT_cen","28",0.00262880897545585,0.822452381943016,0.00476289464617048,0.68257807631572
"centralizacao_grau","WBGT","WBGT_cen","29",0.00380453833427049,0.747588624045885,0.00476289464617048,0.68257807631572
"centralizacao_grau","WBGT","WBGT_cen","30",0.00496159433466338,0.673405112514948,0.00476289464617048,0.68257807631572
"centralizacao_grau","WBGT","WBGT_cen","31",0.00441211720822891,0.708713468657418,0.00476289464617048,0.68257807631572
"centralizacao_grau","WBGT","WBGT_cen","32",0.005185716408999,0.655534789873649,0.00476289464617048,0.68257807631572
"centralizacao_grau","WBGT","WBGT_cen","33",0.00410376455025794,0.728716893424377,0.00476289464617048,0.68257807631572
"centralizacao_grau","WBGT","WBGT_cen","34",0.00547289283741362,0.636149652619854,0.00476289464617048,0.68257807631572
"centralizacao_grau","WBGT","WBGT_cen","36",0.00451533429593023,0.701379293970885,0.00476289464617048,0.68257807631572
"centralizacao_grau","WBGT","WBGT_cen","37",0.00675133963215862,0.566303939213886,0.00476289464617048,0.68257807631572
"centralizacao_grau","WBGT","WBGT_cen","41",0.00432483092440138,0.710981737719827,0.00476289464617048,0.68257807631572
"centralizacao_grau","WBGT","WBGT_cen","42",0.003828312874291,0.743047249864673,0.00476289464617048,0.68257807631572
"centralizacao_grau","WBGT","WBGT_cen","44",0.00134563948115721,0.907825410784899,0.00476289464617048,0.68257807631572
"centralizacao_grau","WBGT","WBGT_cen","45",0.00579408184626102,0.619183058414821,0.00476289464617048,0.68257807631572
"centralizacao_grau","WBGT","WBGT_cen","46",0.00423319089113328,0.719778632487824,0.00476289464617048,0.68257807631572
"centralizacao_grau","WBGT","WBGT_cen","48",0.00681853473211279,0.55707577884062,0.00476289464617048,0.68257807631572
"centralizacao_grau","WBGT","WBGT_cen","49",0.00103294486569878,0.930469522915822,0.00476289464617048,0.68257807631572
"centralizacao_grau","WBGT","WBGT_cen","52",0.0041731607188474,0.71994814330305,0.00476289464617048,0.68257807631572
"centralizacao_grau","WBGT","WBGT_cen","53",0.00518378477445854,0.659419218116318,0.00476289464617048,0.68257807631572
"centralizacao_grau","WBGT","WBGT_cen","54",0.00343682317223691,0.771233683036275,0.00476289464617048,0.68257807631572
"centralizacao_grau","WBGT","WBGT_cen","55",0.00483327296133913,0.680824368748658,0.00476289464617048,0.68257807631572
"centralizacao_grau","WBGT","WBGT_cen","56",0.00451400409769183,0.700327871054691,0.00476289464617048,0.68257807631572
"centralizacao_grau","WBGT","WBGT_cen","58",0.00462894115174936,0.68905067376709,0.00476289464617048,0.68257807631572
"centralizacao_grau","WBGT","WBGT_cen","60",0.00797913861402321,0.505601804591016,0.00476289464617048,0.68257807631572
"centralizacao_grau","WBGT","WBGT_cen","61",0.00480323313065609,0.681253107730005,0.00476289464617048,0.68257807631572
"centralizacao_grau","WBGT","WBGT_cen","62",0.00475710537603752,0.685511806900106,0.00476289464617048,0.68257807631572
"centralizacao_grau","WBGT","WBGT_cen","63",0.00599308319642428,0.619459009199377,0.00476289464617048,0.68257807631572
"centralizacao_grau","WBGT","WBGT_cen","66",0.0033921350101055,0.774309151424442,0.00476289464617048,0.68257807631572
"centralizacao_grau","WBGT","WBGT_cen","67",0.00533170981157477,0.648593695667093,0.00476289464617048,0.68257807631572
"centralizacao_grau","WBGT","WBGT_cen","68",0.00515150828069934,0.655429976176614,0.00476289464617048,0.68257807631572
"centralizacao_grau","WBGT","WBGT_cen","69",0.00124410699472528,0.916139780315322,0.00476289464617048,0.68257807631572
"centralizacao_grau","WBGT","WBGT_cen","71",0.00354065741332531,0.765629091814474,0.00476289464617048,0.68257807631572
"centralizacao_grau","WBGT","WBGT_cen","74",0.0049082486331008,0.672369880967174,0.00476289464617048,0.68257807631572
"centralizacao_grau","WBGT","WBGT_cen","75",0.00358693125635586,0.756365274006083,0.00476289464617048,0.68257807631572
"centralizacao_grau","WBGT","WBGT_cen","77",0.00511046687085433,0.663248712371909,0.00476289464617048,0.68257807631572
"centralizacao_grau","WBGT","WBGT_cen","79",0.00346996418187466,0.76989659321699,0.00476289464617048,0.68257807631572
"centralizacao_grau","WBGT","WBGT_cen","81",0.00642703553729568,0.58583267131066,0.00476289464617048,0.68257807631572
"centralizacao_grau","WBGT","WBGT_cen","82",0.0125251581782138,0.304240770594963,0.00476289464617048,0.68257807631572
"centralizacao_grau","WBGT","WBGT_cen","83",0.00520225466975999,0.658920067092234,0.00476289464617048,0.68257807631572
"centralizacao_grau","WBGT","WBGT_cen","86",0.00504390038695831,0.668239924636581,0.00476289464617048,0.68257807631572
"centralizacao_grau","WBGT","WBGT_cen","87",0.00623697975521522,0.597118469595243,0.00476289464617048,0.68257807631572
"centralizacao_grau","WBGT","WBGT_cen","89",0.00833249487959323,0.479543145948357,0.00476289464617048,0.68257807631572
"centralizacao_grau","WBGT","WBGT_cen","91",0.00446627160757809,0.694275756312315,0.00476289464617048,0.68257807631572
"centralizacao_grau","WBGT","WBGT_cen","92",0.00310785622368642,0.792796056437049,0.00476289464617048,0.68257807631572
"centralizacao_grau","WBGT","WBGT_cen","94",0.0050232772885512,0.666607285047788,0.00476289464617048,0.68257807631572
"centralizacao_grau","WBGT","WBGT_cen","97",0.00539304816912438,0.646251582145364,0.00476289464617048,0.68257807631572
"centralizacao_grau","WBGT","WBGT_cen","99",0.00269337500261233,0.819347348123045,0.00476289464617048,0.68257807631572
"centralizacao_grau","WBGT","WBGT_cen","100",0.00426584244907199,0.714129952496645,0.00476289464617048,0.68257807631572
"centralizacao_grau","WBGT","WBGT_cen","103",0.00448776023199385,0.704038222239797,0.00476289464617048,0.68257807631572
"centralizacao_grau","WBGT","WBGT_cen","104",0.00470200185838912,0.687558257508816,0.00476289464617048,0.68257807631572
"centralizacao_grau","Ta_RH_Rad","Ta_cen","1",0.0020246419600804,0.848488797385811,0.00262994067298216,0.801918620772699
"centralizacao_grau","Ta_RH_Rad","RH_cen","1",0.00389715769165029,0.247961082889408,0.00408572746113306,0.221752547566435
"centralizacao_grau","Ta_RH_Rad","RAD_cen","1",-0.0112493799427519,0.706931442717125,-0.0058342575030986,0.839999146455853
"centralizacao_grau","Ta_RH_Rad","Ta_cen","2",0.00423652373770127,0.687726124191556,0.00262994067298216,0.801918620772699
"centralizacao_grau","Ta_RH_Rad","RH_cen","2",0.00373160101554151,0.265874139316711,0.00408572746113306,0.221752547566435
"centralizacao_grau","Ta_RH_Rad","RAD_cen","2",-0.0093724067897425,0.746627609332341,-0.0058342575030986,0.839999146455853
"centralizacao_grau","Ta_RH_Rad","Ta_cen","3",0.00290203816427352,0.781074979746402,0.00262994067298216,0.801918620772699
"centralizacao_grau","Ta_RH_Rad","RH_cen","3",0.00405359253368256,0.222850709144492,0.00408572746113306,0.221752547566435
"centralizacao_grau","Ta_RH_Rad","RAD_cen","3",-0.00540028105735641,0.851814631103677,-0.0058342575030986,0.839999146455853
"centralizacao_grau","Ta_RH_Rad","Ta_cen","5",0.00212581157656342,0.838502189533143,0.00262994067298216,0.801918620772699
"centralizacao_grau","Ta_RH_Rad","RH_cen","5",0.00382238875673532,0.254105045881519,0.00408572746113306,0.221752547566435
"centralizacao_grau","Ta_RH_Rad","RAD_cen","5",-0.00847622540416919,0.76884348019854,-0.0058342575030986,0.839999146455853
"centralizacao_grau","Ta_RH_Rad","Ta_cen","7",0.00232370310742357,0.824289085201673,0.00262994067298216,0.801918620772699
"centralizacao_grau","Ta_RH_Rad","RH_cen","7",0.00437663624705513,0.189884413904482,0.00408572746113306,0.221752547566435
"centralizacao_grau","Ta_RH_Rad","RAD_cen","7",-0.00591943162365226,0.837071049491149,-0.0058342575030986,0.839999146455853
"centralizacao_grau","Ta_RH_Rad","Ta_cen","8",0.00265098321408287,0.801209458552707,0.00262994067298216,0.801918620772699
"centralizacao_grau","Ta_RH_Rad","RH_cen","8",0.00406835304659167,0.226476931404151,0.00408572746113306,0.221752547566435
"centralizacao_grau","Ta_RH_Rad","RAD_cen","8",-0.00516764588574513,0.866097495361472,-0.0058342575030986,0.839999146455853
"centralizacao_grau","Ta_RH_Rad","Ta_cen","9",0.00330823462556582,0.754871145178843,0.00262994067298216,0.801918620772699
"centralizacao_grau","Ta_RH_Rad","RH_cen","9",0.00416776267364819,0.217364449153108,0.00408572746113306,0.221752547566435
"centralizacao_grau","Ta_RH_Rad","RAD_cen","9",-0.00534742404336636,0.854119929140686,-0.0058342575030986,0.839999146455853
"centralizacao_grau","Ta_RH_Rad","Ta_cen","12",0.0033611401461036,0.751938386427085,0.00262994067298216,0.801918620772699
"centralizacao_grau","Ta_RH_Rad","RH_cen","12",0.0043241645260419,0.204229580180654,0.00408572746113306,0.221752547566435
"centralizacao_grau","Ta_RH_Rad","RAD_cen","12",-0.005444902675908,0.851671785665407,-0.0058342575030986,0.839999146455853
"centralizacao_grau","Ta_RH_Rad","Ta_cen","13",0.00287075046759465,0.786961305313515,0.00262994067298216,0.801918620772699
"centralizacao_grau","Ta_RH_Rad","RH_cen","13",0.00414047725294127,0.219567935880688,0.00408572746113306,0.221752547566435
"centralizacao_grau","Ta_RH_Rad","RAD_cen","13",-0.00552649031504909,0.849156935640542,-0.0058342575030986,0.839999146455853
"centralizacao_grau","Ta_RH_Rad","Ta_cen","16",0.00334765469521903,0.753939050004301,0.00262994067298216,0.801918620772699
"centralizacao_grau","Ta_RH_Rad","RH_cen","16",0.00413643200723512,0.220064434414461,0.00408572746113306,0.221752547566435
"centralizacao_grau","Ta_RH_Rad","RAD_cen","16",-0.00213254838304244,0.943689653557201,-0.0058342575030986,0.839999146455853
"centralizacao_grau","Ta_RH_Rad","Ta_cen","17",0.00349061220146141,0.741338150735859,0.00262994067298216,0.801918620772699
"centralizacao_grau","Ta_RH_Rad","RH_cen","17",0.00471859282697287,0.164741948242797,0.00408572746113306,0.221752547566435
"centralizacao_grau","Ta_RH_Rad","RAD_cen","17",-0.0102738919637462,0.724629888463253,-0.0058342575030986,0.839999146455853
"centralizacao_grau","Ta_RH_Rad","Ta_cen","18",0.00240350999944435,0.822073832707653,0.00262994067298216,0.801918620772699
"centralizacao_grau","Ta_RH_Rad","RH_cen","18",0.00384256090031041,0.291347188940151,0.00408572746113306,0.221752547566435
"centralizacao_grau","Ta_RH_Rad","RAD_cen","18",-0.00610922475608346,0.834122374430636,-0.0058342575030986,0.839999146455853
"centralizacao_grau","Ta_RH_Rad","Ta_cen","19",0.00325144389768657,0.755843344348923,0.00262994067298216,0.801918620772699
"centralizacao_grau","Ta_RH_Rad","RH_cen","19",0.00428735592989831,0.201579362813515,0.00408572746113306,0.221752547566435
"centralizacao_grau","Ta_RH_Rad","RAD_cen","19",-0.00452752279226756,0.875873544705313,-0.0058342575030986,0.839999146455853
"centralizacao_grau","Ta_RH_Rad","Ta_cen","20",0.00111895310965639,0.916973865129955,0.00262994067298216,0.801918620772699
"centralizacao_grau","Ta_RH_Rad","RH_cen","20",0.00405559807294631,0.228189862160251,0.00408572746113306,0.221752547566435
"centralizacao_grau","Ta_RH_Rad","RAD_cen","20",-0.0056251998202253,0.846394944683604,-0.0058342575030986,0.839999146455853
"centralizacao_grau","Ta_RH_Rad","Ta_cen","21",0.00348778251558181,0.743280205073983,0.00262994067298216,0.801918620772699
"centralizacao_grau","Ta_RH_Rad","RH_cen","21",0.00396201403237386,0.237002512384941,0.00408572746113306,0.221752547566435
"centralizacao_grau","Ta_RH_Rad","RAD_cen","21",-0.00695752674148774,0.811398362926843,-0.0058342575030986,0.839999146455853
"centralizacao_grau","Ta_RH_Rad","Ta_cen","24",0.00251726909465318,0.812083803006551,0.00262994067298216,0.801918620772699
"centralizacao_grau","Ta_RH_Rad","RH_cen","24",0.00403311392398022,0.230083277033553,0.00408572746113306,0.221752547566435
"centralizacao_grau","Ta_RH_Rad","RAD_cen","24",-0.0057550164127963,0.842930871256255,-0.0058342575030986,0.839999146455853
"centralizacao_grau","Ta_RH_Rad","Ta_cen","28",0.000390427599931583,0.970476554878853,0.00262994067298216,0.801918620772699
"centralizacao_grau","Ta_RH_Rad","RH_cen","28",0.00450656577836539,0.177446516869843,0.00408572746113306,0.221752547566435
"centralizacao_grau","Ta_RH_Rad","RAD_cen","28",0.000212887397920275,0.994163941436566,-0.0058342575030986,0.839999146455853
"centralizacao_grau","Ta_RH_Rad","Ta_cen","29",0.00214605325071285,0.839881364890497,0.00262994067298216,0.801918620772699
"centralizacao_grau","Ta_RH_Rad","RH_cen","29",0.00367344931149248,0.2925098279731,0.00408572746113306,0.221752547566435
"centralizacao_grau","Ta_RH_Rad","RAD_cen","29",-0.00804924932496153,0.784922952709642,-0.0058342575030986,0.839999146455853
"centralizacao_grau","Ta_RH_Rad","Ta_cen","30",0.00308000843977494,0.770332916016523,0.00262994067298216,0.801918620772699
"centralizacao_grau","Ta_RH_Rad","RH_cen","30",0.00454428387255802,0.188673863236434,0.00408572746113306,0.221752547566435
"centralizacao_grau","Ta_RH_Rad","RAD_cen","30",-0.00481590113798823,0.868157328763905,-0.0058342575030986,0.839999146455853
"centralizacao_grau","Ta_RH_Rad","Ta_cen","31",0.00206357862467559,0.84649914906781,0.00262994067298216,0.801918620772699
"centralizacao_grau","Ta_RH_Rad","RH_cen","31",0.0041099185704119,0.220250614717544,0.00408572746113306,0.221752547566435
"centralizacao_grau","Ta_RH_Rad","RAD_cen","31",-0.00536437116684779,0.852614533256002,-0.0058342575030986,0.839999146455853
"centralizacao_grau","Ta_RH_Rad","Ta_cen","32",0.00323682350980714,0.757459067639178,0.00262994067298216,0.801918620772699
"centralizacao_grau","Ta_RH_Rad","RH_cen","32",0.00364691221503272,0.284661006386336,0.00408572746113306,0.221752547566435
"centralizacao_grau","Ta_RH_Rad","RAD_cen","32",-0.0129012918174282,0.680438446944583,-0.0058342575030986,0.839999146455853
"centralizacao_grau","Ta_RH_Rad","Ta_cen","33",0.00213506730318784,0.841318614660597,0.00262994067298216,0.801918620772699
"centralizacao_grau","Ta_RH_Rad","RH_cen","33",0.00393516749801674,0.246359298264034,0.00408572746113306,0.221752547566435
"centralizacao_grau","Ta_RH_Rad","RAD_cen","33",-0.00610095084185803,0.834256018876747,-0.0058342575030986,0.839999146455853
"centralizacao_grau","Ta_RH_Rad","Ta_cen","34",0.00309790846749777,0.766023679228861,0.00262994067298216,0.801918620772699
"centralizacao_grau","Ta_RH_Rad","RH_cen","34",0.00414889983803453,0.213146796380721,0.00408572746113306,0.221752547566435
"centralizacao_grau","Ta_RH_Rad","RAD_cen","34",-0.00481578768396338,0.866506721990767,-0.0058342575030986,0.839999146455853
"centralizacao_grau","Ta_RH_Rad","Ta_cen","36",0.00255922825934929,0.80921667902825,0.00262994067298216,0.801918620772699
"centralizacao_grau","Ta_RH_Rad","RH_cen","36",0.00406158755612711,0.232506778882947,0.00408572746113306,0.221752547566435
"centralizacao_grau","Ta_RH_Rad","RAD_cen","36",-0.00587300288064836,0.840249177414114,-0.0058342575030986,0.839999146455853
"centralizacao_grau","Ta_RH_Rad","Ta_cen","37",0.00434752183272571,0.681016112471392,0.00262994067298216,0.801918620772699
"centralizacao_grau","Ta_RH_Rad","RH_cen","37",0.00461394980014428,0.171800423602711,0.00408572746113306,0.221752547566435
"centralizacao_grau","Ta_RH_Rad","RAD_cen","37",-0.00262637033395762,0.928119007784503,-0.0058342575030986,0.839999146455853
"centralizacao_grau","Ta_RH_Rad","Ta_cen","41",0.00257992256843173,0.804872168281074,0.00262994067298216,0.801918620772699
"centralizacao_grau","Ta_RH_Rad","RH_cen","41",0.00559317261411429,0.101234940809331,0.00408572746113306,0.221752547566435
"centralizacao_grau","Ta_RH_Rad","RAD_cen","41",0.000523798270788598,0.985480068752236,-0.0058342575030986,0.839999146455853
"centralizacao_grau","Ta_RH_Rad","Ta_cen","42",0.00201593155465643,0.848139038737414,0.00262994067298216,0.801918620772699
"centralizacao_grau","Ta_RH_Rad","RH_cen","42",0.0038103533918714,0.258016657767758,0.00408572746113306,0.221752547566435
"centralizacao_grau","Ta_RH_Rad","RAD_cen","42",-0.00401270049828179,0.891910935939464,-0.0058342575030986,0.839999146455853
"centralizacao_grau","Ta_RH_Rad","Ta_cen","44",-0.000917856174303796,0.930112291030311,0.00262994067298216,0.801918620772699
"centralizacao_grau","Ta_RH_Rad","RH_cen","44",0.00397382863257583,0.225313307712593,0.00408572746113306,0.221752547566435
"centralizacao_grau","Ta_RH_Rad","RAD_cen","44",-0.00571086253803362,0.839893627959571,-0.0058342575030986,0.839999146455853
"centralizacao_grau","Ta_RH_Rad","Ta_cen","45",0.00325904882422464,0.756401714890575,0.00262994067298216,0.801918620772699
"centralizacao_grau","Ta_RH_Rad","RH_cen","45",0.00422476240515649,0.205083345028452,0.00408572746113306,0.221752547566435
"centralizacao_grau","Ta_RH_Rad","RAD_cen","45",-0.00375261351134473,0.897846017315234,-0.0058342575030986,0.839999146455853
"centralizacao_grau","Ta_RH_Rad","Ta_cen","46",0.00248874961153796,0.814773141511826,0.00262994067298216,0.801918620772699
"centralizacao_grau","Ta_RH_Rad","RH_cen","46",0.00388113524671491,0.25398688417105,0.00408572746113306,0.221752547566435
"centralizacao_grau","Ta_RH_Rad","RAD_cen","46",-0.00614143504095998,0.831899106705636,-0.0058342575030986,0.839999146455853
"centralizacao_grau","Ta_RH_Rad","Ta_cen","48",0.00438011128137421,0.675681125718165,0.00262994067298216,0.801918620772699
"centralizacao_grau","Ta_RH_Rad","RH_cen","48",0.00355763074607955,0.288225679085812,0.00408572746113306,0.221752547566435
"centralizacao_grau","Ta_RH_Rad","RAD_cen","48",-0.010963062451339,0.70454329178431,-0.0058342575030986,0.839999146455853
"centralizacao_grau","Ta_RH_Rad","Ta_cen","49",9.3225481654077e-05,0.992992956448519,0.00262994067298216,0.801918620772699
"centralizacao_grau","Ta_RH_Rad","RH_cen","49",0.00284355768898152,0.406468863374896,0.00408572746113306,0.221752547566435
"centralizacao_grau","Ta_RH_Rad","RAD_cen","49",-0.0106702887351455,0.712728057256987,-0.0058342575030986,0.839999146455853
"centralizacao_grau","Ta_RH_Rad","Ta_cen","52",0.00196928860994552,0.850934156705154,0.00262994067298216,0.801918620772699
"centralizacao_grau","Ta_RH_Rad","RH_cen","52",0.00384025356012155,0.250981191849818,0.00408572746113306,0.221752547566435
"centralizacao_grau","Ta_RH_Rad","RAD_cen","52",-0.00904877501612291,0.761343034528345,-0.0058342575030986,0.839999146455853
"centralizacao_grau","Ta_RH_Rad","Ta_cen","53",0.00282626346531798,0.789502799943659,0.00262994067298216,0.801918620772699
"centralizacao_grau","Ta_RH_Rad","RH_cen","53",0.00408764836083589,0.22241933967581,0.00408572746113306,0.221752547566435
"centralizacao_grau","Ta_RH_Rad","RAD_cen","53",-0.00656335642158414,0.820824291831171,-0.0058342575030986,0.839999146455853
"centralizacao_grau","Ta_RH_Rad","Ta_cen","54",0.0012820086914872,0.904174477403878,0.00262994067298216,0.801918620772699
"centralizacao_grau","Ta_RH_Rad","RH_cen","54",0.00416202429439832,0.214348245228451,0.00408572746113306,0.221752547566435
"centralizacao_grau","Ta_RH_Rad","RAD_cen","54",-0.00397484997263432,0.891677344303343,-0.0058342575030986,0.839999146455853
"centralizacao_grau","Ta_RH_Rad","Ta_cen","55",0.00254712901831282,0.810135470684929,0.00262994067298216,0.801918620772699
"centralizacao_grau","Ta_RH_Rad","RH_cen","55",0.00419486738796069,0.228634333074187,0.00408572746113306,0.221752547566435
"centralizacao_grau","Ta_RH_Rad","RAD_cen","55",-0.00497082851779946,0.868697873171547,-0.0058342575030986,0.839999146455853
"centralizacao_grau","Ta_RH_Rad","Ta_cen","56",0.00232190182852923,0.826193951656021,0.00262994067298216,0.801918620772699
"centralizacao_grau","Ta_RH_Rad","RH_cen","56",0.00415204590727456,0.218749101642566,0.00408572746113306,0.221752547566435
"centralizacao_grau","Ta_RH_Rad","RAD_cen","56",-0.00338458291644891,0.909136758605815,-0.0058342575030986,0.839999146455853
"centralizacao_grau","Ta_RH_Rad","Ta_cen","58",0.0024461891087748,0.814774999065837,0.00262994067298216,0.801918620772699
"centralizacao_grau","Ta_RH_Rad","RH_cen","58",0.00340933361657076,0.31737179156101,0.00408572746113306,0.221752547566435
"centralizacao_grau","Ta_RH_Rad","RAD_cen","58",-0.00804962673805511,0.780856514525916,-0.0058342575030986,0.839999146455853
"centralizacao_grau","Ta_RH_Rad","Ta_cen","60",0.00566870375627757,0.600561013619773,0.00262994067298216,0.801918620772699
"centralizacao_grau","Ta_RH_Rad","RH_cen","60",0.00434916170281936,0.192859986906122,0.00408572746113306,0.221752547566435
"centralizacao_grau","Ta_RH_Rad","RAD_cen","60",-0.00587379023607376,0.839354428274417,-0.0058342575030986,0.839999146455853
"centralizacao_grau","Ta_RH_Rad","Ta_cen","61",0.00256856455033657,0.807112145258856,0.00262994067298216,0.801918620772699
"centralizacao_grau","Ta_RH_Rad","RH_cen","61",0.00422750720513215,0.209151853260994,0.00408572746113306,0.221752547566435
"centralizacao_grau","Ta_RH_Rad","RAD_cen","61",-0.00664300184982513,0.819376460527682,-0.0058342575030986,0.839999146455853
"centralizacao_grau","Ta_RH_Rad","Ta_cen","62",0.00253147402151367,0.810906770053453,0.00262994067298216,0.801918620772699
"centralizacao_grau","Ta_RH_Rad","RH_cen","62",0.00415018918400999,0.219503611887508,0.00408572746113306,0.221752547566435
"centralizacao_grau","Ta_RH_Rad","RAD_cen","62",-0.00571153111426684,0.844910860374399,-0.0058342575030986,0.839999146455853
"centralizacao_grau","Ta_RH_Rad","Ta_cen","63",0.00324562824347836,0.764716178703547,0.00262994067298216,0.801918620772699
"centralizacao_grau","Ta_RH_Rad","RH_cen","63",0.00410504276040785,0.221253105941254,0.00408572746113306,0.221752547566435
"centralizacao_grau","Ta_RH_Rad","RAD_cen","63",-0.00492977660604256,0.865206308396775,-0.0058342575030986,0.839999146455853
"centralizacao_grau","Ta_RH_Rad","Ta_cen","66",0.00129738256561706,0.902870983354464,0.00262994067298216,0.801918620772699
"centralizacao_grau","Ta_RH_Rad","RH_cen","66",0.00409085633888015,0.223518127564793,0.00408572746113306,0.221752547566435
"centralizacao_grau","Ta_RH_Rad","RAD_cen","66",-0.00365236975148766,0.900426230398448,-0.0058342575030986,0.839999146455853
"centralizacao_grau","Ta_RH_Rad","Ta_cen","67",0.00315240176990177,0.764171670852635,0.00262994067298216,0.801918620772699
"centralizacao_grau","Ta_RH_Rad","RH_cen","67",0.0043592335194829,0.192830533762931,0.00408572746113306,0.221752547566435
"centralizacao_grau","Ta_RH_Rad","RAD_cen","67",-0.0126561708238929,0.667004775743974,-0.0058342575030986,0.839999146455853
"centralizacao_grau","Ta_RH_Rad","Ta_cen","68",0.0029249695833805,0.778835607430534,0.00262994067298216,0.801918620772699
"centralizacao_grau","Ta_RH_Rad","RH_cen","68",0.00405152230707161,0.2264716771597,0.00408572746113306,0.221752547566435
"centralizacao_grau","Ta_RH_Rad","RAD_cen","68",0.00172481830496815,0.953549539682121,-0.0058342575030986,0.839999146455853
"centralizacao_grau","Ta_RH_Rad","Ta_cen","69",-0.000557281534356741,0.958530770122997,0.00262994067298216,0.801918620772699
"centralizacao_grau","Ta_RH_Rad","RH_cen","69",0.00313677007019787,0.357357586102673,0.00408572746113306,0.221752547566435
"centralizacao_grau","Ta_RH_Rad","RAD_cen","69",-0.00727611958677926,0.80070242560138,-0.0058342575030986,0.839999146455853
"centralizacao_grau","Ta_RH_Rad","Ta_cen","71",0.00183487818783163,0.863245718034209,0.00262994067298216,0.801918620772699
"centralizacao_grau","Ta_RH_Rad","RH_cen","71",0.00386988520800155,0.25251745750418,0.00408572746113306,0.221752547566435
"centralizacao_grau","Ta_RH_Rad","RAD_cen","71",-0.00698278377749049,0.809586688924169,-0.0058342575030986,0.839999146455853
"centralizacao_grau","Ta_RH_Rad","Ta_cen","74",0.00275807630945608,0.792195525729826,0.00262994067298216,0.801918620772699
"centralizacao_grau","Ta_RH_Rad","RH_cen","74",0.00386807222669367,0.248062258969761,0.00408572746113306,0.221752547566435
"centralizacao_grau","Ta_RH_Rad","RAD_cen","74",-0.0068132053798518,0.81319662256869,-0.0058342575030986,0.839999146455853
"centralizacao_grau","Ta_RH_Rad","Ta_cen","75",0.0011657044431258,0.910591582100469,0.00262994067298216,0.801918620772699
"centralizacao_grau","Ta_RH_Rad","RH_cen","75",0.00453995092355122,0.16946969715115,0.00408572746113306,0.221752547566435
"centralizacao_grau","Ta_RH_Rad","RAD_cen","75",-0.00354852391692676,0.901594583798551,-0.0058342575030986,0.839999146455853
"centralizacao_grau","Ta_RH_Rad","Ta_cen","77",0.00287255775420579,0.785886222373435,0.00262994067298216,0.801918620772699
"centralizacao_grau","Ta_RH_Rad","RH_cen","77",0.00384863939553177,0.255981885098984,0.00408572746113306,0.221752547566435
"centralizacao_grau","Ta_RH_Rad","RAD_cen","77",-0.00739542287926397,0.800234224122468,-0.0058342575030986,0.839999146455853
"centralizacao_grau","Ta_RH_Rad","Ta_cen","79",0.00107744636932142,0.919566835469834,0.00262994067298216,0.801918620772699
"centralizacao_grau","Ta_RH_Rad","RH_cen","79",0.00420976210829897,0.204519304610883,0.00408572746113306,0.221752547566435
"centralizacao_grau","Ta_RH_Rad","RAD_cen","79",-0.00511594680529057,0.858826848137575,-0.0058342575030986,0.839999146455853
"centralizacao_grau","Ta_RH_Rad","Ta_cen","81",0.00413217135602295,0.697478731566289,0.00262994067298216,0.801918620772699
"centralizacao_grau","Ta_RH_Rad","RH_cen","81",0.00420398077378599,0.207462792663718,0.00408572746113306,0.221752547566435
"centralizacao_grau","Ta_RH_Rad","RAD_cen","81",-0.0055326485186889,0.847788835526995,-0.0058342575030986,0.839999146455853
"centralizacao_grau","Ta_RH_Rad","Ta_cen","82",0.00958525732533826,0.38701207630698,0.00262994067298216,0.801918620772699
"centralizacao_grau","Ta_RH_Rad","RH_cen","82",0.00468867821989976,0.158384635632804,0.00408572746113306,0.221752547566435
"centralizacao_grau","Ta_RH_Rad","RAD_cen","82",0.000235471677175612,0.993480104640549,-0.0058342575030986,0.839999146455853
"centralizacao_grau","Ta_RH_Rad","Ta_cen","83",0.00286998930467001,0.786587854898819,0.00262994067298216,0.801918620772699
"centralizacao_grau","Ta_RH_Rad","RH_cen","83",0.00415123654664137,0.217982410175104,0.00408572746113306,0.221752547566435
"centralizacao_grau","Ta_RH_Rad","RAD_cen","83",-0.00538512627988622,0.85404116367286,-0.0058342575030986,0.839999146455853
"centralizacao_grau","Ta_RH_Rad","Ta_cen","86",0.00299385310466993,0.777340896495234,0.00262994067298216,0.801918620772699
"centralizacao_grau","Ta_RH_Rad","RH_cen","86",0.00435405683011289,0.204832148494131,0.00408572746113306,0.221752547566435
"centralizacao_grau","Ta_RH_Rad","RAD_cen","86",-0.00430101270379973,0.883842634863132,-0.0058342575030986,0.839999146455853
"centralizacao_grau","Ta_RH_Rad","Ta_cen","87",0.00363510921386356,0.731985471530305,0.00262994067298216,0.801918620772699
"centralizacao_grau","Ta_RH_Rad","RH_cen","87",0.00415659713618224,0.216616631486351,0.00408572746113306,0.221752547566435
"centralizacao_grau","Ta_RH_Rad","RAD_cen","87",-0.00373920864193777,0.897903000102137,-0.0058342575030986,0.839999146455853
"centralizacao_grau","Ta_RH_Rad","Ta_cen","89",0.00646464145043545,0.549296750637154,0.00262994067298216,0.801918620772699
"centralizacao_grau","Ta_RH_Rad","RH_cen","89",0.00289135924325749,0.404312416658929,0.00408572746113306,0.221752547566435
"centralizacao_grau","Ta_RH_Rad","RAD_cen","89",-0.0155112336633773,0.601450717710234,-0.0058342575030986,0.839999146455853
"centralizacao_grau","Ta_RH_Rad","Ta_cen","91",0.00247653991058458,0.808324022276976,0.00262994067298216,0.801918620772699
"centralizacao_grau","Ta_RH_Rad","RH_cen","91",0.00427394975166325,0.189910911063402,0.00408572746113306,0.221752547566435
"centralizacao_grau","Ta_RH_Rad","RAD_cen","91",-0.00620997774193151,0.825946402082751,-0.0058342575030986,0.839999146455853
"centralizacao_grau","Ta_RH_Rad","Ta_cen","92",0.000940253975439727,0.929611687878711,0.00262994067298216,0.801918620772699
"centralizacao_grau","Ta_RH_Rad","RH_cen","92",0.00403647505075227,0.224537153488913,0.00408572746113306,0.221752547566435
"centralizacao_grau","Ta_RH_Rad","RAD_cen","92",-0.00185715942778397,0.948742368011136,-0.0058342575030986,0.839999146455853
"centralizacao_grau","Ta_RH_Rad","Ta_cen","94",0.00280349486799168,0.789404788643012,0.00262994067298216,0.801918620772699
"centralizacao_grau","Ta_RH_Rad","RH_cen","94",0.00403071493427198,0.229940359287661,0.00408572746113306,0.221752547566435
"centralizacao_grau","Ta_RH_Rad","RAD_cen","94",-0.00562907437792491,0.846087455597071,-0.0058342575030986,0.839999146455853
"centralizacao_grau","Ta_RH_Rad","Ta_cen","97",0.00319964820152641,0.762236377422897,0.00262994067298216,0.801918620772699
"centralizacao_grau","Ta_RH_Rad","RH_cen","97",0.00432460629009549,0.20232662733573,0.00408572746113306,0.221752547566435
"centralizacao_grau","Ta_RH_Rad","RAD_cen","97",-0.00464490208931685,0.87344609841076,-0.0058342575030986,0.839999146455853
"centralizacao_grau","Ta_RH_Rad","Ta_cen","99",0.0011158388217462,0.91645469136662,0.00262994067298216,0.801918620772699
"centralizacao_grau","Ta_RH_Rad","RH_cen","99",0.00346123994300451,0.304330217775876,0.00408572746113306,0.221752547566435
"centralizacao_grau","Ta_RH_Rad","RAD_cen","99",-0.00445601394647195,0.877350683597093,-0.0058342575030986,0.839999146455853
"centralizacao_grau","Ta_RH_Rad","Ta_cen","100",0.00227668194658025,0.827851246422942,0.00262994067298216,0.801918620772699
"centralizacao_grau","Ta_RH_Rad","RH_cen","100",0.00411112437812248,0.217695696964657,0.00408572746113306,0.221752547566435
"centralizacao_grau","Ta_RH_Rad","RAD_cen","100",-0.0060708778003595,0.83383778471713,-0.0058342575030986,0.839999146455853
"centralizacao_grau","Ta_RH_Rad","Ta_cen","103",0.00245396858144752,0.817632121318719,0.00262994067298216,0.801918620772699
"centralizacao_grau","Ta_RH_Rad","RH_cen","103",0.00416683804630394,0.22229316914483,0.00408572746113306,0.221752547566435
"centralizacao_grau","Ta_RH_Rad","RAD_cen","103",-0.00630823514264894,0.828901707935269,-0.0058342575030986,0.839999146455853
"centralizacao_grau","Ta_RH_Rad","Ta_cen","104",0.00275937891175072,0.793163469493205,0.00262994067298216,0.801918620772699
"centralizacao_grau","Ta_RH_Rad","RH_cen","104",0.00392814690787466,0.240256868598045,0.00408572746113306,0.221752547566435
"centralizacao_grau","Ta_RH_Rad","RAD_cen","104",-0.00635273415578621,0.828373659833124,-0.0058342575030986,0.839999146455853
"distancia_media_ponderada","WBGT","WBGT_cen","1",-0.010224765279126,0.175354669670247,-0.0112759427730465,0.131130666330611
"distancia_media_ponderada","WBGT","WBGT_cen","2",-0.0123258275492721,0.103644966745676,-0.0112759427730465,0.131130666330611
"distancia_media_ponderada","WBGT","WBGT_cen","3",-0.0107570672257544,0.137671670975721,-0.0112759427730465,0.131130666330611
"distancia_media_ponderada","WBGT","WBGT_cen","5",-0.0103957187941449,0.158796268674283,-0.0112759427730465,0.131130666330611
"distancia_media_ponderada","WBGT","WBGT_cen","7",-0.0109988681237601,0.145349381831001,-0.0112759427730465,0.131130666330611
"distancia_media_ponderada","WBGT","WBGT_cen","8",-0.0114336814902321,0.126811378628639,-0.0112759427730465,0.131130666330611
"distancia_media_ponderada","WBGT","WBGT_cen","9",-0.0113340161367333,0.134438702258112,-0.0112759427730465,0.131130666330611
"distancia_media_ponderada","WBGT","WBGT_cen","12",-0.0116806956948527,0.125950309580918,-0.0112759427730465,0.131130666330611
"distancia_media_ponderada","WBGT","WBGT_cen","13",-0.0117375863550004,0.121917217316022,-0.0112759427730465,0.131130666330611
"distancia_media_ponderada","WBGT","WBGT_cen","16",-0.011878428123583,0.11583935929904,-0.0112759427730465,0.131130666330611
"distancia_media_ponderada","WBGT","WBGT_cen","17",-0.0125486196778268,0.0934953633545404,-0.0112759427730465,0.131130666330611
"distancia_media_ponderada","WBGT","WBGT_cen","18",-0.0108021984002114,0.156466275076433,-0.0112759427730465,0.131130666330611
"distancia_media_ponderada","WBGT","WBGT_cen","19",-0.0116147932638504,0.11715015137712,-0.0112759427730465,0.131130666330611
"distancia_media_ponderada","WBGT","WBGT_cen","20",-0.0119420034092569,0.117058575049697,-0.0112759427730465,0.131130666330611
"distancia_media_ponderada","WBGT","WBGT_cen","21",-0.0118860979586992,0.116922807208201,-0.0112759427730465,0.131130666330611
"distancia_media_ponderada","WBGT","WBGT_cen","24",-0.0115855542201458,0.125829879614397,-0.0112759427730465,0.131130666330611
"distancia_media_ponderada","WBGT","WBGT_cen","28",-0.0108105232357593,0.152597109276887,-0.0112759427730465,0.131130666330611
"distancia_media_ponderada","WBGT","WBGT_cen","29",-0.0118552574756227,0.116232963819545,-0.0112759427730465,0.131130666330611
"distancia_media_ponderada","WBGT","WBGT_cen","30",-0.0121713906437021,0.105612544415122,-0.0112759427730465,0.131130666330611
"distancia_media_ponderada","WBGT","WBGT_cen","31",-0.00761007046333759,0.29621176666902,-0.0112759427730465,0.131130666330611
"distancia_media_ponderada","WBGT","WBGT_cen","32",-0.0110167940207824,0.138463084145063,-0.0112759427730465,0.131130666330611
"distancia_media_ponderada","WBGT","WBGT_cen","33",-0.0122886555583765,0.10648488327325,-0.0112759427730465,0.131130666330611
"distancia_media_ponderada","WBGT","WBGT_cen","34",-0.0120283239595869,0.102515079750402,-0.0112759427730465,0.131130666330611
"distancia_media_ponderada","WBGT","WBGT_cen","36",-0.011068566608869,0.143037225248271,-0.0112759427730465,0.131130666330611
"distancia_media_ponderada","WBGT","WBGT_cen","37",-0.0127956892003034,0.0881766280920666,-0.0112759427730465,0.131130666330611
"distancia_media_ponderada","WBGT","WBGT_cen","41",-0.0112091575349637,0.133906634240162,-0.0112759427730465,0.131130666330611
"distancia_media_ponderada","WBGT","WBGT_cen","42",-0.0106064459620389,0.156631863575349,-0.0112759427730465,0.131130666330611
"distancia_media_ponderada","WBGT","WBGT_cen","44",-0.010182748958017,0.181651234558969,-0.0112759427730465,0.131130666330611
"distancia_media_ponderada","WBGT","WBGT_cen","45",-0.009368111283683,0.19311843858033,-0.0112759427730465,0.131130666330611
"distancia_media_ponderada","WBGT","WBGT_cen","46",-0.011416527456608,0.134229380414237,-0.0112759427730465,0.131130666330611
"distancia_media_ponderada","WBGT","WBGT_cen","48",-0.0116502340560053,0.125020702711696,-0.0112759427730465,0.131130666330611
"distancia_media_ponderada","WBGT","WBGT_cen","49",-0.00846498760461725,0.256271993081817,-0.0112759427730465,0.131130666330611
"distancia_media_ponderada","WBGT","WBGT_cen","52",-0.0110048000979312,0.139639514669885,-0.0112759427730465,0.131130666330611
"distancia_media_ponderada","WBGT","WBGT_cen","53",-0.0119293598400278,0.114217482814542,-0.0112759427730465,0.131130666330611
"distancia_media_ponderada","WBGT","WBGT_cen","54",-0.0119248643282715,0.115208065932747,-0.0112759427730465,0.131130666330611
"distancia_media_ponderada","WBGT","WBGT_cen","55",-0.0112231071171896,0.131371956843406,-0.0112759427730465,0.131130666330611
"distancia_media_ponderada","WBGT","WBGT_cen","56",-0.0112943092790263,0.133130589457962,-0.0112759427730465,0.131130666330611
"distancia_media_ponderada","WBGT","WBGT_cen","58",-0.0108063453694521,0.152493162710351,-0.0112759427730465,0.131130666330611
"distancia_media_ponderada","WBGT","WBGT_cen","60",-0.0138972948809332,0.0565174058412599,-0.0112759427730465,0.131130666330611
"distancia_media_ponderada","WBGT","WBGT_cen","61",-0.0113594957501988,0.129869672230914,-0.0112759427730465,0.131130666330611
"distancia_media_ponderada","WBGT","WBGT_cen","62",-0.0108651553049574,0.147681740687692,-0.0112759427730465,0.131130666330611
"distancia_media_ponderada","WBGT","WBGT_cen","63",-0.0113374870854296,0.141957502240395,-0.0112759427730465,0.131130666330611
"distancia_media_ponderada","WBGT","WBGT_cen","66",-0.0106974825996098,0.159770465014883,-0.0112759427730465,0.131130666330611
"distancia_media_ponderada","WBGT","WBGT_cen","67",-0.0117080869460755,0.117552148095353,-0.0112759427730465,0.131130666330611
"distancia_media_ponderada","WBGT","WBGT_cen","68",-0.0114051851737647,0.126743706216457,-0.0112759427730465,0.131130666330611
"distancia_media_ponderada","WBGT","WBGT_cen","69",-0.0103423987025228,0.174689585046919,-0.0112759427730465,0.131130666330611
"distancia_media_ponderada","WBGT","WBGT_cen","71",-0.0107437746574838,0.157806138194505,-0.0112759427730465,0.131130666330611
"distancia_media_ponderada","WBGT","WBGT_cen","74",-0.0113532629584438,0.131041311042926,-0.0112759427730465,0.131130666330611
"distancia_media_ponderada","WBGT","WBGT_cen","75",-0.0113069869867632,0.136258935467734,-0.0112759427730465,0.131130666330611
"distancia_media_ponderada","WBGT","WBGT_cen","77",-0.0112906842557669,0.133986912226086,-0.0112759427730465,0.131130666330611
"distancia_media_ponderada","WBGT","WBGT_cen","79",-0.0105559572262356,0.170114679219535,-0.0112759427730465,0.131130666330611
"distancia_media_ponderada","WBGT","WBGT_cen","81",-0.0104993607834739,0.167990596115888,-0.0112759427730465,0.131130666330611
"distancia_media_ponderada","WBGT","WBGT_cen","82",-0.0153312281007647,0.045728493029768,-0.0112759427730465,0.131130666330611
"distancia_media_ponderada","WBGT","WBGT_cen","83",-0.0117227979135459,0.120862371444725,-0.0112759427730465,0.131130666330611
"distancia_media_ponderada","WBGT","WBGT_cen","86",-0.0110647683739466,0.137693592897315,-0.0112759427730465,0.131130666330611
"distancia_media_ponderada","WBGT","WBGT_cen","87",-0.0103283375040219,0.173859861299338,-0.0112759427730465,0.131130666330611
"distancia_media_ponderada","WBGT","WBGT_cen","89",-0.0164171830217127,0.0305133167724064,-0.0112759427730465,0.131130666330611
"distancia_media_ponderada","WBGT","WBGT_cen","91",-0.0110146195648188,0.138552937729465,-0.0112759427730465,0.131130666330611
"distancia_media_ponderada","WBGT","WBGT_cen","92",-0.00887038067732858,0.248238132581158,-0.0112759427730465,0.131130666330611
"distancia_media_ponderada","WBGT","WBGT_cen","94",-0.0111354271450678,0.138642899297686,-0.0112759427730465,0.131130666330611
"distancia_media_ponderada","WBGT","WBGT_cen","97",-0.0112694261373511,0.134917388398318,-0.0112759427730465,0.131130666330611
"distancia_media_ponderada","WBGT","WBGT_cen","99",-0.0106164410428654,0.162720849128193,-0.0112759427730465,0.131130666330611
"distancia_media_ponderada","WBGT","WBGT_cen","100",-0.0110497819086532,0.142763469448153,-0.0112759427730465,0.131130666330611
"distancia_media_ponderada","WBGT","WBGT_cen","103",-0.0109204404914805,0.147371305445243,-0.0112759427730465,0.131130666330611
"distancia_media_ponderada","WBGT","WBGT_cen","104",-0.0120408185979953,0.10916159986022,-0.0112759427730465,0.131130666330611
"distancia_media_ponderada","Ta_RH_Rad","Ta_cen","1",-0.00797660802845844,0.246360584351492,-0.00883518979066177,0.195788729987975
"distancia_media_ponderada","Ta_RH_Rad","RH_cen","1",-0.00051080359981933,0.806652469458203,-0.00072723604222666,0.727205168298417
"distancia_media_ponderada","Ta_RH_Rad","RAD_cen","1",0.00107833307767366,0.955205453776053,-0.00488188796181684,0.792396086862689
"distancia_media_ponderada","Ta_RH_Rad","Ta_cen","2",-0.00972264724851192,0.16026492498938,-0.00883518979066177,0.195788729987975
"distancia_media_ponderada","Ta_RH_Rad","RH_cen","2",-0.000574338482335057,0.784744595546499,-0.00072723604222666,0.727205168298417
"distancia_media_ponderada","Ta_RH_Rad","RAD_cen","2",-0.00328605735726633,0.860906226956163,-0.00488188796181684,0.792396086862689
"distancia_media_ponderada","Ta_RH_Rad","Ta_cen","3",-0.00882542791180163,0.181560226180519,-0.00883518979066177,0.195788729987975
"distancia_media_ponderada","Ta_RH_Rad","RH_cen","3",-0.000562219672926481,0.780354979153597,-0.00072723604222666,0.727205168298417
"distancia_media_ponderada","Ta_RH_Rad","RAD_cen","3",-0.00531605019420833,0.76618075445032,-0.00488188796181684,0.792396086862689
"distancia_media_ponderada","Ta_RH_Rad","Ta_cen","5",-0.00809146291698553,0.230110802096246,-0.00883518979066177,0.195788729987975
"distancia_media_ponderada","Ta_RH_Rad","RH_cen","5",-0.000172206404834662,0.933919121018675,-0.00072723604222666,0.727205168298417
"distancia_media_ponderada","Ta_RH_Rad","RAD_cen","5",-0.000962394177149294,0.958349268490024,-0.00488188796181684,0.792396086862689
"distancia_media_ponderada","Ta_RH_Rad","Ta_cen","7",-0.00860193356896937,0.212904247745876,-0.00883518979066177,0.195788729987975
"distancia_media_ponderada","Ta_RH_Rad","RH_cen","7",-0.000832434865824342,0.693704396744025,-0.00072723604222666,0.727205168298417
"distancia_media_ponderada","Ta_RH_Rad","RAD_cen","7",-0.00440272434361136,0.814332083215849,-0.00488188796181684,0.792396086862689
"distancia_media_ponderada","Ta_RH_Rad","Ta_cen","8",-0.00906356482547774,0.185423136035422,-0.00883518979066177,0.195788729987975
"distancia_media_ponderada","Ta_RH_Rad","RH_cen","8",-0.000860782345404645,0.680541513783272,-0.00072723604222666,0.727205168298417
"distancia_media_ponderada","Ta_RH_Rad","RAD_cen","8",-0.00975568284938036,0.617381536206799,-0.00488188796181684,0.792396086862689
"distancia_media_ponderada","Ta_RH_Rad","Ta_cen","9",-0.00889433285807689,0.199346104418542,-0.00883518979066177,0.195788729987975
"distancia_media_ponderada","Ta_RH_Rad","RH_cen","9",-0.000712985245021205,0.735510274528654,-0.00072723604222666,0.727205168298417
"distancia_media_ponderada","Ta_RH_Rad","RAD_cen","9",-0.00480584319012612,0.797589828352462,-0.00488188796181684,0.792396086862689
"distancia_media_ponderada","Ta_RH_Rad","Ta_cen","12",-0.00915599250999393,0.189591206050678,-0.00883518979066177,0.195788729987975
"distancia_media_ponderada","Ta_RH_Rad","RH_cen","12",-0.000888834918902916,0.677756179570128,-0.00072723604222666,0.727205168298417
"distancia_media_ponderada","Ta_RH_Rad","RAD_cen","12",-0.00539746927162851,0.773399531861137,-0.00488188796181684,0.792396086862689
"distancia_media_ponderada","Ta_RH_Rad","Ta_cen","13",-0.00921281364040314,0.184433998230801,-0.00883518979066177,0.195788729987975
"distancia_media_ponderada","Ta_RH_Rad","RH_cen","13",-0.000806170726596424,0.70248151486487,-0.00072723604222666,0.727205168298417
"distancia_media_ponderada","Ta_RH_Rad","RAD_cen","13",-0.00526482675099306,0.778431105962833,-0.00488188796181684,0.792396086862689
"distancia_media_ponderada","Ta_RH_Rad","Ta_cen","16",-0.00956034891163626,0.166553249290457,-0.00883518979066177,0.195788729987975
"distancia_media_ponderada","Ta_RH_Rad","RH_cen","16",-0.00081706426482827,0.696525714814557,-0.00072723604222666,0.727205168298417
"distancia_media_ponderada","Ta_RH_Rad","RAD_cen","16",-0.00876079467747517,0.652330757882641,-0.00488188796181684,0.792396086862689
"distancia_media_ponderada","Ta_RH_Rad","Ta_cen","17",-0.00980630580004629,0.15182798107035,-0.00883518979066177,0.195788729987975
"distancia_media_ponderada","Ta_RH_Rad","RH_cen","17",-0.00109339646016367,0.602532041984535,-0.00072723604222666,0.727205168298417
"distancia_media_ponderada","Ta_RH_Rad","RAD_cen","17",-0.00133220883040988,0.943065041056384,-0.00488188796181684,0.792396086862689
"distancia_media_ponderada","Ta_RH_Rad","Ta_cen","18",-0.00822958920311928,0.236624025424787,-0.00883518979066177,0.195788729987975
"distancia_media_ponderada","Ta_RH_Rad","RH_cen","18",-0.000144266602227157,0.949952352341573,-0.00072723604222666,0.727205168298417
"distancia_media_ponderada","Ta_RH_Rad","RAD_cen","18",-0.00397590189174761,0.832064966128171,-0.00488188796181684,0.792396086862689
"distancia_media_ponderada","Ta_RH_Rad","Ta_cen","19",-0.00926572821199112,0.171627810946559,-0.00883518979066177,0.195788729987975
"distancia_media_ponderada","Ta_RH_Rad","RH_cen","19",-0.000948755220116495,0.647617864807499,-0.00072723604222666,0.727205168298417
"distancia_media_ponderada","Ta_RH_Rad","RAD_cen","19",-0.00678218297605664,0.7127400436353,-0.00488188796181684,0.792396086862689
"distancia_media_ponderada","Ta_RH_Rad","Ta_cen","20",-0.00949787704353103,0.17393315579338,-0.00883518979066177,0.195788729987975
"distancia_media_ponderada","Ta_RH_Rad","RH_cen","20",-0.00075927080844511,0.718439774670275,-0.00072723604222666,0.727205168298417
"distancia_media_ponderada","Ta_RH_Rad","RAD_cen","20",-0.00491066529779048,0.793041670972569,-0.00488188796181684,0.792396086862689
"distancia_media_ponderada","Ta_RH_Rad","Ta_cen","21",-0.00924954899595826,0.181655466445928,-0.00883518979066177,0.195788729987975
"distancia_media_ponderada","Ta_RH_Rad","RH_cen","21",-0.000680332320097134,0.745972227561457,-0.00072723604222666,0.727205168298417
"distancia_media_ponderada","Ta_RH_Rad","RAD_cen","21",-0.00388137977458356,0.836172998227056,-0.00488188796181684,0.792396086862689
"distancia_media_ponderada","Ta_RH_Rad","Ta_cen","24",-0.00907316484380195,0.189435750838437,-0.00883518979066177,0.195788729987975
"distancia_media_ponderada","Ta_RH_Rad","RH_cen","24",-0.00071573771648923,0.733673328326832,-0.00072723604222666,0.727205168298417
"distancia_media_ponderada","Ta_RH_Rad","RAD_cen","24",-0.0050366788283372,0.787956492989297,-0.00488188796181684,0.792396086862689
"distancia_media_ponderada","Ta_RH_Rad","Ta_cen","28",-0.00836574249027122,0.225889921887698,-0.00883518979066177,0.195788729987975
"distancia_media_ponderada","Ta_RH_Rad","RH_cen","28",-0.000792174894205545,0.704858634171011,-0.00072723604222666,0.727205168298417
"distancia_media_ponderada","Ta_RH_Rad","RAD_cen","28",-0.00601263387949296,0.747440992511139,-0.00488188796181684,0.792396086862689
"distancia_media_ponderada","Ta_RH_Rad","Ta_cen","29",-0.00928423028527882,0.178072594709644,-0.00883518979066177,0.195788729987975
"distancia_media_ponderada","Ta_RH_Rad","RH_cen","29",-0.000937122127829865,0.666630763131644,-0.00072723604222666,0.727205168298417
"distancia_media_ponderada","Ta_RH_Rad","RAD_cen","29",-0.00594739076324797,0.75133951419425,-0.00488188796181684,0.792396086862689
"distancia_media_ponderada","Ta_RH_Rad","Ta_cen","30",-0.00947132653651942,0.168261477635702,-0.00883518979066177,0.195788729987975
"distancia_media_ponderada","Ta_RH_Rad","RH_cen","30",-0.00112077714001926,0.599460198416838,-0.00072723604222666,0.727205168298417
"distancia_media_ponderada","Ta_RH_Rad","RAD_cen","30",-0.00542892003236119,0.770247073564604,-0.00488188796181684,0.792396086862689
"distancia_media_ponderada","Ta_RH_Rad","Ta_cen","31",-0.00524616000905172,0.431422713614254,-0.00883518979066177,0.195788729987975
"distancia_media_ponderada","Ta_RH_Rad","RH_cen","31",-0.000998682177219575,0.619760023792321,-0.00072723604222666,0.727205168298417
"distancia_media_ponderada","Ta_RH_Rad","RAD_cen","31",-0.00701151387259174,0.693114842596518,-0.00488188796181684,0.792396086862689
"distancia_media_ponderada","Ta_RH_Rad","Ta_cen","32",-0.00852836957887166,0.20931096699632,-0.00883518979066177,0.195788729987975
"distancia_media_ponderada","Ta_RH_Rad","RH_cen","32",-0.000911053690678196,0.666394392543095,-0.00072723604222666,0.727205168298417
"distancia_media_ponderada","Ta_RH_Rad","RAD_cen","32",-0.00924868202434028,0.642799064979278,-0.00488188796181684,0.792396086862689
"distancia_media_ponderada","Ta_RH_Rad","Ta_cen","33",-0.00973920488652868,0.16246323936673,-0.00883518979066177,0.195788729987975
"distancia_media_ponderada","Ta_RH_Rad","RH_cen","33",-0.000897412843552439,0.670842750395334,-0.00072723604222666,0.727205168298417
"distancia_media_ponderada","Ta_RH_Rad","RAD_cen","33",-0.00490299167188792,0.792658621998702,-0.00488188796181684,0.792396086862689
"distancia_media_ponderada","Ta_RH_Rad","Ta_cen","34",-0.00932737605022722,0.166322020461288,-0.00883518979066177,0.195788729987975
"distancia_media_ponderada","Ta_RH_Rad","RH_cen","34",-0.000856527825499925,0.675874779326521,-0.00072723604222666,0.727205168298417
"distancia_media_ponderada","Ta_RH_Rad","RAD_cen","34",-0.00600200662097304,0.742354086181847,-0.00488188796181684,0.792396086862689
"distancia_media_ponderada","Ta_RH_Rad","Ta_cen","36",-0.00862174464254897,0.212269342458298,-0.00883518979066177,0.195788729987975
"distancia_media_ponderada","Ta_RH_Rad","RH_cen","36",-0.000633905794455541,0.764856441114587,-0.00072723604222666,0.727205168298417
"distancia_media_ponderada","Ta_RH_Rad","RAD_cen","36",-0.00473847932732648,0.79998761019872,-0.00488188796181684,0.792396086862689
"distancia_media_ponderada","Ta_RH_Rad","Ta_cen","37",-0.0101251471091618,0.140155104752739,-0.00883518979066177,0.195788729987975
"distancia_media_ponderada","Ta_RH_Rad","RH_cen","37",-0.00111819436142643,0.592719286326626,-0.00072723604222666,0.727205168298417
"distancia_media_ponderada","Ta_RH_Rad","RAD_cen","37",-0.00713413905748675,0.699867054519952,-0.00488188796181684,0.792396086862689
"distancia_media_ponderada","Ta_RH_Rad","Ta_cen","41",-0.00891757225819167,0.192396019691727,-0.00883518979066177,0.195788729987975
"distancia_media_ponderada","Ta_RH_Rad","RH_cen","41",-0.00141282385637749,0.515833367755409,-0.00072723604222666,0.727205168298417
"distancia_media_ponderada","Ta_RH_Rad","RAD_cen","41",-0.00780022826085563,0.677123100094444,-0.00488188796181684,0.792396086862689
"distancia_media_ponderada","Ta_RH_Rad","Ta_cen","42",-0.00822070711067698,0.229063798881544,-0.00883518979066177,0.195788729987975
"distancia_media_ponderada","Ta_RH_Rad","RH_cen","42",-0.000441429177382578,0.832744677661525,-0.00072723604222666,0.727205168298417
"distancia_media_ponderada","Ta_RH_Rad","RAD_cen","42",-0.00872336402662045,0.643252083754522,-0.00488188796181684,0.792396086862689
"distancia_media_ponderada","Ta_RH_Rad","Ta_cen","44",-0.00776416419585358,0.26706123793299,-0.00883518979066177,0.195788729987975
"distancia_media_ponderada","Ta_RH_Rad","RH_cen","44",-0.000660585525188105,0.751639878283328,-0.00072723604222666,0.727205168298417
"distancia_media_ponderada","Ta_RH_Rad","RAD_cen","44",-0.00465017050238207,0.802407921724156,-0.00488188796181684,0.792396086862689
"distancia_media_ponderada","Ta_RH_Rad","Ta_cen","45",-0.00702379915617891,0.285559229015271,-0.00883518979066177,0.195788729987975
"distancia_media_ponderada","Ta_RH_Rad","RH_cen","45",-0.000926362737118386,0.641938210157899,-0.00072723604222666,0.727205168298417
"distancia_media_ponderada","Ta_RH_Rad","RAD_cen","45",0.00293858602628748,0.870934734665741,-0.00488188796181684,0.792396086862689
"distancia_media_ponderada","Ta_RH_Rad","Ta_cen","46",-0.00889125385504798,0.202184382717031,-0.00883518979066177,0.195788729987975
"distancia_media_ponderada","Ta_RH_Rad","RH_cen","46",-0.000762587753835783,0.723010234773627,-0.00072723604222666,0.727205168298417
"distancia_media_ponderada","Ta_RH_Rad","RAD_cen","46",-0.00478548918048386,0.798138836071107,-0.00488188796181684,0.792396086862689
"distancia_media_ponderada","Ta_RH_Rad","Ta_cen","48",-0.00911267640607892,0.18937882872314,-0.00883518979066177,0.195788729987975
"distancia_media_ponderada","Ta_RH_Rad","RH_cen","48",-0.000690166058755449,0.744118948029227,-0.00072723604222666,0.727205168298417
"distancia_media_ponderada","Ta_RH_Rad","RAD_cen","48",-0.00427113377875793,0.820916340310258,-0.00488188796181684,0.792396086862689
"distancia_media_ponderada","Ta_RH_Rad","Ta_cen","49",-0.00645713457556134,0.340226638945654,-0.00883518979066177,0.195788729987975
"distancia_media_ponderada","Ta_RH_Rad","RH_cen","49",0.000296041156244021,0.887079171155419,-0.00072723604222666,0.727205168298417
"distancia_media_ponderada","Ta_RH_Rad","RAD_cen","49",-5.13643033742789e-06,0.999775529300227,-0.00488188796181684,0.792396086862689
"distancia_media_ponderada","Ta_RH_Rad","Ta_cen","52",-0.00865754195474126,0.203726547431311,-0.00883518979066177,0.195788729987975
"distancia_media_ponderada","Ta_RH_Rad","RH_cen","52",-0.000628997495135645,0.761990251552567,-0.00072723604222666,0.727205168298417
"distancia_media_ponderada","Ta_RH_Rad","RAD_cen","52",-0.00125672820284168,0.946900095181525,-0.00488188796181684,0.792396086862689
"distancia_media_ponderada","Ta_RH_Rad","Ta_cen","53",-0.00939810688099247,0.173645021813243,-0.00883518979066177,0.195788729987975
"distancia_media_ponderada","Ta_RH_Rad","RH_cen","53",-0.000639441288542896,0.760879975171609,-0.00072723604222666,0.727205168298417
"distancia_media_ponderada","Ta_RH_Rad","RAD_cen","53",-0.00431505647048057,0.817598324459006,-0.00488188796181684,0.792396086862689
"distancia_media_ponderada","Ta_RH_Rad","Ta_cen","54",-0.00938715228525896,0.175164708904422,-0.00883518979066177,0.195788729987975
"distancia_media_ponderada","Ta_RH_Rad","RH_cen","54",-0.000611388033854945,0.770788593591412,-0.00072723604222666,0.727205168298417
"distancia_media_ponderada","Ta_RH_Rad","RAD_cen","54",-0.00292639694161075,0.876333899785491,-0.00488188796181684,0.792396086862689
"distancia_media_ponderada","Ta_RH_Rad","Ta_cen","55",-0.00855356576802358,0.209458265456497,-0.00883518979066177,0.195788729987975
"distancia_media_ponderada","Ta_RH_Rad","RH_cen","55",-0.00122151784921294,0.562725026629006,-0.00072723604222666,0.727205168298417
"distancia_media_ponderada","Ta_RH_Rad","RAD_cen","55",-0.00936734273690079,0.619629326502522,-0.00488188796181684,0.792396086862689
"distancia_media_ponderada","Ta_RH_Rad","Ta_cen","56",-0.00881641332927418,0.199992734825135,-0.00883518979066177,0.195788729987975
"distancia_media_ponderada","Ta_RH_Rad","RH_cen","56",-0.00078305899100182,0.710226989477848,-0.00072723604222666,0.727205168298417
"distancia_media_ponderada","Ta_RH_Rad","RAD_cen","56",-0.00611241201428663,0.746825303561205,-0.00488188796181684,0.792396086862689
"distancia_media_ponderada","Ta_RH_Rad","Ta_cen","58",-0.0084461014597317,0.221273285734323,-0.00883518979066177,0.195788729987975
"distancia_media_ponderada","Ta_RH_Rad","RH_cen","58",-0.000615878337115714,0.773428603073488,-0.00072723604222666,0.727205168298417
"distancia_media_ponderada","Ta_RH_Rad","RAD_cen","58",-0.00495611540179798,0.79226510062022,-0.00488188796181684,0.792396086862689
"distancia_media_ponderada","Ta_RH_Rad","Ta_cen","60",-0.0114226137633827,0.087031804004715,-0.00883518979066177,0.195788729987975
"distancia_media_ponderada","Ta_RH_Rad","RH_cen","60",-0.000856278874362053,0.668627545853335,-0.00072723604222666,0.727205168298417
"distancia_media_ponderada","Ta_RH_Rad","RAD_cen","60",-0.00458428559250434,0.798910606965744,-0.00488188796181684,0.792396086862689
"distancia_media_ponderada","Ta_RH_Rad","Ta_cen","61",-0.00895500991932502,0.191584929646841,-0.00883518979066177,0.195788729987975
"distancia_media_ponderada","Ta_RH_Rad","RH_cen","61",-0.000671114596892818,0.74895295745509,-0.00072723604222666,0.727205168298417
"distancia_media_ponderada","Ta_RH_Rad","RAD_cen","61",-0.00504159331374131,0.786749252575546,-0.00488188796181684,0.792396086862689
"distancia_media_ponderada","Ta_RH_Rad","Ta_cen","62",-0.00831395541848019,0.226711306796096,-0.00883518979066177,0.195788729987975
"distancia_media_ponderada","Ta_RH_Rad","RH_cen","62",-0.000929452324880658,0.658267239045479,-0.00072723604222666,0.727205168298417
"distancia_media_ponderada","Ta_RH_Rad","RAD_cen","62",-0.00643688378456688,0.730612698146211,-0.00488188796181684,0.792396086862689
"distancia_media_ponderada","Ta_RH_Rad","Ta_cen","63",-0.00885469714502527,0.208855351532792,-0.00883518979066177,0.195788729987975
"distancia_media_ponderada","Ta_RH_Rad","RH_cen","63",-0.000727894479297375,0.728475659455537,-0.00072723604222666,0.727205168298417
"distancia_media_ponderada","Ta_RH_Rad","RAD_cen","63",-0.00599854779915393,0.748511757661809,-0.00488188796181684,0.792396086862689
"distancia_media_ponderada","Ta_RH_Rad","Ta_cen","66",-0.00831819736127769,0.230681993389557,-0.00883518979066177,0.195788729987975
"distancia_media_ponderada","Ta_RH_Rad","RH_cen","66",-0.000659949575405832,0.754911230162591,-0.00072723604222666,0.727205168298417
"distancia_media_ponderada","Ta_RH_Rad","RAD_cen","66",-0.00515520054084735,0.784072291356413,-0.00488188796181684,0.792396086862689
"distancia_media_ponderada","Ta_RH_Rad","Ta_cen","67",-0.00917768788252698,0.17970186938142,-0.00883518979066177,0.195788729987975
"distancia_media_ponderada","Ta_RH_Rad","RH_cen","67",-0.000899990948911863,0.667733200698836,-0.00072723604222666,0.727205168298417
"distancia_media_ponderada","Ta_RH_Rad","RAD_cen","67",-0.00363921721624176,0.848422839732558,-0.00488188796181684,0.792396086862689
"distancia_media_ponderada","Ta_RH_Rad","Ta_cen","68",-0.00895448548159511,0.189951255792813,-0.00883518979066177,0.195788729987975
"distancia_media_ponderada","Ta_RH_Rad","RH_cen","68",-0.000785338837438815,0.707136053912385,-0.00072723604222666,0.727205168298417
"distancia_media_ponderada","Ta_RH_Rad","RAD_cen","68",-0.0073234412068801,0.70006204652882,-0.00488188796181684,0.792396086862689
"distancia_media_ponderada","Ta_RH_Rad","Ta_cen","69",-0.00785641471152535,0.261506420605311,-0.00883518979066177,0.195788729987975
"distancia_media_ponderada","Ta_RH_Rad","RH_cen","69",-0.000447805787446677,0.832462590476045,-0.00072723604222666,0.727205168298417
"distancia_media_ponderada","Ta_RH_Rad","RAD_cen","69",-0.00431108717496957,0.816606140645823,-0.00488188796181684,0.792396086862689
"distancia_media_ponderada","Ta_RH_Rad","Ta_cen","71",-0.00833377517424376,0.23001754088177,-0.00883518979066177,0.195788729987975
"distancia_media_ponderada","Ta_RH_Rad","RH_cen","71",-0.000560844510476247,0.791176228687613,-0.00072723604222666,0.727205168298417
"distancia_media_ponderada","Ta_RH_Rad","RAD_cen","71",-0.00441444205746936,0.813108204444491,-0.00488188796181684,0.792396086862689
"distancia_media_ponderada","Ta_RH_Rad","Ta_cen","74",-0.00895630986398915,0.19294456781774,-0.00883518979066177,0.195788729987975
"distancia_media_ponderada","Ta_RH_Rad","RH_cen","74",-0.000778145842261145,0.711321067894234,-0.00072723604222666,0.727205168298417
"distancia_media_ponderada","Ta_RH_Rad","RAD_cen","74",-0.00464429982513544,0.803440747636019,-0.00488188796181684,0.792396086862689
"distancia_media_ponderada","Ta_RH_Rad","Ta_cen","75",-0.00885845103456468,0.202453525038424,-0.00883518979066177,0.195788729987975
"distancia_media_ponderada","Ta_RH_Rad","RH_cen","75",-0.000464590987142548,0.827650599567015,-0.00072723604222666,0.727205168298417
"distancia_media_ponderada","Ta_RH_Rad","RAD_cen","75",-0.00437497952566664,0.816762233579262,-0.00488188796181684,0.792396086862689
"distancia_media_ponderada","Ta_RH_Rad","Ta_cen","77",-0.00884760096375525,0.199102696116999,-0.00883518979066177,0.195788729987975
"distancia_media_ponderada","Ta_RH_Rad","RH_cen","77",-0.000653547133857978,0.757749802595657,-0.00072723604222666,0.727205168298417
"distancia_media_ponderada","Ta_RH_Rad","RAD_cen","77",-0.00441770758315393,0.813940171773637,-0.00488188796181684,0.792396086862689
"distancia_media_ponderada","Ta_RH_Rad","Ta_cen","79",-0.00815341985870077,0.245960069498729,-0.00883518979066177,0.195788729987975
"distancia_media_ponderada","Ta_RH_Rad","RH_cen","79",-0.000737200208419924,0.725407302464499,-0.00072723604222666,0.727205168298417
"distancia_media_ponderada","Ta_RH_Rad","RAD_cen","79",-0.00498668812265025,0.78973912354673,-0.00488188796181684,0.792396086862689
"distancia_media_ponderada","Ta_RH_Rad","Ta_cen","81",-0.00821042092463092,0.239165039203185,-0.00883518979066177,0.195788729987975
"distancia_media_ponderada","Ta_RH_Rad","RH_cen","81",-0.000606663839180263,0.772529656747163,-0.00072723604222666,0.727205168298417
"distancia_media_ponderada","Ta_RH_Rad","RAD_cen","81",-0.00417056536653768,0.823104510503658,-0.00488188796181684,0.792396086862689
"distancia_media_ponderada","Ta_RH_Rad","Ta_cen","82",-0.0128053316617439,0.0698045078565966,-0.00883518979066177,0.195788729987975
"distancia_media_ponderada","Ta_RH_Rad","RH_cen","82",-0.0011050007144908,0.592527159053801,-0.00072723604222666,0.727205168298417
"distancia_media_ponderada","Ta_RH_Rad","RAD_cen","82",-0.00845132676986328,0.645200284658834,-0.00488188796181684,0.792396086862689
"distancia_media_ponderada","Ta_RH_Rad","Ta_cen","83",-0.00921874766825318,0.181927118550954,-0.00883518979066177,0.195788729987975
"distancia_media_ponderada","Ta_RH_Rad","RH_cen","83",-0.000746211283541511,0.721785214213554,-0.00072723604222666,0.727205168298417
"distancia_media_ponderada","Ta_RH_Rad","RAD_cen","83",-0.00618207025432765,0.742139621331211,-0.00488188796181684,0.792396086862689
"distancia_media_ponderada","Ta_RH_Rad","Ta_cen","86",-0.00858140721308297,0.207700803551592,-0.00883518979066177,0.195788729987975
"distancia_media_ponderada","Ta_RH_Rad","RH_cen","86",-0.000264540532691477,0.900534934279193,-0.00072723604222666,0.727205168298417
"distancia_media_ponderada","Ta_RH_Rad","RAD_cen","86",-0.00199922350016503,0.914139062533732,-0.00488188796181684,0.792396086862689
"distancia_media_ponderada","Ta_RH_Rad","Ta_cen","87",-0.00804144573564828,0.245842706505004,-0.00883518979066177,0.195788729987975
"distancia_media_ponderada","Ta_RH_Rad","RH_cen","87",-0.000737330673737256,0.724595525563878,-0.00072723604222666,0.727205168298417
"distancia_media_ponderada","Ta_RH_Rad","RAD_cen","87",-0.00368064085717243,0.843919707532272,-0.00488188796181684,0.792396086862689
"distancia_media_ponderada","Ta_RH_Rad","Ta_cen","89",-0.0153344682753188,0.0288689761510324,-0.00883518979066177,0.195788729987975
"distancia_media_ponderada","Ta_RH_Rad","RH_cen","89",0.000548966571854779,0.793094804320215,-0.00072723604222666,0.727205168298417
"distancia_media_ponderada","Ta_RH_Rad","RAD_cen","89",0.00821766824090644,0.657798467951512,-0.00488188796181684,0.792396086862689
"distancia_media_ponderada","Ta_RH_Rad","Ta_cen","91",-0.00861794836912014,0.20530828004288,-0.00883518979066177,0.195788729987975
"distancia_media_ponderada","Ta_RH_Rad","RH_cen","91",-0.00106094044372599,0.611920988212379,-0.00072723604222666,0.727205168298417
"distancia_media_ponderada","Ta_RH_Rad","RAD_cen","91",-0.00516854901602569,0.780478863053167,-0.00488188796181684,0.792396086862689
"distancia_media_ponderada","Ta_RH_Rad","Ta_cen","92",-0.00659867721445691,0.346376774829007,-0.00883518979066177,0.195788729987975
"distancia_media_ponderada","Ta_RH_Rad","RH_cen","92",-0.000675691334285325,0.748185878057021,-0.00072723604222666,0.727205168298417
"distancia_media_ponderada","Ta_RH_Rad","RAD_cen","92",-0.0110186671623673,0.562957856892504,-0.00488188796181684,0.792396086862689
"distancia_media_ponderada","Ta_RH_Rad","Ta_cen","94",-0.00871034367773566,0.205568504706354,-0.00883518979066177,0.195788729987975
"distancia_media_ponderada","Ta_RH_Rad","RH_cen","94",-0.000782511723336835,0.710798400290743,-0.00072723604222666,0.727205168298417
"distancia_media_ponderada","Ta_RH_Rad","RAD_cen","94",-0.00531144494418007,0.777035014876894,-0.00488188796181684,0.792396086862689
"distancia_media_ponderada","Ta_RH_Rad","Ta_cen","97",-0.00882814933999775,0.200328711341556,-0.00883518979066177,0.195788729987975
"distancia_media_ponderada","Ta_RH_Rad","RH_cen","97",-0.000699486499057336,0.742039029980404,-0.00072723604222666,0.727205168298417
"distancia_media_ponderada","Ta_RH_Rad","RAD_cen","97",-0.00444066061490503,0.812882501203888,-0.00488188796181684,0.792396086862689
"distancia_media_ponderada","Ta_RH_Rad","Ta_cen","99",-0.00818805740223385,0.238669498105352,-0.00883518979066177,0.195788729987975
"distancia_media_ponderada","Ta_RH_Rad","RH_cen","99",-0.000556973156220018,0.791575664428924,-0.00072723604222666,0.727205168298417
"distancia_media_ponderada","Ta_RH_Rad","RAD_cen","99",-0.00545972371646254,0.769336287165167,-0.00488188796181684,0.792396086862689
"distancia_media_ponderada","Ta_RH_Rad","Ta_cen","100",-0.00869010587805852,0.207223788129893,-0.00883518979066177,0.195788729987975
"distancia_media_ponderada","Ta_RH_Rad","RH_cen","100",-0.000701075075163927,0.738985086546551,-0.00072723604222666,0.727205168298417
"distancia_media_ponderada","Ta_RH_Rad","RAD_cen","100",-0.00538781428706983,0.773842767441892,-0.00488188796181684,0.792396086862689
"distancia_media_ponderada","Ta_RH_Rad","Ta_cen","103",-0.00851619411840482,0.217370209839563,-0.00883518979066177,0.195788729987975
"distancia_media_ponderada","Ta_RH_Rad","RH_cen","103",-0.000935426307058106,0.661820424848361,-0.00072723604222666,0.727205168298417
"distancia_media_ponderada","Ta_RH_Rad","RAD_cen","103",-0.00520132182099145,0.78122917499962,-0.00488188796181684,0.792396086862689
"distancia_media_ponderada","Ta_RH_Rad","Ta_cen","104",-0.00940244203961891,0.170709791132783,-0.00883518979066177,0.195788729987975
"distancia_media_ponderada","Ta_RH_Rad","RH_cen","104",-0.000640555509905954,0.758530321727801,-0.00072723604222666,0.727205168298417
"distancia_media_ponderada","Ta_RH_Rad","RAD_cen","104",-0.00281833182190404,0.880181659064871,-0.00488188796181684,0.792396086862689
